OSS_CVC_7.00b-x86_64-rhel6x of 07/07/14 (Linux-elf).
Copyright (c) 1991-2014 Tachyon Design Automation Corp.
  All Rights reserved.  Licensed software subject to prohibitions and
  restrictions.  See OSS CVC artistic license included with release.
Today is Wed Sep  2 07:58:28 2026.
**lib/sky130_fd_sc_hd.v(36100) WARN** [653] $recrem timing check min:typ:max limit expression needs parentheses under 1364 - unportable
**lib/sky130_fd_sc_hd.v(36100) WARN** [653] $recrem timing check min:typ:max 2nd limit expression needs parentheses under 1364 - unportable
**lib/sky130_fd_sc_hd.v(36101) WARN** [653] $recrem timing check min:typ:max limit expression needs parentheses under 1364 - unportable
**lib/sky130_fd_sc_hd.v(36101) WARN** [653] $recrem timing check min:typ:max 2nd limit expression needs parentheses under 1364 - unportable
**lib/sky130_fd_sc_hd.v(36102) WARN** [653] $setuphold timing check min:typ:max limit expression needs parentheses under 1364 - unportable
**lib/sky130_fd_sc_hd.v(36102) WARN** [653] $setuphold timing check min:typ:max 2nd limit expression needs parentheses under 1364 - unportable
**lib/sky130_fd_sc_hd.v(36102) WARN** [3153] $setuphold optional time stamp condition expression CONDB unsupported - ignored
**lib/sky130_fd_sc_hd.v(36102) WARN** [3154] $setuphold optional time check condition expression CONDB unsupported - ignored
**lib/sky130_fd_sc_hd.v(36102) WARN** [3155] $setuphold optional delayed reference variable CLKN_delayed unsupported - ignored
**lib/sky130_fd_sc_hd.v(36102) WARN** [3155] $setuphold optional delayed data variable D_delayed unsupported - ignored
**lib/sky130_fd_sc_hd.v(36103) WARN** [653] $setuphold timing check min:typ:max limit expression needs parentheses under 1364 - unportable
**lib/sky130_fd_sc_hd.v(36103) WARN** [653] $setuphold timing check min:typ:max 2nd limit expression needs parentheses under 1364 - unportable
**lib/sky130_fd_sc_hd.v(36103) WARN** [3153] $setuphold optional time stamp condition expression CONDB unsupported - ignored
**lib/sky130_fd_sc_hd.v(36103) WARN** [3154] $setuphold optional time check condition expression CONDB unsupported - ignored
**lib/sky130_fd_sc_hd.v(36103) WARN** [3155] $setuphold optional delayed reference variable CLKN_delayed unsupported - ignored
**lib/sky130_fd_sc_hd.v(36103) WARN** [3155] $setuphold optional delayed data variable D_delayed unsupported - ignored
**lib/sky130_fd_sc_hd.v(36104) WARN** [653] $setuphold timing check min:typ:max limit expression needs parentheses under 1364 - unportable
**lib/sky130_fd_sc_hd.v(36104) WARN** [653] $setuphold timing check min:typ:max 2nd limit expression needs parentheses under 1364 - unportable
**lib/sky130_fd_sc_hd.v(36104) WARN** [3153] $setuphold optional time stamp condition expression AWAKE unsupported - ignored
**lib/sky130_fd_sc_hd.v(36104) WARN** [3154] $setuphold optional time check condition expression AWAKE unsupported - ignored
**lib/sky130_fd_sc_hd.v(36104) WARN** [3155] $setuphold optional delayed reference variable SETB_delayed unsupported - ignored
**lib/sky130_fd_sc_hd.v(36104) WARN** [3155] $setuphold optional delayed data variable RESETB_delayed unsupported - ignored
**lib/sky130_fd_sc_hd.v(36105) WARN** [653] $setuphold timing check min:typ:max limit expression needs parentheses under 1364 - unportable
**lib/sky130_fd_sc_hd.v(36105) WARN** [653] $setuphold timing check min:typ:max 2nd limit expression needs parentheses under 1364 - unportable
**lib/sky130_fd_sc_hd.v(36105) WARN** [3153] $setuphold optional time stamp condition expression AWAKE unsupported - ignored
**lib/sky130_fd_sc_hd.v(36105) WARN** [3154] $setuphold optional time check condition expression AWAKE unsupported - ignored
**lib/sky130_fd_sc_hd.v(36105) WARN** [3155] $setuphold optional delayed reference variable RESETB_delayed unsupported - ignored
**lib/sky130_fd_sc_hd.v(36105) WARN** [3155] $setuphold optional delayed data variable SETB_delayed unsupported - ignored
**lib/sky130_fd_sc_hd.v(36106) WARN** [653] $width timing check min:typ:max limit expression needs parentheses under 1364 - unportable
**lib/sky130_fd_sc_hd.v(36107) WARN** [653] $width timing check min:typ:max limit expression needs parentheses under 1364 - unportable
**lib/sky130_fd_sc_hd.v(36108) WARN** [653] $width timing check min:typ:max limit expression needs parentheses under 1364 - unportable
**lib/sky130_fd_sc_hd.v(36109) WARN** [653] $width timing check min:typ:max limit expression needs parentheses under 1364 - unportable
**lib/sky130_fd_sc_hd.v(36110) WARN** [653] $removal timing check min:typ:max limit expression needs parentheses under 1364 - unportable
**lib/sky130_fd_sc_hd.v(36111) WARN** [653] $removal timing check min:typ:max limit expression needs parentheses under 1364 - unportable
**lib/sky130_fd_sc_hd.v(36112) WARN** [653] $recovery timing check min:typ:max limit expression needs parentheses under 1364 - unportable
**lib/sky130_fd_sc_hd.v(36113) WARN** [653] $recovery timing check min:typ:max limit expression needs parentheses under 1364 - unportable
**lib/sky130_fd_sc_hd.v(36317) WARN** [653] $recrem timing check min:typ:max limit expression needs parentheses under 1364 - unportable
**lib/sky130_fd_sc_hd.v(36317) WARN** [653] $recrem timing check min:typ:max 2nd limit expression needs parentheses under 1364 - unportable
**lib/sky130_fd_sc_hd.v(36318) WARN** [653] $recrem timing check min:typ:max limit expression needs parentheses under 1364 - unportable
**lib/sky130_fd_sc_hd.v(36318) WARN** [653] $recrem timing check min:typ:max 2nd limit expression needs parentheses under 1364 - unportable
**lib/sky130_fd_sc_hd.v(36319) WARN** [653] $setuphold timing check min:typ:max limit expression needs parentheses under 1364 - unportable
**lib/sky130_fd_sc_hd.v(36319) WARN** [653] $setuphold timing check min:typ:max 2nd limit expression needs parentheses under 1364 - unportable
**lib/sky130_fd_sc_hd.v(36319) WARN** [3153] $setuphold optional time stamp condition expression CONDB unsupported - ignored
**lib/sky130_fd_sc_hd.v(36319) WARN** [3154] $setuphold optional time check condition expression CONDB unsupported - ignored
**lib/sky130_fd_sc_hd.v(36319) WARN** [3155] $setuphold optional delayed reference variable CLKN_delayed unsupported - ignored
**lib/sky130_fd_sc_hd.v(36319) WARN** [3155] $setuphold optional delayed data variable D_delayed unsupported - ignored
**lib/sky130_fd_sc_hd.v(36320) WARN** [653] $setuphold timing check min:typ:max limit expression needs parentheses under 1364 - unportable
**lib/sky130_fd_sc_hd.v(36320) WARN** [653] $setuphold timing check min:typ:max 2nd limit expression needs parentheses under 1364 - unportable
**lib/sky130_fd_sc_hd.v(36320) WARN** [3153] $setuphold optional time stamp condition expression CONDB unsupported - ignored
**lib/sky130_fd_sc_hd.v(36320) WARN** [3154] $setuphold optional time check condition expression CONDB unsupported - ignored
**lib/sky130_fd_sc_hd.v(36320) WARN** [3155] $setuphold optional delayed reference variable CLKN_delayed unsupported - ignored
**lib/sky130_fd_sc_hd.v(36320) WARN** [3155] $setuphold optional delayed data variable D_delayed unsupported - ignored
**lib/sky130_fd_sc_hd.v(36321) WARN** [653] $setuphold timing check min:typ:max limit expression needs parentheses under 1364 - unportable
**lib/sky130_fd_sc_hd.v(36321) WARN** [653] $setuphold timing check min:typ:max 2nd limit expression needs parentheses under 1364 - unportable
**lib/sky130_fd_sc_hd.v(36321) WARN** [3153] $setuphold optional time stamp condition expression AWAKE unsupported - ignored
**lib/sky130_fd_sc_hd.v(36321) WARN** [3154] $setuphold optional time check condition expression AWAKE unsupported - ignored
**lib/sky130_fd_sc_hd.v(36321) WARN** [3155] $setuphold optional delayed reference variable SETB_delayed unsupported - ignored
**lib/sky130_fd_sc_hd.v(36321) WARN** [3155] $setuphold optional delayed data variable RESETB_delayed unsupported - ignored
**lib/sky130_fd_sc_hd.v(36322) WARN** [653] $setuphold timing check min:typ:max limit expression needs parentheses under 1364 - unportable
**lib/sky130_fd_sc_hd.v(36322) WARN** [653] $setuphold timing check min:typ:max 2nd limit expression needs parentheses under 1364 - unportable
**lib/sky130_fd_sc_hd.v(36322) WARN** [3153] $setuphold optional time stamp condition expression AWAKE unsupported - ignored
**lib/sky130_fd_sc_hd.v(36322) WARN** [3154] $setuphold optional time check condition expression AWAKE unsupported - ignored
**lib/sky130_fd_sc_hd.v(36322) WARN** [3155] $setuphold optional delayed reference variable RESETB_delayed unsupported - ignored
**lib/sky130_fd_sc_hd.v(36322) WARN** [3155] $setuphold optional delayed data variable SETB_delayed unsupported - ignored
**lib/sky130_fd_sc_hd.v(36323) WARN** [653] $width timing check min:typ:max limit expression needs parentheses under 1364 - unportable
**lib/sky130_fd_sc_hd.v(36324) WARN** [653] $width timing check min:typ:max limit expression needs parentheses under 1364 - unportable
**lib/sky130_fd_sc_hd.v(36325) WARN** [653] $width timing check min:typ:max limit expression needs parentheses under 1364 - unportable
**lib/sky130_fd_sc_hd.v(36326) WARN** [653] $width timing check min:typ:max limit expression needs parentheses under 1364 - unportable
**lib/sky130_fd_sc_hd.v(36901) WARN** [653] $recrem timing check min:typ:max limit expression needs parentheses under 1364 - unportable
**lib/sky130_fd_sc_hd.v(36901) WARN** [653] $recrem timing check min:typ:max 2nd limit expression needs parentheses under 1364 - unportable
**lib/sky130_fd_sc_hd.v(36902) WARN** [653] $recrem timing check min:typ:max limit expression needs parentheses under 1364 - unportable
**lib/sky130_fd_sc_hd.v(36902) WARN** [653] $recrem timing check min:typ:max 2nd limit expression needs parentheses under 1364 - unportable
**lib/sky130_fd_sc_hd.v(36903) WARN** [653] $setuphold timing check min:typ:max limit expression needs parentheses under 1364 - unportable
**lib/sky130_fd_sc_hd.v(36903) WARN** [653] $setuphold timing check min:typ:max 2nd limit expression needs parentheses under 1364 - unportable
**lib/sky130_fd_sc_hd.v(36903) WARN** [3153] $setuphold optional time stamp condition expression CONDB unsupported - ignored
**lib/sky130_fd_sc_hd.v(36903) WARN** [3154] $setuphold optional time check condition expression CONDB unsupported - ignored
**lib/sky130_fd_sc_hd.v(36903) WARN** [3155] $setuphold optional delayed reference variable CLK_delayed unsupported - ignored
**lib/sky130_fd_sc_hd.v(36903) WARN** [3155] $setuphold optional delayed data variable D_delayed unsupported - ignored
**lib/sky130_fd_sc_hd.v(36904) WARN** [653] $setuphold timing check min:typ:max limit expression needs parentheses under 1364 - unportable
**lib/sky130_fd_sc_hd.v(36904) WARN** [653] $setuphold timing check min:typ:max 2nd limit expression needs parentheses under 1364 - unportable
**lib/sky130_fd_sc_hd.v(36904) WARN** [3153] $setuphold optional time stamp condition expression CONDB unsupported - ignored
**lib/sky130_fd_sc_hd.v(36904) WARN** [3154] $setuphold optional time check condition expression CONDB unsupported - ignored
**lib/sky130_fd_sc_hd.v(36904) WARN** [3155] $setuphold optional delayed reference variable CLK_delayed unsupported - ignored
**lib/sky130_fd_sc_hd.v(36904) WARN** [3155] $setuphold optional delayed data variable D_delayed unsupported - ignored
**lib/sky130_fd_sc_hd.v(36905) WARN** [653] $setuphold timing check min:typ:max limit expression needs parentheses under 1364 - unportable
**lib/sky130_fd_sc_hd.v(36905) WARN** [653] $setuphold timing check min:typ:max 2nd limit expression needs parentheses under 1364 - unportable
**lib/sky130_fd_sc_hd.v(36905) WARN** [3153] $setuphold optional time stamp condition expression AWAKE unsupported - ignored
**lib/sky130_fd_sc_hd.v(36905) WARN** [3154] $setuphold optional time check condition expression AWAKE unsupported - ignored
**lib/sky130_fd_sc_hd.v(36905) WARN** [3155] $setuphold optional delayed reference variable SETB_delayed unsupported - ignored
**lib/sky130_fd_sc_hd.v(36905) WARN** [3155] $setuphold optional delayed data variable RESETB_delayed unsupported - ignored
**lib/sky130_fd_sc_hd.v(36906) WARN** [653] $setuphold timing check min:typ:max limit expression needs parentheses under 1364 - unportable
**lib/sky130_fd_sc_hd.v(36906) WARN** [653] $setuphold timing check min:typ:max 2nd limit expression needs parentheses under 1364 - unportable
**lib/sky130_fd_sc_hd.v(36906) WARN** [3153] $setuphold optional time stamp condition expression AWAKE unsupported - ignored
**lib/sky130_fd_sc_hd.v(36906) WARN** [3154] $setuphold optional time check condition expression AWAKE unsupported - ignored
**lib/sky130_fd_sc_hd.v(36906) WARN** [3155] $setuphold optional delayed reference variable RESETB_delayed unsupported - ignored
**lib/sky130_fd_sc_hd.v(36906) WARN** [3155] $setuphold optional delayed data variable SETB_delayed unsupported - ignored
**lib/sky130_fd_sc_hd.v(36907) WARN** [653] $width timing check min:typ:max limit expression needs parentheses under 1364 - unportable
**lib/sky130_fd_sc_hd.v(36908) WARN** [653] $width timing check min:typ:max limit expression needs parentheses under 1364 - unportable
**lib/sky130_fd_sc_hd.v(36909) WARN** [653] $width timing check min:typ:max limit expression needs parentheses under 1364 - unportable
**lib/sky130_fd_sc_hd.v(36910) WARN** [653] $width timing check min:typ:max limit expression needs parentheses under 1364 - unportable
**lib/sky130_fd_sc_hd.v(37454) WARN** [653] $recrem timing check min:typ:max limit expression needs parentheses under 1364 - unportable
**lib/sky130_fd_sc_hd.v(37454) WARN** [653] $recrem timing check min:typ:max 2nd limit expression needs parentheses under 1364 - unportable
**lib/sky130_fd_sc_hd.v(37455) WARN** [653] $setuphold timing check min:typ:max limit expression needs parentheses under 1364 - unportable
**lib/sky130_fd_sc_hd.v(37455) WARN** [653] $setuphold timing check min:typ:max 2nd limit expression needs parentheses under 1364 - unportable
**lib/sky130_fd_sc_hd.v(37455) WARN** [3153] $setuphold optional time stamp condition expression COND0 unsupported - ignored
**lib/sky130_fd_sc_hd.v(37455) WARN** [3154] $setuphold optional time check condition expression COND0 unsupported - ignored
**lib/sky130_fd_sc_hd.v(37455) WARN** [3155] $setuphold optional delayed reference variable CLK_delayed unsupported - ignored
**lib/sky130_fd_sc_hd.v(37455) WARN** [3155] $setuphold optional delayed data variable D_delayed unsupported - ignored
**lib/sky130_fd_sc_hd.v(37456) WARN** [653] $setuphold timing check min:typ:max limit expression needs parentheses under 1364 - unportable
**lib/sky130_fd_sc_hd.v(37456) WARN** [653] $setuphold timing check min:typ:max 2nd limit expression needs parentheses under 1364 - unportable
**lib/sky130_fd_sc_hd.v(37456) WARN** [3153] $setuphold optional time stamp condition expression COND0 unsupported - ignored
**lib/sky130_fd_sc_hd.v(37456) WARN** [3154] $setuphold optional time check condition expression COND0 unsupported - ignored
**lib/sky130_fd_sc_hd.v(37456) WARN** [3155] $setuphold optional delayed reference variable CLK_delayed unsupported - ignored
**lib/sky130_fd_sc_hd.v(37456) WARN** [3155] $setuphold optional delayed data variable D_delayed unsupported - ignored
**lib/sky130_fd_sc_hd.v(37457) WARN** [653] $width timing check min:typ:max limit expression needs parentheses under 1364 - unportable
**lib/sky130_fd_sc_hd.v(37458) WARN** [653] $width timing check min:typ:max limit expression needs parentheses under 1364 - unportable
**lib/sky130_fd_sc_hd.v(37459) WARN** [653] $width timing check min:typ:max limit expression needs parentheses under 1364 - unportable
**lib/sky130_fd_sc_hd.v(37646) WARN** [653] $recrem timing check min:typ:max limit expression needs parentheses under 1364 - unportable
**lib/sky130_fd_sc_hd.v(37646) WARN** [653] $recrem timing check min:typ:max 2nd limit expression needs parentheses under 1364 - unportable
**lib/sky130_fd_sc_hd.v(37647) WARN** [653] $setuphold timing check min:typ:max limit expression needs parentheses under 1364 - unportable
**lib/sky130_fd_sc_hd.v(37647) WARN** [653] $setuphold timing check min:typ:max 2nd limit expression needs parentheses under 1364 - unportable
**lib/sky130_fd_sc_hd.v(37647) WARN** [3153] $setuphold optional time stamp condition expression COND0 unsupported - ignored
**lib/sky130_fd_sc_hd.v(37647) WARN** [3154] $setuphold optional time check condition expression COND0 unsupported - ignored
**lib/sky130_fd_sc_hd.v(37647) WARN** [3155] $setuphold optional delayed reference variable CLK_delayed unsupported - ignored
**lib/sky130_fd_sc_hd.v(37647) WARN** [3155] $setuphold optional delayed data variable D_delayed unsupported - ignored
**lib/sky130_fd_sc_hd.v(37648) WARN** [653] $setuphold timing check min:typ:max limit expression needs parentheses under 1364 - unportable
**lib/sky130_fd_sc_hd.v(37648) WARN** [653] $setuphold timing check min:typ:max 2nd limit expression needs parentheses under 1364 - unportable
**lib/sky130_fd_sc_hd.v(37648) WARN** [3153] $setuphold optional time stamp condition expression COND0 unsupported - ignored
**lib/sky130_fd_sc_hd.v(37648) WARN** [3154] $setuphold optional time check condition expression COND0 unsupported - ignored
**lib/sky130_fd_sc_hd.v(37648) WARN** [3155] $setuphold optional delayed reference variable CLK_delayed unsupported - ignored
**lib/sky130_fd_sc_hd.v(37648) WARN** [3155] $setuphold optional delayed data variable D_delayed unsupported - ignored
**lib/sky130_fd_sc_hd.v(37649) WARN** [653] $width timing check min:typ:max limit expression needs parentheses under 1364 - unportable
**lib/sky130_fd_sc_hd.v(37650) WARN** [653] $width timing check min:typ:max limit expression needs parentheses under 1364 - unportable
**lib/sky130_fd_sc_hd.v(37651) WARN** [653] $width timing check min:typ:max limit expression needs parentheses under 1364 - unportable
**lib/sky130_fd_sc_hd.v(38186) WARN** [653] $recrem timing check min:typ:max limit expression needs parentheses under 1364 - unportable
**lib/sky130_fd_sc_hd.v(38186) WARN** [653] $recrem timing check min:typ:max 2nd limit expression needs parentheses under 1364 - unportable
**lib/sky130_fd_sc_hd.v(38187) WARN** [653] $setuphold timing check min:typ:max limit expression needs parentheses under 1364 - unportable
**lib/sky130_fd_sc_hd.v(38187) WARN** [653] $setuphold timing check min:typ:max 2nd limit expression needs parentheses under 1364 - unportable
**lib/sky130_fd_sc_hd.v(38187) WARN** [3153] $setuphold optional time stamp condition expression COND0 unsupported - ignored
**lib/sky130_fd_sc_hd.v(38187) WARN** [3154] $setuphold optional time check condition expression COND0 unsupported - ignored
**lib/sky130_fd_sc_hd.v(38187) WARN** [3155] $setuphold optional delayed reference variable CLKN_delayed unsupported - ignored
**lib/sky130_fd_sc_hd.v(38187) WARN** [3155] $setuphold optional delayed data variable D_delayed unsupported - ignored
**lib/sky130_fd_sc_hd.v(38188) WARN** [653] $setuphold timing check min:typ:max limit expression needs parentheses under 1364 - unportable
**lib/sky130_fd_sc_hd.v(38188) WARN** [653] $setuphold timing check min:typ:max 2nd limit expression needs parentheses under 1364 - unportable
**lib/sky130_fd_sc_hd.v(38188) WARN** [3153] $setuphold optional time stamp condition expression COND0 unsupported - ignored
**lib/sky130_fd_sc_hd.v(38188) WARN** [3154] $setuphold optional time check condition expression COND0 unsupported - ignored
**lib/sky130_fd_sc_hd.v(38188) WARN** [3155] $setuphold optional delayed reference variable CLKN_delayed unsupported - ignored
**lib/sky130_fd_sc_hd.v(38188) WARN** [3155] $setuphold optional delayed data variable D_delayed unsupported - ignored
**lib/sky130_fd_sc_hd.v(38189) WARN** [653] $width timing check min:typ:max limit expression needs parentheses under 1364 - unportable
**lib/sky130_fd_sc_hd.v(38190) WARN** [653] $width timing check min:typ:max limit expression needs parentheses under 1364 - unportable
**lib/sky130_fd_sc_hd.v(38191) WARN** [653] $width timing check min:typ:max limit expression needs parentheses under 1364 - unportable
**lib/sky130_fd_sc_hd.v(38192) WARN** [653] $removal timing check min:typ:max limit expression needs parentheses under 1364 - unportable
**lib/sky130_fd_sc_hd.v(38193) WARN** [653] $recovery timing check min:typ:max limit expression needs parentheses under 1364 - unportable
**lib/sky130_fd_sc_hd.v(38704) WARN** [653] $recrem timing check min:typ:max limit expression needs parentheses under 1364 - unportable
**lib/sky130_fd_sc_hd.v(38704) WARN** [653] $recrem timing check min:typ:max 2nd limit expression needs parentheses under 1364 - unportable
**lib/sky130_fd_sc_hd.v(38705) WARN** [653] $setuphold timing check min:typ:max limit expression needs parentheses under 1364 - unportable
**lib/sky130_fd_sc_hd.v(38705) WARN** [653] $setuphold timing check min:typ:max 2nd limit expression needs parentheses under 1364 - unportable
**lib/sky130_fd_sc_hd.v(38705) WARN** [3153] $setuphold optional time stamp condition expression COND0 unsupported - ignored
**lib/sky130_fd_sc_hd.v(38705) WARN** [3154] $setuphold optional time check condition expression COND0 unsupported - ignored
**lib/sky130_fd_sc_hd.v(38705) WARN** [3155] $setuphold optional delayed reference variable CLK_delayed unsupported - ignored
**lib/sky130_fd_sc_hd.v(38705) WARN** [3155] $setuphold optional delayed data variable D_delayed unsupported - ignored
**lib/sky130_fd_sc_hd.v(38706) WARN** [653] $setuphold timing check min:typ:max limit expression needs parentheses under 1364 - unportable
**lib/sky130_fd_sc_hd.v(38706) WARN** [653] $setuphold timing check min:typ:max 2nd limit expression needs parentheses under 1364 - unportable
**lib/sky130_fd_sc_hd.v(38706) WARN** [3153] $setuphold optional time stamp condition expression COND0 unsupported - ignored
**lib/sky130_fd_sc_hd.v(38706) WARN** [3154] $setuphold optional time check condition expression COND0 unsupported - ignored
**lib/sky130_fd_sc_hd.v(38706) WARN** [3155] $setuphold optional delayed reference variable CLK_delayed unsupported - ignored
**lib/sky130_fd_sc_hd.v(38706) WARN** [3155] $setuphold optional delayed data variable D_delayed unsupported - ignored
**lib/sky130_fd_sc_hd.v(38707) WARN** [653] $width timing check min:typ:max limit expression needs parentheses under 1364 - unportable
**lib/sky130_fd_sc_hd.v(38708) WARN** [653] $width timing check min:typ:max limit expression needs parentheses under 1364 - unportable
**lib/sky130_fd_sc_hd.v(38709) WARN** [653] $width timing check min:typ:max limit expression needs parentheses under 1364 - unportable
**lib/sky130_fd_sc_hd.v(38710) WARN** [653] $removal timing check min:typ:max limit expression needs parentheses under 1364 - unportable
**lib/sky130_fd_sc_hd.v(38711) WARN** [653] $recovery timing check min:typ:max limit expression needs parentheses under 1364 - unportable
**lib/sky130_fd_sc_hd.v(38887) WARN** [653] $recrem timing check min:typ:max limit expression needs parentheses under 1364 - unportable
**lib/sky130_fd_sc_hd.v(38887) WARN** [653] $recrem timing check min:typ:max 2nd limit expression needs parentheses under 1364 - unportable
**lib/sky130_fd_sc_hd.v(38888) WARN** [653] $setuphold timing check min:typ:max limit expression needs parentheses under 1364 - unportable
**lib/sky130_fd_sc_hd.v(38888) WARN** [653] $setuphold timing check min:typ:max 2nd limit expression needs parentheses under 1364 - unportable
**lib/sky130_fd_sc_hd.v(38888) WARN** [3153] $setuphold optional time stamp condition expression COND0 unsupported - ignored
**lib/sky130_fd_sc_hd.v(38888) WARN** [3154] $setuphold optional time check condition expression COND0 unsupported - ignored
**lib/sky130_fd_sc_hd.v(38888) WARN** [3155] $setuphold optional delayed reference variable CLK_delayed unsupported - ignored
**lib/sky130_fd_sc_hd.v(38888) WARN** [3155] $setuphold optional delayed data variable D_delayed unsupported - ignored
**lib/sky130_fd_sc_hd.v(38889) WARN** [653] $setuphold timing check min:typ:max limit expression needs parentheses under 1364 - unportable
**lib/sky130_fd_sc_hd.v(38889) WARN** [653] $setuphold timing check min:typ:max 2nd limit expression needs parentheses under 1364 - unportable
**lib/sky130_fd_sc_hd.v(38889) WARN** [3153] $setuphold optional time stamp condition expression COND0 unsupported - ignored
**lib/sky130_fd_sc_hd.v(38889) WARN** [3154] $setuphold optional time check condition expression COND0 unsupported - ignored
**lib/sky130_fd_sc_hd.v(38889) WARN** [3155] $setuphold optional delayed reference variable CLK_delayed unsupported - ignored
**lib/sky130_fd_sc_hd.v(38889) WARN** [3155] $setuphold optional delayed data variable D_delayed unsupported - ignored
**lib/sky130_fd_sc_hd.v(38890) WARN** [653] $width timing check min:typ:max limit expression needs parentheses under 1364 - unportable
**lib/sky130_fd_sc_hd.v(38891) WARN** [653] $width timing check min:typ:max limit expression needs parentheses under 1364 - unportable
**lib/sky130_fd_sc_hd.v(38892) WARN** [653] $width timing check min:typ:max limit expression needs parentheses under 1364 - unportable
**lib/sky130_fd_sc_hd.v(38893) WARN** [653] $removal timing check min:typ:max limit expression needs parentheses under 1364 - unportable
**lib/sky130_fd_sc_hd.v(38894) WARN** [653] $recovery timing check min:typ:max limit expression needs parentheses under 1364 - unportable
**lib/sky130_fd_sc_hd.v(39069) WARN** [653] $recrem timing check min:typ:max limit expression needs parentheses under 1364 - unportable
**lib/sky130_fd_sc_hd.v(39069) WARN** [653] $recrem timing check min:typ:max 2nd limit expression needs parentheses under 1364 - unportable
**lib/sky130_fd_sc_hd.v(39070) WARN** [653] $setuphold timing check min:typ:max limit expression needs parentheses under 1364 - unportable
**lib/sky130_fd_sc_hd.v(39070) WARN** [653] $setuphold timing check min:typ:max 2nd limit expression needs parentheses under 1364 - unportable
**lib/sky130_fd_sc_hd.v(39070) WARN** [3153] $setuphold optional time stamp condition expression COND0 unsupported - ignored
**lib/sky130_fd_sc_hd.v(39070) WARN** [3154] $setuphold optional time check condition expression COND0 unsupported - ignored
**lib/sky130_fd_sc_hd.v(39070) WARN** [3155] $setuphold optional delayed reference variable CLK_delayed unsupported - ignored
**lib/sky130_fd_sc_hd.v(39070) WARN** [3155] $setuphold optional delayed data variable D_delayed unsupported - ignored
**lib/sky130_fd_sc_hd.v(39071) WARN** [653] $setuphold timing check min:typ:max limit expression needs parentheses under 1364 - unportable
**lib/sky130_fd_sc_hd.v(39071) WARN** [653] $setuphold timing check min:typ:max 2nd limit expression needs parentheses under 1364 - unportable
**lib/sky130_fd_sc_hd.v(39071) WARN** [3153] $setuphold optional time stamp condition expression COND0 unsupported - ignored
**lib/sky130_fd_sc_hd.v(39071) WARN** [3154] $setuphold optional time check condition expression COND0 unsupported - ignored
**lib/sky130_fd_sc_hd.v(39071) WARN** [3155] $setuphold optional delayed reference variable CLK_delayed unsupported - ignored
**lib/sky130_fd_sc_hd.v(39071) WARN** [3155] $setuphold optional delayed data variable D_delayed unsupported - ignored
**lib/sky130_fd_sc_hd.v(39072) WARN** [653] $width timing check min:typ:max limit expression needs parentheses under 1364 - unportable
**lib/sky130_fd_sc_hd.v(39073) WARN** [653] $width timing check min:typ:max limit expression needs parentheses under 1364 - unportable
**lib/sky130_fd_sc_hd.v(39074) WARN** [653] $width timing check min:typ:max limit expression needs parentheses under 1364 - unportable
**lib/sky130_fd_sc_hd.v(39075) WARN** [653] $removal timing check min:typ:max limit expression needs parentheses under 1364 - unportable
**lib/sky130_fd_sc_hd.v(39076) WARN** [653] $recovery timing check min:typ:max limit expression needs parentheses under 1364 - unportable
**lib/sky130_fd_sc_hd.v(39607) WARN** [653] $recrem timing check min:typ:max limit expression needs parentheses under 1364 - unportable
**lib/sky130_fd_sc_hd.v(39607) WARN** [653] $recrem timing check min:typ:max 2nd limit expression needs parentheses under 1364 - unportable
**lib/sky130_fd_sc_hd.v(39608) WARN** [653] $setuphold timing check min:typ:max limit expression needs parentheses under 1364 - unportable
**lib/sky130_fd_sc_hd.v(39608) WARN** [653] $setuphold timing check min:typ:max 2nd limit expression needs parentheses under 1364 - unportable
**lib/sky130_fd_sc_hd.v(39608) WARN** [3153] $setuphold optional time stamp condition expression COND0 unsupported - ignored
**lib/sky130_fd_sc_hd.v(39608) WARN** [3154] $setuphold optional time check condition expression COND0 unsupported - ignored
**lib/sky130_fd_sc_hd.v(39608) WARN** [3155] $setuphold optional delayed reference variable CLK_delayed unsupported - ignored
**lib/sky130_fd_sc_hd.v(39608) WARN** [3155] $setuphold optional delayed data variable D_delayed unsupported - ignored
**lib/sky130_fd_sc_hd.v(39609) WARN** [653] $setuphold timing check min:typ:max limit expression needs parentheses under 1364 - unportable
**lib/sky130_fd_sc_hd.v(39609) WARN** [653] $setuphold timing check min:typ:max 2nd limit expression needs parentheses under 1364 - unportable
**lib/sky130_fd_sc_hd.v(39609) WARN** [3153] $setuphold optional time stamp condition expression COND0 unsupported - ignored
**lib/sky130_fd_sc_hd.v(39609) WARN** [3154] $setuphold optional time check condition expression COND0 unsupported - ignored
**lib/sky130_fd_sc_hd.v(39609) WARN** [3155] $setuphold optional delayed reference variable CLK_delayed unsupported - ignored
**lib/sky130_fd_sc_hd.v(39609) WARN** [3155] $setuphold optional delayed data variable D_delayed unsupported - ignored
**lib/sky130_fd_sc_hd.v(39610) WARN** [653] $width timing check min:typ:max limit expression needs parentheses under 1364 - unportable
**lib/sky130_fd_sc_hd.v(39611) WARN** [653] $width timing check min:typ:max limit expression needs parentheses under 1364 - unportable
**lib/sky130_fd_sc_hd.v(39612) WARN** [653] $width timing check min:typ:max limit expression needs parentheses under 1364 - unportable
**lib/sky130_fd_sc_hd.v(39795) WARN** [653] $recrem timing check min:typ:max limit expression needs parentheses under 1364 - unportable
**lib/sky130_fd_sc_hd.v(39795) WARN** [653] $recrem timing check min:typ:max 2nd limit expression needs parentheses under 1364 - unportable
**lib/sky130_fd_sc_hd.v(39796) WARN** [653] $setuphold timing check min:typ:max limit expression needs parentheses under 1364 - unportable
**lib/sky130_fd_sc_hd.v(39796) WARN** [653] $setuphold timing check min:typ:max 2nd limit expression needs parentheses under 1364 - unportable
**lib/sky130_fd_sc_hd.v(39796) WARN** [3153] $setuphold optional time stamp condition expression COND0 unsupported - ignored
**lib/sky130_fd_sc_hd.v(39796) WARN** [3154] $setuphold optional time check condition expression COND0 unsupported - ignored
**lib/sky130_fd_sc_hd.v(39796) WARN** [3155] $setuphold optional delayed reference variable CLK_delayed unsupported - ignored
**lib/sky130_fd_sc_hd.v(39796) WARN** [3155] $setuphold optional delayed data variable D_delayed unsupported - ignored
**lib/sky130_fd_sc_hd.v(39797) WARN** [653] $setuphold timing check min:typ:max limit expression needs parentheses under 1364 - unportable
**lib/sky130_fd_sc_hd.v(39797) WARN** [653] $setuphold timing check min:typ:max 2nd limit expression needs parentheses under 1364 - unportable
**lib/sky130_fd_sc_hd.v(39797) WARN** [3153] $setuphold optional time stamp condition expression COND0 unsupported - ignored
**lib/sky130_fd_sc_hd.v(39797) WARN** [3154] $setuphold optional time check condition expression COND0 unsupported - ignored
**lib/sky130_fd_sc_hd.v(39797) WARN** [3155] $setuphold optional delayed reference variable CLK_delayed unsupported - ignored
**lib/sky130_fd_sc_hd.v(39797) WARN** [3155] $setuphold optional delayed data variable D_delayed unsupported - ignored
**lib/sky130_fd_sc_hd.v(39798) WARN** [653] $width timing check min:typ:max limit expression needs parentheses under 1364 - unportable
**lib/sky130_fd_sc_hd.v(39799) WARN** [653] $width timing check min:typ:max limit expression needs parentheses under 1364 - unportable
**lib/sky130_fd_sc_hd.v(39800) WARN** [653] $width timing check min:typ:max limit expression needs parentheses under 1364 - unportable
**lib/sky130_fd_sc_hd.v(40316) WARN** [653] $recrem timing check min:typ:max limit expression needs parentheses under 1364 - unportable
**lib/sky130_fd_sc_hd.v(40316) WARN** [653] $recrem timing check min:typ:max 2nd limit expression needs parentheses under 1364 - unportable
**lib/sky130_fd_sc_hd.v(40317) WARN** [653] $setuphold timing check min:typ:max limit expression needs parentheses under 1364 - unportable
**lib/sky130_fd_sc_hd.v(40317) WARN** [653] $setuphold timing check min:typ:max 2nd limit expression needs parentheses under 1364 - unportable
**lib/sky130_fd_sc_hd.v(40317) WARN** [3153] $setuphold optional time stamp condition expression COND0 unsupported - ignored
**lib/sky130_fd_sc_hd.v(40317) WARN** [3154] $setuphold optional time check condition expression COND0 unsupported - ignored
**lib/sky130_fd_sc_hd.v(40317) WARN** [3155] $setuphold optional delayed reference variable CLK_delayed unsupported - ignored
**lib/sky130_fd_sc_hd.v(40317) WARN** [3155] $setuphold optional delayed data variable D_delayed unsupported - ignored
**lib/sky130_fd_sc_hd.v(40318) WARN** [653] $setuphold timing check min:typ:max limit expression needs parentheses under 1364 - unportable
**lib/sky130_fd_sc_hd.v(40318) WARN** [653] $setuphold timing check min:typ:max 2nd limit expression needs parentheses under 1364 - unportable
**lib/sky130_fd_sc_hd.v(40318) WARN** [3153] $setuphold optional time stamp condition expression COND0 unsupported - ignored
**lib/sky130_fd_sc_hd.v(40318) WARN** [3154] $setuphold optional time check condition expression COND0 unsupported - ignored
**lib/sky130_fd_sc_hd.v(40318) WARN** [3155] $setuphold optional delayed reference variable CLK_delayed unsupported - ignored
**lib/sky130_fd_sc_hd.v(40318) WARN** [3155] $setuphold optional delayed data variable D_delayed unsupported - ignored
**lib/sky130_fd_sc_hd.v(40319) WARN** [653] $width timing check min:typ:max limit expression needs parentheses under 1364 - unportable
**lib/sky130_fd_sc_hd.v(40320) WARN** [653] $width timing check min:typ:max limit expression needs parentheses under 1364 - unportable
**lib/sky130_fd_sc_hd.v(40321) WARN** [653] $width timing check min:typ:max limit expression needs parentheses under 1364 - unportable
**lib/sky130_fd_sc_hd.v(40322) WARN** [653] $removal timing check min:typ:max limit expression needs parentheses under 1364 - unportable
**lib/sky130_fd_sc_hd.v(40323) WARN** [653] $recovery timing check min:typ:max limit expression needs parentheses under 1364 - unportable
**lib/sky130_fd_sc_hd.v(40498) WARN** [653] $recrem timing check min:typ:max limit expression needs parentheses under 1364 - unportable
**lib/sky130_fd_sc_hd.v(40498) WARN** [653] $recrem timing check min:typ:max 2nd limit expression needs parentheses under 1364 - unportable
**lib/sky130_fd_sc_hd.v(40499) WARN** [653] $setuphold timing check min:typ:max limit expression needs parentheses under 1364 - unportable
**lib/sky130_fd_sc_hd.v(40499) WARN** [653] $setuphold timing check min:typ:max 2nd limit expression needs parentheses under 1364 - unportable
**lib/sky130_fd_sc_hd.v(40499) WARN** [3153] $setuphold optional time stamp condition expression COND0 unsupported - ignored
**lib/sky130_fd_sc_hd.v(40499) WARN** [3154] $setuphold optional time check condition expression COND0 unsupported - ignored
**lib/sky130_fd_sc_hd.v(40499) WARN** [3155] $setuphold optional delayed reference variable CLK_delayed unsupported - ignored
**lib/sky130_fd_sc_hd.v(40499) WARN** [3155] $setuphold optional delayed data variable D_delayed unsupported - ignored
**lib/sky130_fd_sc_hd.v(40500) WARN** [653] $setuphold timing check min:typ:max limit expression needs parentheses under 1364 - unportable
**lib/sky130_fd_sc_hd.v(40500) WARN** [653] $setuphold timing check min:typ:max 2nd limit expression needs parentheses under 1364 - unportable
**lib/sky130_fd_sc_hd.v(40500) WARN** [3153] $setuphold optional time stamp condition expression COND0 unsupported - ignored
**lib/sky130_fd_sc_hd.v(40500) WARN** [3154] $setuphold optional time check condition expression COND0 unsupported - ignored
**lib/sky130_fd_sc_hd.v(40500) WARN** [3155] $setuphold optional delayed reference variable CLK_delayed unsupported - ignored
**lib/sky130_fd_sc_hd.v(40500) WARN** [3155] $setuphold optional delayed data variable D_delayed unsupported - ignored
**lib/sky130_fd_sc_hd.v(40501) WARN** [653] $width timing check min:typ:max limit expression needs parentheses under 1364 - unportable
**lib/sky130_fd_sc_hd.v(40502) WARN** [653] $width timing check min:typ:max limit expression needs parentheses under 1364 - unportable
**lib/sky130_fd_sc_hd.v(40503) WARN** [653] $width timing check min:typ:max limit expression needs parentheses under 1364 - unportable
**lib/sky130_fd_sc_hd.v(40504) WARN** [653] $removal timing check min:typ:max limit expression needs parentheses under 1364 - unportable
**lib/sky130_fd_sc_hd.v(40505) WARN** [653] $recovery timing check min:typ:max limit expression needs parentheses under 1364 - unportable
**lib/sky130_fd_sc_hd.v(40680) WARN** [653] $recrem timing check min:typ:max limit expression needs parentheses under 1364 - unportable
**lib/sky130_fd_sc_hd.v(40680) WARN** [653] $recrem timing check min:typ:max 2nd limit expression needs parentheses under 1364 - unportable
**lib/sky130_fd_sc_hd.v(40681) WARN** [653] $setuphold timing check min:typ:max limit expression needs parentheses under 1364 - unportable
**lib/sky130_fd_sc_hd.v(40681) WARN** [653] $setuphold timing check min:typ:max 2nd limit expression needs parentheses under 1364 - unportable
**lib/sky130_fd_sc_hd.v(40681) WARN** [3153] $setuphold optional time stamp condition expression COND0 unsupported - ignored
**lib/sky130_fd_sc_hd.v(40681) WARN** [3154] $setuphold optional time check condition expression COND0 unsupported - ignored
**lib/sky130_fd_sc_hd.v(40681) WARN** [3155] $setuphold optional delayed reference variable CLK_delayed unsupported - ignored
**lib/sky130_fd_sc_hd.v(40681) WARN** [3155] $setuphold optional delayed data variable D_delayed unsupported - ignored
**lib/sky130_fd_sc_hd.v(40682) WARN** [653] $setuphold timing check min:typ:max limit expression needs parentheses under 1364 - unportable
**lib/sky130_fd_sc_hd.v(40682) WARN** [653] $setuphold timing check min:typ:max 2nd limit expression needs parentheses under 1364 - unportable
**lib/sky130_fd_sc_hd.v(40682) WARN** [3153] $setuphold optional time stamp condition expression COND0 unsupported - ignored
**lib/sky130_fd_sc_hd.v(40682) WARN** [3154] $setuphold optional time check condition expression COND0 unsupported - ignored
**lib/sky130_fd_sc_hd.v(40682) WARN** [3155] $setuphold optional delayed reference variable CLK_delayed unsupported - ignored
**lib/sky130_fd_sc_hd.v(40682) WARN** [3155] $setuphold optional delayed data variable D_delayed unsupported - ignored
**lib/sky130_fd_sc_hd.v(40683) WARN** [653] $width timing check min:typ:max limit expression needs parentheses under 1364 - unportable
**lib/sky130_fd_sc_hd.v(40684) WARN** [653] $width timing check min:typ:max limit expression needs parentheses under 1364 - unportable
**lib/sky130_fd_sc_hd.v(40685) WARN** [653] $width timing check min:typ:max limit expression needs parentheses under 1364 - unportable
**lib/sky130_fd_sc_hd.v(40686) WARN** [653] $removal timing check min:typ:max limit expression needs parentheses under 1364 - unportable
**lib/sky130_fd_sc_hd.v(40687) WARN** [653] $recovery timing check min:typ:max limit expression needs parentheses under 1364 - unportable
**lib/sky130_fd_sc_hd.v(41186) WARN** [653] $width timing check min:typ:max limit expression needs parentheses under 1364 - unportable
**lib/sky130_fd_sc_hd.v(41187) WARN** [653] $width timing check min:typ:max limit expression needs parentheses under 1364 - unportable
**lib/sky130_fd_sc_hd.v(41188) WARN** [653] $setuphold timing check min:typ:max limit expression needs parentheses under 1364 - unportable
**lib/sky130_fd_sc_hd.v(41188) WARN** [653] $setuphold timing check min:typ:max 2nd limit expression needs parentheses under 1364 - unportable
**lib/sky130_fd_sc_hd.v(41188) WARN** [3153] $setuphold optional time stamp condition expression AWAKE unsupported - ignored
**lib/sky130_fd_sc_hd.v(41188) WARN** [3154] $setuphold optional time check condition expression AWAKE unsupported - ignored
**lib/sky130_fd_sc_hd.v(41188) WARN** [3155] $setuphold optional delayed reference variable CLK_delayed unsupported - ignored
**lib/sky130_fd_sc_hd.v(41188) WARN** [3155] $setuphold optional delayed data variable D_delayed unsupported - ignored
**lib/sky130_fd_sc_hd.v(41189) WARN** [653] $setuphold timing check min:typ:max limit expression needs parentheses under 1364 - unportable
**lib/sky130_fd_sc_hd.v(41189) WARN** [653] $setuphold timing check min:typ:max 2nd limit expression needs parentheses under 1364 - unportable
**lib/sky130_fd_sc_hd.v(41189) WARN** [3153] $setuphold optional time stamp condition expression AWAKE unsupported - ignored
**lib/sky130_fd_sc_hd.v(41189) WARN** [3154] $setuphold optional time check condition expression AWAKE unsupported - ignored
**lib/sky130_fd_sc_hd.v(41189) WARN** [3155] $setuphold optional delayed reference variable CLK_delayed unsupported - ignored
**lib/sky130_fd_sc_hd.v(41189) WARN** [3155] $setuphold optional delayed data variable D_delayed unsupported - ignored
**lib/sky130_fd_sc_hd.v(41361) WARN** [653] $width timing check min:typ:max limit expression needs parentheses under 1364 - unportable
**lib/sky130_fd_sc_hd.v(41362) WARN** [653] $width timing check min:typ:max limit expression needs parentheses under 1364 - unportable
**lib/sky130_fd_sc_hd.v(41363) WARN** [653] $setuphold timing check min:typ:max limit expression needs parentheses under 1364 - unportable
**lib/sky130_fd_sc_hd.v(41363) WARN** [653] $setuphold timing check min:typ:max 2nd limit expression needs parentheses under 1364 - unportable
**lib/sky130_fd_sc_hd.v(41363) WARN** [3153] $setuphold optional time stamp condition expression AWAKE unsupported - ignored
**lib/sky130_fd_sc_hd.v(41363) WARN** [3154] $setuphold optional time check condition expression AWAKE unsupported - ignored
**lib/sky130_fd_sc_hd.v(41363) WARN** [3155] $setuphold optional delayed reference variable CLK_delayed unsupported - ignored
**lib/sky130_fd_sc_hd.v(41363) WARN** [3155] $setuphold optional delayed data variable D_delayed unsupported - ignored
**lib/sky130_fd_sc_hd.v(41364) WARN** [653] $setuphold timing check min:typ:max limit expression needs parentheses under 1364 - unportable
**lib/sky130_fd_sc_hd.v(41364) WARN** [653] $setuphold timing check min:typ:max 2nd limit expression needs parentheses under 1364 - unportable
**lib/sky130_fd_sc_hd.v(41364) WARN** [3153] $setuphold optional time stamp condition expression AWAKE unsupported - ignored
**lib/sky130_fd_sc_hd.v(41364) WARN** [3154] $setuphold optional time check condition expression AWAKE unsupported - ignored
**lib/sky130_fd_sc_hd.v(41364) WARN** [3155] $setuphold optional delayed reference variable CLK_delayed unsupported - ignored
**lib/sky130_fd_sc_hd.v(41364) WARN** [3155] $setuphold optional delayed data variable D_delayed unsupported - ignored
**lib/sky130_fd_sc_hd.v(41844) WARN** [653] $width timing check min:typ:max limit expression needs parentheses under 1364 - unportable
**lib/sky130_fd_sc_hd.v(41845) WARN** [653] $width timing check min:typ:max limit expression needs parentheses under 1364 - unportable
**lib/sky130_fd_sc_hd.v(41846) WARN** [653] $setuphold timing check min:typ:max limit expression needs parentheses under 1364 - unportable
**lib/sky130_fd_sc_hd.v(41846) WARN** [653] $setuphold timing check min:typ:max 2nd limit expression needs parentheses under 1364 - unportable
**lib/sky130_fd_sc_hd.v(41846) WARN** [3153] $setuphold optional time stamp condition expression AWAKE unsupported - ignored
**lib/sky130_fd_sc_hd.v(41846) WARN** [3154] $setuphold optional time check condition expression AWAKE unsupported - ignored
**lib/sky130_fd_sc_hd.v(41846) WARN** [3155] $setuphold optional delayed reference variable CLK_delayed unsupported - ignored
**lib/sky130_fd_sc_hd.v(41846) WARN** [3155] $setuphold optional delayed data variable D_delayed unsupported - ignored
**lib/sky130_fd_sc_hd.v(41847) WARN** [653] $setuphold timing check min:typ:max limit expression needs parentheses under 1364 - unportable
**lib/sky130_fd_sc_hd.v(41847) WARN** [653] $setuphold timing check min:typ:max 2nd limit expression needs parentheses under 1364 - unportable
**lib/sky130_fd_sc_hd.v(41847) WARN** [3153] $setuphold optional time stamp condition expression AWAKE unsupported - ignored
**lib/sky130_fd_sc_hd.v(41847) WARN** [3154] $setuphold optional time check condition expression AWAKE unsupported - ignored
**lib/sky130_fd_sc_hd.v(41847) WARN** [3155] $setuphold optional delayed reference variable CLK_delayed unsupported - ignored
**lib/sky130_fd_sc_hd.v(41847) WARN** [3155] $setuphold optional delayed data variable D_delayed unsupported - ignored
**lib/sky130_fd_sc_hd.v(42010) WARN** [653] $width timing check min:typ:max limit expression needs parentheses under 1364 - unportable
**lib/sky130_fd_sc_hd.v(42011) WARN** [653] $width timing check min:typ:max limit expression needs parentheses under 1364 - unportable
**lib/sky130_fd_sc_hd.v(42012) WARN** [653] $setuphold timing check min:typ:max limit expression needs parentheses under 1364 - unportable
**lib/sky130_fd_sc_hd.v(42012) WARN** [653] $setuphold timing check min:typ:max 2nd limit expression needs parentheses under 1364 - unportable
**lib/sky130_fd_sc_hd.v(42012) WARN** [3153] $setuphold optional time stamp condition expression AWAKE unsupported - ignored
**lib/sky130_fd_sc_hd.v(42012) WARN** [3154] $setuphold optional time check condition expression AWAKE unsupported - ignored
**lib/sky130_fd_sc_hd.v(42012) WARN** [3155] $setuphold optional delayed reference variable CLK_delayed unsupported - ignored
**lib/sky130_fd_sc_hd.v(42012) WARN** [3155] $setuphold optional delayed data variable D_delayed unsupported - ignored
**lib/sky130_fd_sc_hd.v(42013) WARN** [653] $setuphold timing check min:typ:max limit expression needs parentheses under 1364 - unportable
**lib/sky130_fd_sc_hd.v(42013) WARN** [653] $setuphold timing check min:typ:max 2nd limit expression needs parentheses under 1364 - unportable
**lib/sky130_fd_sc_hd.v(42013) WARN** [3153] $setuphold optional time stamp condition expression AWAKE unsupported - ignored
**lib/sky130_fd_sc_hd.v(42013) WARN** [3154] $setuphold optional time check condition expression AWAKE unsupported - ignored
**lib/sky130_fd_sc_hd.v(42013) WARN** [3155] $setuphold optional delayed reference variable CLK_delayed unsupported - ignored
**lib/sky130_fd_sc_hd.v(42013) WARN** [3155] $setuphold optional delayed data variable D_delayed unsupported - ignored
**lib/sky130_fd_sc_hd.v(42176) WARN** [653] $width timing check min:typ:max limit expression needs parentheses under 1364 - unportable
**lib/sky130_fd_sc_hd.v(42177) WARN** [653] $width timing check min:typ:max limit expression needs parentheses under 1364 - unportable
**lib/sky130_fd_sc_hd.v(42178) WARN** [653] $setuphold timing check min:typ:max limit expression needs parentheses under 1364 - unportable
**lib/sky130_fd_sc_hd.v(42178) WARN** [653] $setuphold timing check min:typ:max 2nd limit expression needs parentheses under 1364 - unportable
**lib/sky130_fd_sc_hd.v(42178) WARN** [3153] $setuphold optional time stamp condition expression AWAKE unsupported - ignored
**lib/sky130_fd_sc_hd.v(42178) WARN** [3154] $setuphold optional time check condition expression AWAKE unsupported - ignored
**lib/sky130_fd_sc_hd.v(42178) WARN** [3155] $setuphold optional delayed reference variable CLK_delayed unsupported - ignored
**lib/sky130_fd_sc_hd.v(42178) WARN** [3155] $setuphold optional delayed data variable D_delayed unsupported - ignored
**lib/sky130_fd_sc_hd.v(42179) WARN** [653] $setuphold timing check min:typ:max limit expression needs parentheses under 1364 - unportable
**lib/sky130_fd_sc_hd.v(42179) WARN** [653] $setuphold timing check min:typ:max 2nd limit expression needs parentheses under 1364 - unportable
**lib/sky130_fd_sc_hd.v(42179) WARN** [3153] $setuphold optional time stamp condition expression AWAKE unsupported - ignored
**lib/sky130_fd_sc_hd.v(42179) WARN** [3154] $setuphold optional time check condition expression AWAKE unsupported - ignored
**lib/sky130_fd_sc_hd.v(42179) WARN** [3155] $setuphold optional delayed reference variable CLK_delayed unsupported - ignored
**lib/sky130_fd_sc_hd.v(42179) WARN** [3155] $setuphold optional delayed data variable D_delayed unsupported - ignored
**lib/sky130_fd_sc_hd.v(43008) WARN** [653] $width timing check min:typ:max limit expression needs parentheses under 1364 - unportable
**lib/sky130_fd_sc_hd.v(43009) WARN** [653] $setuphold timing check min:typ:max limit expression needs parentheses under 1364 - unportable
**lib/sky130_fd_sc_hd.v(43009) WARN** [653] $setuphold timing check min:typ:max 2nd limit expression needs parentheses under 1364 - unportable
**lib/sky130_fd_sc_hd.v(43009) WARN** [3153] $setuphold optional time stamp condition expression AWAKE unsupported - ignored
**lib/sky130_fd_sc_hd.v(43009) WARN** [3154] $setuphold optional time check condition expression AWAKE unsupported - ignored
**lib/sky130_fd_sc_hd.v(43009) WARN** [3155] $setuphold optional delayed reference variable CLK_delayed unsupported - ignored
**lib/sky130_fd_sc_hd.v(43009) WARN** [3155] $setuphold optional delayed data variable GATE_delayed unsupported - ignored
**lib/sky130_fd_sc_hd.v(43010) WARN** [653] $setuphold timing check min:typ:max limit expression needs parentheses under 1364 - unportable
**lib/sky130_fd_sc_hd.v(43010) WARN** [653] $setuphold timing check min:typ:max 2nd limit expression needs parentheses under 1364 - unportable
**lib/sky130_fd_sc_hd.v(43010) WARN** [3153] $setuphold optional time stamp condition expression AWAKE unsupported - ignored
**lib/sky130_fd_sc_hd.v(43010) WARN** [3154] $setuphold optional time check condition expression AWAKE unsupported - ignored
**lib/sky130_fd_sc_hd.v(43010) WARN** [3155] $setuphold optional delayed reference variable CLK_delayed unsupported - ignored
**lib/sky130_fd_sc_hd.v(43010) WARN** [3155] $setuphold optional delayed data variable GATE_delayed unsupported - ignored
**lib/sky130_fd_sc_hd.v(43174) WARN** [653] $width timing check min:typ:max limit expression needs parentheses under 1364 - unportable
**lib/sky130_fd_sc_hd.v(43175) WARN** [653] $setuphold timing check min:typ:max limit expression needs parentheses under 1364 - unportable
**lib/sky130_fd_sc_hd.v(43175) WARN** [653] $setuphold timing check min:typ:max 2nd limit expression needs parentheses under 1364 - unportable
**lib/sky130_fd_sc_hd.v(43175) WARN** [3153] $setuphold optional time stamp condition expression AWAKE unsupported - ignored
**lib/sky130_fd_sc_hd.v(43175) WARN** [3154] $setuphold optional time check condition expression AWAKE unsupported - ignored
**lib/sky130_fd_sc_hd.v(43175) WARN** [3155] $setuphold optional delayed reference variable CLK_delayed unsupported - ignored
**lib/sky130_fd_sc_hd.v(43175) WARN** [3155] $setuphold optional delayed data variable GATE_delayed unsupported - ignored
**lib/sky130_fd_sc_hd.v(43176) WARN** [653] $setuphold timing check min:typ:max limit expression needs parentheses under 1364 - unportable
**lib/sky130_fd_sc_hd.v(43176) WARN** [653] $setuphold timing check min:typ:max 2nd limit expression needs parentheses under 1364 - unportable
**lib/sky130_fd_sc_hd.v(43176) WARN** [3153] $setuphold optional time stamp condition expression AWAKE unsupported - ignored
**lib/sky130_fd_sc_hd.v(43176) WARN** [3154] $setuphold optional time check condition expression AWAKE unsupported - ignored
**lib/sky130_fd_sc_hd.v(43176) WARN** [3155] $setuphold optional delayed reference variable CLK_delayed unsupported - ignored
**lib/sky130_fd_sc_hd.v(43176) WARN** [3155] $setuphold optional delayed data variable GATE_delayed unsupported - ignored
**lib/sky130_fd_sc_hd.v(43338) WARN** [653] $width timing check min:typ:max limit expression needs parentheses under 1364 - unportable
**lib/sky130_fd_sc_hd.v(43339) WARN** [653] $setuphold timing check min:typ:max limit expression needs parentheses under 1364 - unportable
**lib/sky130_fd_sc_hd.v(43339) WARN** [653] $setuphold timing check min:typ:max 2nd limit expression needs parentheses under 1364 - unportable
**lib/sky130_fd_sc_hd.v(43339) WARN** [3153] $setuphold optional time stamp condition expression AWAKE unsupported - ignored
**lib/sky130_fd_sc_hd.v(43339) WARN** [3154] $setuphold optional time check condition expression AWAKE unsupported - ignored
**lib/sky130_fd_sc_hd.v(43339) WARN** [3155] $setuphold optional delayed reference variable CLK_delayed unsupported - ignored
**lib/sky130_fd_sc_hd.v(43339) WARN** [3155] $setuphold optional delayed data variable GATE_delayed unsupported - ignored
**lib/sky130_fd_sc_hd.v(43340) WARN** [653] $setuphold timing check min:typ:max limit expression needs parentheses under 1364 - unportable
**lib/sky130_fd_sc_hd.v(43340) WARN** [653] $setuphold timing check min:typ:max 2nd limit expression needs parentheses under 1364 - unportable
**lib/sky130_fd_sc_hd.v(43340) WARN** [3153] $setuphold optional time stamp condition expression AWAKE unsupported - ignored
**lib/sky130_fd_sc_hd.v(43340) WARN** [3154] $setuphold optional time check condition expression AWAKE unsupported - ignored
**lib/sky130_fd_sc_hd.v(43340) WARN** [3155] $setuphold optional delayed reference variable CLK_delayed unsupported - ignored
**lib/sky130_fd_sc_hd.v(43340) WARN** [3155] $setuphold optional delayed data variable GATE_delayed unsupported - ignored
**lib/sky130_fd_sc_hd.v(43880) WARN** [653] $recrem timing check min:typ:max limit expression needs parentheses under 1364 - unportable
**lib/sky130_fd_sc_hd.v(43880) WARN** [653] $recrem timing check min:typ:max 2nd limit expression needs parentheses under 1364 - unportable
**lib/sky130_fd_sc_hd.v(43881) WARN** [653] $setuphold timing check min:typ:max limit expression needs parentheses under 1364 - unportable
**lib/sky130_fd_sc_hd.v(43881) WARN** [653] $setuphold timing check min:typ:max 2nd limit expression needs parentheses under 1364 - unportable
**lib/sky130_fd_sc_hd.v(43881) WARN** [3153] $setuphold optional time stamp condition expression COND0 unsupported - ignored
**lib/sky130_fd_sc_hd.v(43881) WARN** [3154] $setuphold optional time check condition expression COND0 unsupported - ignored
**lib/sky130_fd_sc_hd.v(43881) WARN** [3155] $setuphold optional delayed reference variable GATEN_delayed unsupported - ignored
**lib/sky130_fd_sc_hd.v(43881) WARN** [3155] $setuphold optional delayed data variable D_delayed unsupported - ignored
**lib/sky130_fd_sc_hd.v(43882) WARN** [653] $setuphold timing check min:typ:max limit expression needs parentheses under 1364 - unportable
**lib/sky130_fd_sc_hd.v(43882) WARN** [653] $setuphold timing check min:typ:max 2nd limit expression needs parentheses under 1364 - unportable
**lib/sky130_fd_sc_hd.v(43882) WARN** [3153] $setuphold optional time stamp condition expression COND0 unsupported - ignored
**lib/sky130_fd_sc_hd.v(43882) WARN** [3154] $setuphold optional time check condition expression COND0 unsupported - ignored
**lib/sky130_fd_sc_hd.v(43882) WARN** [3155] $setuphold optional delayed reference variable GATEN_delayed unsupported - ignored
**lib/sky130_fd_sc_hd.v(43882) WARN** [3155] $setuphold optional delayed data variable D_delayed unsupported - ignored
**lib/sky130_fd_sc_hd.v(43883) WARN** [653] $width timing check min:typ:max limit expression needs parentheses under 1364 - unportable
**lib/sky130_fd_sc_hd.v(43884) WARN** [653] $width timing check min:typ:max limit expression needs parentheses under 1364 - unportable
**lib/sky130_fd_sc_hd.v(43885) WARN** [653] $width timing check min:typ:max limit expression needs parentheses under 1364 - unportable
**lib/sky130_fd_sc_hd.v(44074) WARN** [653] $recrem timing check min:typ:max limit expression needs parentheses under 1364 - unportable
**lib/sky130_fd_sc_hd.v(44074) WARN** [653] $recrem timing check min:typ:max 2nd limit expression needs parentheses under 1364 - unportable
**lib/sky130_fd_sc_hd.v(44075) WARN** [653] $setuphold timing check min:typ:max limit expression needs parentheses under 1364 - unportable
**lib/sky130_fd_sc_hd.v(44075) WARN** [653] $setuphold timing check min:typ:max 2nd limit expression needs parentheses under 1364 - unportable
**lib/sky130_fd_sc_hd.v(44075) WARN** [3153] $setuphold optional time stamp condition expression COND0 unsupported - ignored
**lib/sky130_fd_sc_hd.v(44075) WARN** [3154] $setuphold optional time check condition expression COND0 unsupported - ignored
**lib/sky130_fd_sc_hd.v(44075) WARN** [3155] $setuphold optional delayed reference variable GATEN_delayed unsupported - ignored
**lib/sky130_fd_sc_hd.v(44075) WARN** [3155] $setuphold optional delayed data variable D_delayed unsupported - ignored
**lib/sky130_fd_sc_hd.v(44076) WARN** [653] $setuphold timing check min:typ:max limit expression needs parentheses under 1364 - unportable
**lib/sky130_fd_sc_hd.v(44076) WARN** [653] $setuphold timing check min:typ:max 2nd limit expression needs parentheses under 1364 - unportable
**lib/sky130_fd_sc_hd.v(44076) WARN** [3153] $setuphold optional time stamp condition expression COND0 unsupported - ignored
**lib/sky130_fd_sc_hd.v(44076) WARN** [3154] $setuphold optional time check condition expression COND0 unsupported - ignored
**lib/sky130_fd_sc_hd.v(44076) WARN** [3155] $setuphold optional delayed reference variable GATEN_delayed unsupported - ignored
**lib/sky130_fd_sc_hd.v(44076) WARN** [3155] $setuphold optional delayed data variable D_delayed unsupported - ignored
**lib/sky130_fd_sc_hd.v(44077) WARN** [653] $width timing check min:typ:max limit expression needs parentheses under 1364 - unportable
**lib/sky130_fd_sc_hd.v(44078) WARN** [653] $width timing check min:typ:max limit expression needs parentheses under 1364 - unportable
**lib/sky130_fd_sc_hd.v(44079) WARN** [653] $width timing check min:typ:max limit expression needs parentheses under 1364 - unportable
**lib/sky130_fd_sc_hd.v(44625) WARN** [653] $recrem timing check min:typ:max limit expression needs parentheses under 1364 - unportable
**lib/sky130_fd_sc_hd.v(44625) WARN** [653] $recrem timing check min:typ:max 2nd limit expression needs parentheses under 1364 - unportable
**lib/sky130_fd_sc_hd.v(44626) WARN** [653] $setuphold timing check min:typ:max limit expression needs parentheses under 1364 - unportable
**lib/sky130_fd_sc_hd.v(44626) WARN** [653] $setuphold timing check min:typ:max 2nd limit expression needs parentheses under 1364 - unportable
**lib/sky130_fd_sc_hd.v(44626) WARN** [3153] $setuphold optional time stamp condition expression COND0 unsupported - ignored
**lib/sky130_fd_sc_hd.v(44626) WARN** [3154] $setuphold optional time check condition expression COND0 unsupported - ignored
**lib/sky130_fd_sc_hd.v(44626) WARN** [3155] $setuphold optional delayed reference variable GATE_delayed unsupported - ignored
**lib/sky130_fd_sc_hd.v(44626) WARN** [3155] $setuphold optional delayed data variable D_delayed unsupported - ignored
**lib/sky130_fd_sc_hd.v(44627) WARN** [653] $setuphold timing check min:typ:max limit expression needs parentheses under 1364 - unportable
**lib/sky130_fd_sc_hd.v(44627) WARN** [653] $setuphold timing check min:typ:max 2nd limit expression needs parentheses under 1364 - unportable
**lib/sky130_fd_sc_hd.v(44627) WARN** [3153] $setuphold optional time stamp condition expression COND0 unsupported - ignored
**lib/sky130_fd_sc_hd.v(44627) WARN** [3154] $setuphold optional time check condition expression COND0 unsupported - ignored
**lib/sky130_fd_sc_hd.v(44627) WARN** [3155] $setuphold optional delayed reference variable GATE_delayed unsupported - ignored
**lib/sky130_fd_sc_hd.v(44627) WARN** [3155] $setuphold optional delayed data variable D_delayed unsupported - ignored
**lib/sky130_fd_sc_hd.v(44628) WARN** [653] $width timing check min:typ:max limit expression needs parentheses under 1364 - unportable
**lib/sky130_fd_sc_hd.v(44629) WARN** [653] $width timing check min:typ:max limit expression needs parentheses under 1364 - unportable
**lib/sky130_fd_sc_hd.v(44630) WARN** [653] $width timing check min:typ:max limit expression needs parentheses under 1364 - unportable
**lib/sky130_fd_sc_hd.v(44819) WARN** [653] $recrem timing check min:typ:max limit expression needs parentheses under 1364 - unportable
**lib/sky130_fd_sc_hd.v(44819) WARN** [653] $recrem timing check min:typ:max 2nd limit expression needs parentheses under 1364 - unportable
**lib/sky130_fd_sc_hd.v(44820) WARN** [653] $setuphold timing check min:typ:max limit expression needs parentheses under 1364 - unportable
**lib/sky130_fd_sc_hd.v(44820) WARN** [653] $setuphold timing check min:typ:max 2nd limit expression needs parentheses under 1364 - unportable
**lib/sky130_fd_sc_hd.v(44820) WARN** [3153] $setuphold optional time stamp condition expression COND0 unsupported - ignored
**lib/sky130_fd_sc_hd.v(44820) WARN** [3154] $setuphold optional time check condition expression COND0 unsupported - ignored
**lib/sky130_fd_sc_hd.v(44820) WARN** [3155] $setuphold optional delayed reference variable GATE_delayed unsupported - ignored
**lib/sky130_fd_sc_hd.v(44820) WARN** [3155] $setuphold optional delayed data variable D_delayed unsupported - ignored
**lib/sky130_fd_sc_hd.v(44821) WARN** [653] $setuphold timing check min:typ:max limit expression needs parentheses under 1364 - unportable
**lib/sky130_fd_sc_hd.v(44821) WARN** [653] $setuphold timing check min:typ:max 2nd limit expression needs parentheses under 1364 - unportable
**lib/sky130_fd_sc_hd.v(44821) WARN** [3153] $setuphold optional time stamp condition expression COND0 unsupported - ignored
**lib/sky130_fd_sc_hd.v(44821) WARN** [3154] $setuphold optional time check condition expression COND0 unsupported - ignored
**lib/sky130_fd_sc_hd.v(44821) WARN** [3155] $setuphold optional delayed reference variable GATE_delayed unsupported - ignored
**lib/sky130_fd_sc_hd.v(44821) WARN** [3155] $setuphold optional delayed data variable D_delayed unsupported - ignored
**lib/sky130_fd_sc_hd.v(44822) WARN** [653] $width timing check min:typ:max limit expression needs parentheses under 1364 - unportable
**lib/sky130_fd_sc_hd.v(44823) WARN** [653] $width timing check min:typ:max limit expression needs parentheses under 1364 - unportable
**lib/sky130_fd_sc_hd.v(44824) WARN** [653] $width timing check min:typ:max limit expression needs parentheses under 1364 - unportable
**lib/sky130_fd_sc_hd.v(45354) WARN** [653] $recrem timing check min:typ:max limit expression needs parentheses under 1364 - unportable
**lib/sky130_fd_sc_hd.v(45354) WARN** [653] $recrem timing check min:typ:max 2nd limit expression needs parentheses under 1364 - unportable
**lib/sky130_fd_sc_hd.v(45355) WARN** [653] $setuphold timing check min:typ:max limit expression needs parentheses under 1364 - unportable
**lib/sky130_fd_sc_hd.v(45355) WARN** [653] $setuphold timing check min:typ:max 2nd limit expression needs parentheses under 1364 - unportable
**lib/sky130_fd_sc_hd.v(45355) WARN** [3153] $setuphold optional time stamp condition expression COND0 unsupported - ignored
**lib/sky130_fd_sc_hd.v(45355) WARN** [3154] $setuphold optional time check condition expression COND0 unsupported - ignored
**lib/sky130_fd_sc_hd.v(45355) WARN** [3155] $setuphold optional delayed reference variable GATEN_delayed unsupported - ignored
**lib/sky130_fd_sc_hd.v(45355) WARN** [3155] $setuphold optional delayed data variable D_delayed unsupported - ignored
**lib/sky130_fd_sc_hd.v(45356) WARN** [653] $setuphold timing check min:typ:max limit expression needs parentheses under 1364 - unportable
**lib/sky130_fd_sc_hd.v(45356) WARN** [653] $setuphold timing check min:typ:max 2nd limit expression needs parentheses under 1364 - unportable
**lib/sky130_fd_sc_hd.v(45356) WARN** [3153] $setuphold optional time stamp condition expression COND0 unsupported - ignored
**lib/sky130_fd_sc_hd.v(45356) WARN** [3154] $setuphold optional time check condition expression COND0 unsupported - ignored
**lib/sky130_fd_sc_hd.v(45356) WARN** [3155] $setuphold optional delayed reference variable GATEN_delayed unsupported - ignored
**lib/sky130_fd_sc_hd.v(45356) WARN** [3155] $setuphold optional delayed data variable D_delayed unsupported - ignored
**lib/sky130_fd_sc_hd.v(45357) WARN** [653] $width timing check min:typ:max limit expression needs parentheses under 1364 - unportable
**lib/sky130_fd_sc_hd.v(45358) WARN** [653] $width timing check min:typ:max limit expression needs parentheses under 1364 - unportable
**lib/sky130_fd_sc_hd.v(45359) WARN** [653] $width timing check min:typ:max limit expression needs parentheses under 1364 - unportable
**lib/sky130_fd_sc_hd.v(45534) WARN** [653] $recrem timing check min:typ:max limit expression needs parentheses under 1364 - unportable
**lib/sky130_fd_sc_hd.v(45534) WARN** [653] $recrem timing check min:typ:max 2nd limit expression needs parentheses under 1364 - unportable
**lib/sky130_fd_sc_hd.v(45535) WARN** [653] $setuphold timing check min:typ:max limit expression needs parentheses under 1364 - unportable
**lib/sky130_fd_sc_hd.v(45535) WARN** [653] $setuphold timing check min:typ:max 2nd limit expression needs parentheses under 1364 - unportable
**lib/sky130_fd_sc_hd.v(45535) WARN** [3153] $setuphold optional time stamp condition expression COND0 unsupported - ignored
**lib/sky130_fd_sc_hd.v(45535) WARN** [3154] $setuphold optional time check condition expression COND0 unsupported - ignored
**lib/sky130_fd_sc_hd.v(45535) WARN** [3155] $setuphold optional delayed reference variable GATEN_delayed unsupported - ignored
**lib/sky130_fd_sc_hd.v(45535) WARN** [3155] $setuphold optional delayed data variable D_delayed unsupported - ignored
**lib/sky130_fd_sc_hd.v(45536) WARN** [653] $setuphold timing check min:typ:max limit expression needs parentheses under 1364 - unportable
**lib/sky130_fd_sc_hd.v(45536) WARN** [653] $setuphold timing check min:typ:max 2nd limit expression needs parentheses under 1364 - unportable
**lib/sky130_fd_sc_hd.v(45536) WARN** [3153] $setuphold optional time stamp condition expression COND0 unsupported - ignored
**lib/sky130_fd_sc_hd.v(45536) WARN** [3154] $setuphold optional time check condition expression COND0 unsupported - ignored
**lib/sky130_fd_sc_hd.v(45536) WARN** [3155] $setuphold optional delayed reference variable GATEN_delayed unsupported - ignored
**lib/sky130_fd_sc_hd.v(45536) WARN** [3155] $setuphold optional delayed data variable D_delayed unsupported - ignored
**lib/sky130_fd_sc_hd.v(45537) WARN** [653] $width timing check min:typ:max limit expression needs parentheses under 1364 - unportable
**lib/sky130_fd_sc_hd.v(45538) WARN** [653] $width timing check min:typ:max limit expression needs parentheses under 1364 - unportable
**lib/sky130_fd_sc_hd.v(45539) WARN** [653] $width timing check min:typ:max limit expression needs parentheses under 1364 - unportable
**lib/sky130_fd_sc_hd.v(45715) WARN** [653] $recrem timing check min:typ:max limit expression needs parentheses under 1364 - unportable
**lib/sky130_fd_sc_hd.v(45715) WARN** [653] $recrem timing check min:typ:max 2nd limit expression needs parentheses under 1364 - unportable
**lib/sky130_fd_sc_hd.v(45716) WARN** [653] $setuphold timing check min:typ:max limit expression needs parentheses under 1364 - unportable
**lib/sky130_fd_sc_hd.v(45716) WARN** [653] $setuphold timing check min:typ:max 2nd limit expression needs parentheses under 1364 - unportable
**lib/sky130_fd_sc_hd.v(45716) WARN** [3153] $setuphold optional time stamp condition expression COND0 unsupported - ignored
**lib/sky130_fd_sc_hd.v(45716) WARN** [3154] $setuphold optional time check condition expression COND0 unsupported - ignored
**lib/sky130_fd_sc_hd.v(45716) WARN** [3155] $setuphold optional delayed reference variable GATEN_delayed unsupported - ignored
**lib/sky130_fd_sc_hd.v(45716) WARN** [3155] $setuphold optional delayed data variable D_delayed unsupported - ignored
**lib/sky130_fd_sc_hd.v(45717) WARN** [653] $setuphold timing check min:typ:max limit expression needs parentheses under 1364 - unportable
**lib/sky130_fd_sc_hd.v(45717) WARN** [653] $setuphold timing check min:typ:max 2nd limit expression needs parentheses under 1364 - unportable
**lib/sky130_fd_sc_hd.v(45717) WARN** [3153] $setuphold optional time stamp condition expression COND0 unsupported - ignored
**lib/sky130_fd_sc_hd.v(45717) WARN** [3154] $setuphold optional time check condition expression COND0 unsupported - ignored
**lib/sky130_fd_sc_hd.v(45717) WARN** [3155] $setuphold optional delayed reference variable GATEN_delayed unsupported - ignored
**lib/sky130_fd_sc_hd.v(45717) WARN** [3155] $setuphold optional delayed data variable D_delayed unsupported - ignored
**lib/sky130_fd_sc_hd.v(45718) WARN** [653] $width timing check min:typ:max limit expression needs parentheses under 1364 - unportable
**lib/sky130_fd_sc_hd.v(45719) WARN** [653] $width timing check min:typ:max limit expression needs parentheses under 1364 - unportable
**lib/sky130_fd_sc_hd.v(45720) WARN** [653] $width timing check min:typ:max limit expression needs parentheses under 1364 - unportable
**lib/sky130_fd_sc_hd.v(46240) WARN** [653] $recrem timing check min:typ:max limit expression needs parentheses under 1364 - unportable
**lib/sky130_fd_sc_hd.v(46240) WARN** [653] $recrem timing check min:typ:max 2nd limit expression needs parentheses under 1364 - unportable
**lib/sky130_fd_sc_hd.v(46241) WARN** [653] $setuphold timing check min:typ:max limit expression needs parentheses under 1364 - unportable
**lib/sky130_fd_sc_hd.v(46241) WARN** [653] $setuphold timing check min:typ:max 2nd limit expression needs parentheses under 1364 - unportable
**lib/sky130_fd_sc_hd.v(46241) WARN** [3153] $setuphold optional time stamp condition expression COND0 unsupported - ignored
**lib/sky130_fd_sc_hd.v(46241) WARN** [3154] $setuphold optional time check condition expression COND0 unsupported - ignored
**lib/sky130_fd_sc_hd.v(46241) WARN** [3155] $setuphold optional delayed reference variable GATE_delayed unsupported - ignored
**lib/sky130_fd_sc_hd.v(46241) WARN** [3155] $setuphold optional delayed data variable D_delayed unsupported - ignored
**lib/sky130_fd_sc_hd.v(46242) WARN** [653] $setuphold timing check min:typ:max limit expression needs parentheses under 1364 - unportable
**lib/sky130_fd_sc_hd.v(46242) WARN** [653] $setuphold timing check min:typ:max 2nd limit expression needs parentheses under 1364 - unportable
**lib/sky130_fd_sc_hd.v(46242) WARN** [3153] $setuphold optional time stamp condition expression COND0 unsupported - ignored
**lib/sky130_fd_sc_hd.v(46242) WARN** [3154] $setuphold optional time check condition expression COND0 unsupported - ignored
**lib/sky130_fd_sc_hd.v(46242) WARN** [3155] $setuphold optional delayed reference variable GATE_delayed unsupported - ignored
**lib/sky130_fd_sc_hd.v(46242) WARN** [3155] $setuphold optional delayed data variable D_delayed unsupported - ignored
**lib/sky130_fd_sc_hd.v(46243) WARN** [653] $width timing check min:typ:max limit expression needs parentheses under 1364 - unportable
**lib/sky130_fd_sc_hd.v(46244) WARN** [653] $width timing check min:typ:max limit expression needs parentheses under 1364 - unportable
**lib/sky130_fd_sc_hd.v(46245) WARN** [653] $width timing check min:typ:max limit expression needs parentheses under 1364 - unportable
**lib/sky130_fd_sc_hd.v(46423) WARN** [653] $recrem timing check min:typ:max limit expression needs parentheses under 1364 - unportable
**lib/sky130_fd_sc_hd.v(46423) WARN** [653] $recrem timing check min:typ:max 2nd limit expression needs parentheses under 1364 - unportable
**lib/sky130_fd_sc_hd.v(46424) WARN** [653] $setuphold timing check min:typ:max limit expression needs parentheses under 1364 - unportable
**lib/sky130_fd_sc_hd.v(46424) WARN** [653] $setuphold timing check min:typ:max 2nd limit expression needs parentheses under 1364 - unportable
**lib/sky130_fd_sc_hd.v(46424) WARN** [3153] $setuphold optional time stamp condition expression COND0 unsupported - ignored
**lib/sky130_fd_sc_hd.v(46424) WARN** [3154] $setuphold optional time check condition expression COND0 unsupported - ignored
**lib/sky130_fd_sc_hd.v(46424) WARN** [3155] $setuphold optional delayed reference variable GATE_delayed unsupported - ignored
**lib/sky130_fd_sc_hd.v(46424) WARN** [3155] $setuphold optional delayed data variable D_delayed unsupported - ignored
**lib/sky130_fd_sc_hd.v(46425) WARN** [653] $setuphold timing check min:typ:max limit expression needs parentheses under 1364 - unportable
**lib/sky130_fd_sc_hd.v(46425) WARN** [653] $setuphold timing check min:typ:max 2nd limit expression needs parentheses under 1364 - unportable
**lib/sky130_fd_sc_hd.v(46425) WARN** [3153] $setuphold optional time stamp condition expression COND0 unsupported - ignored
**lib/sky130_fd_sc_hd.v(46425) WARN** [3154] $setuphold optional time check condition expression COND0 unsupported - ignored
**lib/sky130_fd_sc_hd.v(46425) WARN** [3155] $setuphold optional delayed reference variable GATE_delayed unsupported - ignored
**lib/sky130_fd_sc_hd.v(46425) WARN** [3155] $setuphold optional delayed data variable D_delayed unsupported - ignored
**lib/sky130_fd_sc_hd.v(46426) WARN** [653] $width timing check min:typ:max limit expression needs parentheses under 1364 - unportable
**lib/sky130_fd_sc_hd.v(46427) WARN** [653] $width timing check min:typ:max limit expression needs parentheses under 1364 - unportable
**lib/sky130_fd_sc_hd.v(46428) WARN** [653] $width timing check min:typ:max limit expression needs parentheses under 1364 - unportable
**lib/sky130_fd_sc_hd.v(46606) WARN** [653] $recrem timing check min:typ:max limit expression needs parentheses under 1364 - unportable
**lib/sky130_fd_sc_hd.v(46606) WARN** [653] $recrem timing check min:typ:max 2nd limit expression needs parentheses under 1364 - unportable
**lib/sky130_fd_sc_hd.v(46607) WARN** [653] $setuphold timing check min:typ:max limit expression needs parentheses under 1364 - unportable
**lib/sky130_fd_sc_hd.v(46607) WARN** [653] $setuphold timing check min:typ:max 2nd limit expression needs parentheses under 1364 - unportable
**lib/sky130_fd_sc_hd.v(46607) WARN** [3153] $setuphold optional time stamp condition expression COND0 unsupported - ignored
**lib/sky130_fd_sc_hd.v(46607) WARN** [3154] $setuphold optional time check condition expression COND0 unsupported - ignored
**lib/sky130_fd_sc_hd.v(46607) WARN** [3155] $setuphold optional delayed reference variable GATE_delayed unsupported - ignored
**lib/sky130_fd_sc_hd.v(46607) WARN** [3155] $setuphold optional delayed data variable D_delayed unsupported - ignored
**lib/sky130_fd_sc_hd.v(46608) WARN** [653] $setuphold timing check min:typ:max limit expression needs parentheses under 1364 - unportable
**lib/sky130_fd_sc_hd.v(46608) WARN** [653] $setuphold timing check min:typ:max 2nd limit expression needs parentheses under 1364 - unportable
**lib/sky130_fd_sc_hd.v(46608) WARN** [3153] $setuphold optional time stamp condition expression COND0 unsupported - ignored
**lib/sky130_fd_sc_hd.v(46608) WARN** [3154] $setuphold optional time check condition expression COND0 unsupported - ignored
**lib/sky130_fd_sc_hd.v(46608) WARN** [3155] $setuphold optional delayed reference variable GATE_delayed unsupported - ignored
**lib/sky130_fd_sc_hd.v(46608) WARN** [3155] $setuphold optional delayed data variable D_delayed unsupported - ignored
**lib/sky130_fd_sc_hd.v(46609) WARN** [653] $width timing check min:typ:max limit expression needs parentheses under 1364 - unportable
**lib/sky130_fd_sc_hd.v(46610) WARN** [653] $width timing check min:typ:max limit expression needs parentheses under 1364 - unportable
**lib/sky130_fd_sc_hd.v(46611) WARN** [653] $width timing check min:typ:max limit expression needs parentheses under 1364 - unportable
**lib/sky130_fd_sc_hd.v(47123) WARN** [653] $width timing check min:typ:max limit expression needs parentheses under 1364 - unportable
**lib/sky130_fd_sc_hd.v(47124) WARN** [653] $setuphold timing check min:typ:max limit expression needs parentheses under 1364 - unportable
**lib/sky130_fd_sc_hd.v(47124) WARN** [653] $setuphold timing check min:typ:max 2nd limit expression needs parentheses under 1364 - unportable
**lib/sky130_fd_sc_hd.v(47124) WARN** [3153] $setuphold optional time stamp condition expression AWAKE unsupported - ignored
**lib/sky130_fd_sc_hd.v(47124) WARN** [3154] $setuphold optional time check condition expression AWAKE unsupported - ignored
**lib/sky130_fd_sc_hd.v(47124) WARN** [3155] $setuphold optional delayed reference variable GATEN_delayed unsupported - ignored
**lib/sky130_fd_sc_hd.v(47124) WARN** [3155] $setuphold optional delayed data variable D_delayed unsupported - ignored
**lib/sky130_fd_sc_hd.v(47125) WARN** [653] $setuphold timing check min:typ:max limit expression needs parentheses under 1364 - unportable
**lib/sky130_fd_sc_hd.v(47125) WARN** [653] $setuphold timing check min:typ:max 2nd limit expression needs parentheses under 1364 - unportable
**lib/sky130_fd_sc_hd.v(47125) WARN** [3153] $setuphold optional time stamp condition expression AWAKE unsupported - ignored
**lib/sky130_fd_sc_hd.v(47125) WARN** [3154] $setuphold optional time check condition expression AWAKE unsupported - ignored
**lib/sky130_fd_sc_hd.v(47125) WARN** [3155] $setuphold optional delayed reference variable GATEN_delayed unsupported - ignored
**lib/sky130_fd_sc_hd.v(47125) WARN** [3155] $setuphold optional delayed data variable D_delayed unsupported - ignored
**lib/sky130_fd_sc_hd.v(47302) WARN** [653] $width timing check min:typ:max limit expression needs parentheses under 1364 - unportable
**lib/sky130_fd_sc_hd.v(47303) WARN** [653] $setuphold timing check min:typ:max limit expression needs parentheses under 1364 - unportable
**lib/sky130_fd_sc_hd.v(47303) WARN** [653] $setuphold timing check min:typ:max 2nd limit expression needs parentheses under 1364 - unportable
**lib/sky130_fd_sc_hd.v(47303) WARN** [3153] $setuphold optional time stamp condition expression AWAKE unsupported - ignored
**lib/sky130_fd_sc_hd.v(47303) WARN** [3154] $setuphold optional time check condition expression AWAKE unsupported - ignored
**lib/sky130_fd_sc_hd.v(47303) WARN** [3155] $setuphold optional delayed reference variable GATEN_delayed unsupported - ignored
**lib/sky130_fd_sc_hd.v(47303) WARN** [3155] $setuphold optional delayed data variable D_delayed unsupported - ignored
**lib/sky130_fd_sc_hd.v(47304) WARN** [653] $setuphold timing check min:typ:max limit expression needs parentheses under 1364 - unportable
**lib/sky130_fd_sc_hd.v(47304) WARN** [653] $setuphold timing check min:typ:max 2nd limit expression needs parentheses under 1364 - unportable
**lib/sky130_fd_sc_hd.v(47304) WARN** [3153] $setuphold optional time stamp condition expression AWAKE unsupported - ignored
**lib/sky130_fd_sc_hd.v(47304) WARN** [3154] $setuphold optional time check condition expression AWAKE unsupported - ignored
**lib/sky130_fd_sc_hd.v(47304) WARN** [3155] $setuphold optional delayed reference variable GATEN_delayed unsupported - ignored
**lib/sky130_fd_sc_hd.v(47304) WARN** [3155] $setuphold optional delayed data variable D_delayed unsupported - ignored
**lib/sky130_fd_sc_hd.v(47804) WARN** [653] $width timing check min:typ:max limit expression needs parentheses under 1364 - unportable
**lib/sky130_fd_sc_hd.v(47805) WARN** [653] $setuphold timing check min:typ:max limit expression needs parentheses under 1364 - unportable
**lib/sky130_fd_sc_hd.v(47805) WARN** [653] $setuphold timing check min:typ:max 2nd limit expression needs parentheses under 1364 - unportable
**lib/sky130_fd_sc_hd.v(47805) WARN** [3153] $setuphold optional time stamp condition expression AWAKE unsupported - ignored
**lib/sky130_fd_sc_hd.v(47805) WARN** [3154] $setuphold optional time check condition expression AWAKE unsupported - ignored
**lib/sky130_fd_sc_hd.v(47805) WARN** [3155] $setuphold optional delayed reference variable GATE_delayed unsupported - ignored
**lib/sky130_fd_sc_hd.v(47805) WARN** [3155] $setuphold optional delayed data variable D_delayed unsupported - ignored
**lib/sky130_fd_sc_hd.v(47806) WARN** [653] $setuphold timing check min:typ:max limit expression needs parentheses under 1364 - unportable
**lib/sky130_fd_sc_hd.v(47806) WARN** [653] $setuphold timing check min:typ:max 2nd limit expression needs parentheses under 1364 - unportable
**lib/sky130_fd_sc_hd.v(47806) WARN** [3153] $setuphold optional time stamp condition expression AWAKE unsupported - ignored
**lib/sky130_fd_sc_hd.v(47806) WARN** [3154] $setuphold optional time check condition expression AWAKE unsupported - ignored
**lib/sky130_fd_sc_hd.v(47806) WARN** [3155] $setuphold optional delayed reference variable GATE_delayed unsupported - ignored
**lib/sky130_fd_sc_hd.v(47806) WARN** [3155] $setuphold optional delayed data variable D_delayed unsupported - ignored
**lib/sky130_fd_sc_hd.v(48295) WARN** [653] $width timing check min:typ:max limit expression needs parentheses under 1364 - unportable
**lib/sky130_fd_sc_hd.v(48296) WARN** [653] $setuphold timing check min:typ:max limit expression needs parentheses under 1364 - unportable
**lib/sky130_fd_sc_hd.v(48296) WARN** [653] $setuphold timing check min:typ:max 2nd limit expression needs parentheses under 1364 - unportable
**lib/sky130_fd_sc_hd.v(48296) WARN** [3153] $setuphold optional time stamp condition expression AWAKE unsupported - ignored
**lib/sky130_fd_sc_hd.v(48296) WARN** [3154] $setuphold optional time check condition expression AWAKE unsupported - ignored
**lib/sky130_fd_sc_hd.v(48296) WARN** [3155] $setuphold optional delayed reference variable GATEN_delayed unsupported - ignored
**lib/sky130_fd_sc_hd.v(48296) WARN** [3155] $setuphold optional delayed data variable D_delayed unsupported - ignored
**lib/sky130_fd_sc_hd.v(48297) WARN** [653] $setuphold timing check min:typ:max limit expression needs parentheses under 1364 - unportable
**lib/sky130_fd_sc_hd.v(48297) WARN** [653] $setuphold timing check min:typ:max 2nd limit expression needs parentheses under 1364 - unportable
**lib/sky130_fd_sc_hd.v(48297) WARN** [3153] $setuphold optional time stamp condition expression AWAKE unsupported - ignored
**lib/sky130_fd_sc_hd.v(48297) WARN** [3154] $setuphold optional time check condition expression AWAKE unsupported - ignored
**lib/sky130_fd_sc_hd.v(48297) WARN** [3155] $setuphold optional delayed reference variable GATEN_delayed unsupported - ignored
**lib/sky130_fd_sc_hd.v(48297) WARN** [3155] $setuphold optional delayed data variable D_delayed unsupported - ignored
**lib/sky130_fd_sc_hd.v(48462) WARN** [653] $width timing check min:typ:max limit expression needs parentheses under 1364 - unportable
**lib/sky130_fd_sc_hd.v(48463) WARN** [653] $setuphold timing check min:typ:max limit expression needs parentheses under 1364 - unportable
**lib/sky130_fd_sc_hd.v(48463) WARN** [653] $setuphold timing check min:typ:max 2nd limit expression needs parentheses under 1364 - unportable
**lib/sky130_fd_sc_hd.v(48463) WARN** [3153] $setuphold optional time stamp condition expression AWAKE unsupported - ignored
**lib/sky130_fd_sc_hd.v(48463) WARN** [3154] $setuphold optional time check condition expression AWAKE unsupported - ignored
**lib/sky130_fd_sc_hd.v(48463) WARN** [3155] $setuphold optional delayed reference variable GATEN_delayed unsupported - ignored
**lib/sky130_fd_sc_hd.v(48463) WARN** [3155] $setuphold optional delayed data variable D_delayed unsupported - ignored
**lib/sky130_fd_sc_hd.v(48464) WARN** [653] $setuphold timing check min:typ:max limit expression needs parentheses under 1364 - unportable
**lib/sky130_fd_sc_hd.v(48464) WARN** [653] $setuphold timing check min:typ:max 2nd limit expression needs parentheses under 1364 - unportable
**lib/sky130_fd_sc_hd.v(48464) WARN** [3153] $setuphold optional time stamp condition expression AWAKE unsupported - ignored
**lib/sky130_fd_sc_hd.v(48464) WARN** [3154] $setuphold optional time check condition expression AWAKE unsupported - ignored
**lib/sky130_fd_sc_hd.v(48464) WARN** [3155] $setuphold optional delayed reference variable GATEN_delayed unsupported - ignored
**lib/sky130_fd_sc_hd.v(48464) WARN** [3155] $setuphold optional delayed data variable D_delayed unsupported - ignored
**lib/sky130_fd_sc_hd.v(48631) WARN** [653] $width timing check min:typ:max limit expression needs parentheses under 1364 - unportable
**lib/sky130_fd_sc_hd.v(48632) WARN** [653] $setuphold timing check min:typ:max limit expression needs parentheses under 1364 - unportable
**lib/sky130_fd_sc_hd.v(48632) WARN** [653] $setuphold timing check min:typ:max 2nd limit expression needs parentheses under 1364 - unportable
**lib/sky130_fd_sc_hd.v(48632) WARN** [3153] $setuphold optional time stamp condition expression AWAKE unsupported - ignored
**lib/sky130_fd_sc_hd.v(48632) WARN** [3154] $setuphold optional time check condition expression AWAKE unsupported - ignored
**lib/sky130_fd_sc_hd.v(48632) WARN** [3155] $setuphold optional delayed reference variable GATEN_delayed unsupported - ignored
**lib/sky130_fd_sc_hd.v(48632) WARN** [3155] $setuphold optional delayed data variable D_delayed unsupported - ignored
**lib/sky130_fd_sc_hd.v(48633) WARN** [653] $setuphold timing check min:typ:max limit expression needs parentheses under 1364 - unportable
**lib/sky130_fd_sc_hd.v(48633) WARN** [653] $setuphold timing check min:typ:max 2nd limit expression needs parentheses under 1364 - unportable
**lib/sky130_fd_sc_hd.v(48633) WARN** [3153] $setuphold optional time stamp condition expression AWAKE unsupported - ignored
**lib/sky130_fd_sc_hd.v(48633) WARN** [3154] $setuphold optional time check condition expression AWAKE unsupported - ignored
**lib/sky130_fd_sc_hd.v(48633) WARN** [3155] $setuphold optional delayed reference variable GATEN_delayed unsupported - ignored
**lib/sky130_fd_sc_hd.v(48633) WARN** [3155] $setuphold optional delayed data variable D_delayed unsupported - ignored
**lib/sky130_fd_sc_hd.v(49109) WARN** [653] $width timing check min:typ:max limit expression needs parentheses under 1364 - unportable
**lib/sky130_fd_sc_hd.v(49110) WARN** [653] $setuphold timing check min:typ:max limit expression needs parentheses under 1364 - unportable
**lib/sky130_fd_sc_hd.v(49110) WARN** [653] $setuphold timing check min:typ:max 2nd limit expression needs parentheses under 1364 - unportable
**lib/sky130_fd_sc_hd.v(49110) WARN** [3153] $setuphold optional time stamp condition expression AWAKE unsupported - ignored
**lib/sky130_fd_sc_hd.v(49110) WARN** [3154] $setuphold optional time check condition expression AWAKE unsupported - ignored
**lib/sky130_fd_sc_hd.v(49110) WARN** [3155] $setuphold optional delayed reference variable GATE_delayed unsupported - ignored
**lib/sky130_fd_sc_hd.v(49110) WARN** [3155] $setuphold optional delayed data variable D_delayed unsupported - ignored
**lib/sky130_fd_sc_hd.v(49111) WARN** [653] $setuphold timing check min:typ:max limit expression needs parentheses under 1364 - unportable
**lib/sky130_fd_sc_hd.v(49111) WARN** [653] $setuphold timing check min:typ:max 2nd limit expression needs parentheses under 1364 - unportable
**lib/sky130_fd_sc_hd.v(49111) WARN** [3153] $setuphold optional time stamp condition expression AWAKE unsupported - ignored
**lib/sky130_fd_sc_hd.v(49111) WARN** [3154] $setuphold optional time check condition expression AWAKE unsupported - ignored
**lib/sky130_fd_sc_hd.v(49111) WARN** [3155] $setuphold optional delayed reference variable GATE_delayed unsupported - ignored
**lib/sky130_fd_sc_hd.v(49111) WARN** [3155] $setuphold optional delayed data variable D_delayed unsupported - ignored
**lib/sky130_fd_sc_hd.v(53202) WARN** [653] $width timing check min:typ:max limit expression needs parentheses under 1364 - unportable
**lib/sky130_fd_sc_hd.v(53203) WARN** [653] $width timing check min:typ:max limit expression needs parentheses under 1364 - unportable
**lib/sky130_fd_sc_hd.v(53204) WARN** [653] $setuphold timing check min:typ:max limit expression needs parentheses under 1364 - unportable
**lib/sky130_fd_sc_hd.v(53204) WARN** [653] $setuphold timing check min:typ:max 2nd limit expression needs parentheses under 1364 - unportable
**lib/sky130_fd_sc_hd.v(53204) WARN** [3153] $setuphold optional time stamp condition expression AWAKE unsupported - ignored
**lib/sky130_fd_sc_hd.v(53204) WARN** [3154] $setuphold optional time check condition expression AWAKE unsupported - ignored
**lib/sky130_fd_sc_hd.v(53204) WARN** [3155] $setuphold optional delayed reference variable CLK_delayed unsupported - ignored
**lib/sky130_fd_sc_hd.v(53204) WARN** [3155] $setuphold optional delayed data variable DE_delayed unsupported - ignored
**lib/sky130_fd_sc_hd.v(53205) WARN** [653] $setuphold timing check min:typ:max limit expression needs parentheses under 1364 - unportable
**lib/sky130_fd_sc_hd.v(53205) WARN** [653] $setuphold timing check min:typ:max 2nd limit expression needs parentheses under 1364 - unportable
**lib/sky130_fd_sc_hd.v(53205) WARN** [3153] $setuphold optional time stamp condition expression AWAKE unsupported - ignored
**lib/sky130_fd_sc_hd.v(53205) WARN** [3154] $setuphold optional time check condition expression AWAKE unsupported - ignored
**lib/sky130_fd_sc_hd.v(53205) WARN** [3155] $setuphold optional delayed reference variable CLK_delayed unsupported - ignored
**lib/sky130_fd_sc_hd.v(53205) WARN** [3155] $setuphold optional delayed data variable DE_delayed unsupported - ignored
**lib/sky130_fd_sc_hd.v(53206) WARN** [653] $setuphold timing check min:typ:max limit expression needs parentheses under 1364 - unportable
**lib/sky130_fd_sc_hd.v(53206) WARN** [653] $setuphold timing check min:typ:max 2nd limit expression needs parentheses under 1364 - unportable
**lib/sky130_fd_sc_hd.v(53206) WARN** [3153] $setuphold optional time stamp condition expression COND0 unsupported - ignored
**lib/sky130_fd_sc_hd.v(53206) WARN** [3154] $setuphold optional time check condition expression COND0 unsupported - ignored
**lib/sky130_fd_sc_hd.v(53206) WARN** [3155] $setuphold optional delayed reference variable CLK_delayed unsupported - ignored
**lib/sky130_fd_sc_hd.v(53206) WARN** [3155] $setuphold optional delayed data variable D_delayed unsupported - ignored
**lib/sky130_fd_sc_hd.v(53207) WARN** [653] $setuphold timing check min:typ:max limit expression needs parentheses under 1364 - unportable
**lib/sky130_fd_sc_hd.v(53207) WARN** [653] $setuphold timing check min:typ:max 2nd limit expression needs parentheses under 1364 - unportable
**lib/sky130_fd_sc_hd.v(53207) WARN** [3153] $setuphold optional time stamp condition expression COND0 unsupported - ignored
**lib/sky130_fd_sc_hd.v(53207) WARN** [3154] $setuphold optional time check condition expression COND0 unsupported - ignored
**lib/sky130_fd_sc_hd.v(53207) WARN** [3155] $setuphold optional delayed reference variable CLK_delayed unsupported - ignored
**lib/sky130_fd_sc_hd.v(53207) WARN** [3155] $setuphold optional delayed data variable D_delayed unsupported - ignored
**lib/sky130_fd_sc_hd.v(53722) WARN** [653] $width timing check min:typ:max limit expression needs parentheses under 1364 - unportable
**lib/sky130_fd_sc_hd.v(53723) WARN** [653] $width timing check min:typ:max limit expression needs parentheses under 1364 - unportable
**lib/sky130_fd_sc_hd.v(53724) WARN** [653] $setuphold timing check min:typ:max limit expression needs parentheses under 1364 - unportable
**lib/sky130_fd_sc_hd.v(53724) WARN** [653] $setuphold timing check min:typ:max 2nd limit expression needs parentheses under 1364 - unportable
**lib/sky130_fd_sc_hd.v(53724) WARN** [3153] $setuphold optional time stamp condition expression AWAKE unsupported - ignored
**lib/sky130_fd_sc_hd.v(53724) WARN** [3154] $setuphold optional time check condition expression AWAKE unsupported - ignored
**lib/sky130_fd_sc_hd.v(53724) WARN** [3155] $setuphold optional delayed reference variable CLK_delayed unsupported - ignored
**lib/sky130_fd_sc_hd.v(53724) WARN** [3155] $setuphold optional delayed data variable DE_delayed unsupported - ignored
**lib/sky130_fd_sc_hd.v(53725) WARN** [653] $setuphold timing check min:typ:max limit expression needs parentheses under 1364 - unportable
**lib/sky130_fd_sc_hd.v(53725) WARN** [653] $setuphold timing check min:typ:max 2nd limit expression needs parentheses under 1364 - unportable
**lib/sky130_fd_sc_hd.v(53725) WARN** [3153] $setuphold optional time stamp condition expression AWAKE unsupported - ignored
**lib/sky130_fd_sc_hd.v(53725) WARN** [3154] $setuphold optional time check condition expression AWAKE unsupported - ignored
**lib/sky130_fd_sc_hd.v(53725) WARN** [3155] $setuphold optional delayed reference variable CLK_delayed unsupported - ignored
**lib/sky130_fd_sc_hd.v(53725) WARN** [3155] $setuphold optional delayed data variable DE_delayed unsupported - ignored
**lib/sky130_fd_sc_hd.v(53726) WARN** [653] $setuphold timing check min:typ:max limit expression needs parentheses under 1364 - unportable
**lib/sky130_fd_sc_hd.v(53726) WARN** [653] $setuphold timing check min:typ:max 2nd limit expression needs parentheses under 1364 - unportable
**lib/sky130_fd_sc_hd.v(53726) WARN** [3153] $setuphold optional time stamp condition expression COND0 unsupported - ignored
**lib/sky130_fd_sc_hd.v(53726) WARN** [3154] $setuphold optional time check condition expression COND0 unsupported - ignored
**lib/sky130_fd_sc_hd.v(53726) WARN** [3155] $setuphold optional delayed reference variable CLK_delayed unsupported - ignored
**lib/sky130_fd_sc_hd.v(53726) WARN** [3155] $setuphold optional delayed data variable D_delayed unsupported - ignored
**lib/sky130_fd_sc_hd.v(53727) WARN** [653] $setuphold timing check min:typ:max limit expression needs parentheses under 1364 - unportable
**lib/sky130_fd_sc_hd.v(53727) WARN** [653] $setuphold timing check min:typ:max 2nd limit expression needs parentheses under 1364 - unportable
**lib/sky130_fd_sc_hd.v(53727) WARN** [3153] $setuphold optional time stamp condition expression COND0 unsupported - ignored
**lib/sky130_fd_sc_hd.v(53727) WARN** [3154] $setuphold optional time check condition expression COND0 unsupported - ignored
**lib/sky130_fd_sc_hd.v(53727) WARN** [3155] $setuphold optional delayed reference variable CLK_delayed unsupported - ignored
**lib/sky130_fd_sc_hd.v(53727) WARN** [3155] $setuphold optional delayed data variable D_delayed unsupported - ignored
**lib/sky130_fd_sc_hd.v(66468) WARN** [653] $width timing check min:typ:max limit expression needs parentheses under 1364 - unportable
**lib/sky130_fd_sc_hd.v(66469) WARN** [653] $width timing check min:typ:max limit expression needs parentheses under 1364 - unportable
**lib/sky130_fd_sc_hd.v(66470) WARN** [653] $setuphold timing check min:typ:max limit expression needs parentheses under 1364 - unportable
**lib/sky130_fd_sc_hd.v(66470) WARN** [653] $setuphold timing check min:typ:max 2nd limit expression needs parentheses under 1364 - unportable
**lib/sky130_fd_sc_hd.v(66470) WARN** [3155] $setuphold optional delayed reference variable SLEEPB_delayed unsupported - ignored
**lib/sky130_fd_sc_hd.v(66470) WARN** [3155] $setuphold optional delayed data variable D_delayed unsupported - ignored
**lib/sky130_fd_sc_hd.v(66471) WARN** [653] $setuphold timing check min:typ:max limit expression needs parentheses under 1364 - unportable
**lib/sky130_fd_sc_hd.v(66471) WARN** [653] $setuphold timing check min:typ:max 2nd limit expression needs parentheses under 1364 - unportable
**lib/sky130_fd_sc_hd.v(66471) WARN** [3155] $setuphold optional delayed reference variable SLEEPB_delayed unsupported - ignored
**lib/sky130_fd_sc_hd.v(66471) WARN** [3155] $setuphold optional delayed data variable D_delayed unsupported - ignored
**lib/sky130_fd_sc_hd.v(113711) WARN** [653] $recrem timing check min:typ:max limit expression needs parentheses under 1364 - unportable
**lib/sky130_fd_sc_hd.v(113711) WARN** [653] $recrem timing check min:typ:max 2nd limit expression needs parentheses under 1364 - unportable
**lib/sky130_fd_sc_hd.v(113712) WARN** [653] $recrem timing check min:typ:max limit expression needs parentheses under 1364 - unportable
**lib/sky130_fd_sc_hd.v(113712) WARN** [653] $recrem timing check min:typ:max 2nd limit expression needs parentheses under 1364 - unportable
**lib/sky130_fd_sc_hd.v(113713) WARN** [653] $setuphold timing check min:typ:max limit expression needs parentheses under 1364 - unportable
**lib/sky130_fd_sc_hd.v(113713) WARN** [653] $setuphold timing check min:typ:max 2nd limit expression needs parentheses under 1364 - unportable
**lib/sky130_fd_sc_hd.v(113713) WARN** [3153] $setuphold optional time stamp condition expression COND_D unsupported - ignored
**lib/sky130_fd_sc_hd.v(113713) WARN** [3154] $setuphold optional time check condition expression COND_D unsupported - ignored
**lib/sky130_fd_sc_hd.v(113713) WARN** [3155] $setuphold optional delayed reference variable CLKN_delayed unsupported - ignored
**lib/sky130_fd_sc_hd.v(113713) WARN** [3155] $setuphold optional delayed data variable D_delayed unsupported - ignored
**lib/sky130_fd_sc_hd.v(113714) WARN** [653] $setuphold timing check min:typ:max limit expression needs parentheses under 1364 - unportable
**lib/sky130_fd_sc_hd.v(113714) WARN** [653] $setuphold timing check min:typ:max 2nd limit expression needs parentheses under 1364 - unportable
**lib/sky130_fd_sc_hd.v(113714) WARN** [3153] $setuphold optional time stamp condition expression COND_D unsupported - ignored
**lib/sky130_fd_sc_hd.v(113714) WARN** [3154] $setuphold optional time check condition expression COND_D unsupported - ignored
**lib/sky130_fd_sc_hd.v(113714) WARN** [3155] $setuphold optional delayed reference variable CLKN_delayed unsupported - ignored
**lib/sky130_fd_sc_hd.v(113714) WARN** [3155] $setuphold optional delayed data variable D_delayed unsupported - ignored
**lib/sky130_fd_sc_hd.v(113715) WARN** [653] $setuphold timing check min:typ:max limit expression needs parentheses under 1364 - unportable
**lib/sky130_fd_sc_hd.v(113715) WARN** [653] $setuphold timing check min:typ:max 2nd limit expression needs parentheses under 1364 - unportable
**lib/sky130_fd_sc_hd.v(113715) WARN** [3153] $setuphold optional time stamp condition expression COND_SCD unsupported - ignored
**lib/sky130_fd_sc_hd.v(113715) WARN** [3154] $setuphold optional time check condition expression COND_SCD unsupported - ignored
**lib/sky130_fd_sc_hd.v(113715) WARN** [3155] $setuphold optional delayed reference variable CLKN_delayed unsupported - ignored
**lib/sky130_fd_sc_hd.v(113715) WARN** [3155] $setuphold optional delayed data variable SCD_delayed unsupported - ignored
**lib/sky130_fd_sc_hd.v(113716) WARN** [653] $setuphold timing check min:typ:max limit expression needs parentheses under 1364 - unportable
**lib/sky130_fd_sc_hd.v(113716) WARN** [653] $setuphold timing check min:typ:max 2nd limit expression needs parentheses under 1364 - unportable
**lib/sky130_fd_sc_hd.v(113716) WARN** [3153] $setuphold optional time stamp condition expression COND_SCD unsupported - ignored
**lib/sky130_fd_sc_hd.v(113716) WARN** [3154] $setuphold optional time check condition expression COND_SCD unsupported - ignored
**lib/sky130_fd_sc_hd.v(113716) WARN** [3155] $setuphold optional delayed reference variable CLKN_delayed unsupported - ignored
**lib/sky130_fd_sc_hd.v(113716) WARN** [3155] $setuphold optional delayed data variable SCD_delayed unsupported - ignored
**lib/sky130_fd_sc_hd.v(113717) WARN** [653] $setuphold timing check min:typ:max limit expression needs parentheses under 1364 - unportable
**lib/sky130_fd_sc_hd.v(113717) WARN** [653] $setuphold timing check min:typ:max 2nd limit expression needs parentheses under 1364 - unportable
**lib/sky130_fd_sc_hd.v(113717) WARN** [3153] $setuphold optional time stamp condition expression COND_SCE unsupported - ignored
**lib/sky130_fd_sc_hd.v(113717) WARN** [3154] $setuphold optional time check condition expression COND_SCE unsupported - ignored
**lib/sky130_fd_sc_hd.v(113717) WARN** [3155] $setuphold optional delayed reference variable CLKN_delayed unsupported - ignored
**lib/sky130_fd_sc_hd.v(113717) WARN** [3155] $setuphold optional delayed data variable SCE_delayed unsupported - ignored
**lib/sky130_fd_sc_hd.v(113718) WARN** [653] $setuphold timing check min:typ:max limit expression needs parentheses under 1364 - unportable
**lib/sky130_fd_sc_hd.v(113718) WARN** [653] $setuphold timing check min:typ:max 2nd limit expression needs parentheses under 1364 - unportable
**lib/sky130_fd_sc_hd.v(113718) WARN** [3153] $setuphold optional time stamp condition expression COND_SCE unsupported - ignored
**lib/sky130_fd_sc_hd.v(113718) WARN** [3154] $setuphold optional time check condition expression COND_SCE unsupported - ignored
**lib/sky130_fd_sc_hd.v(113718) WARN** [3155] $setuphold optional delayed reference variable CLKN_delayed unsupported - ignored
**lib/sky130_fd_sc_hd.v(113718) WARN** [3155] $setuphold optional delayed data variable SCE_delayed unsupported - ignored
**lib/sky130_fd_sc_hd.v(113719) WARN** [653] $setuphold timing check min:typ:max limit expression needs parentheses under 1364 - unportable
**lib/sky130_fd_sc_hd.v(113719) WARN** [653] $setuphold timing check min:typ:max 2nd limit expression needs parentheses under 1364 - unportable
**lib/sky130_fd_sc_hd.v(113719) WARN** [3153] $setuphold optional time stamp condition expression AWAKE unsupported - ignored
**lib/sky130_fd_sc_hd.v(113719) WARN** [3154] $setuphold optional time check condition expression AWAKE unsupported - ignored
**lib/sky130_fd_sc_hd.v(113719) WARN** [3155] $setuphold optional delayed reference variable SETB_delayed unsupported - ignored
**lib/sky130_fd_sc_hd.v(113719) WARN** [3155] $setuphold optional delayed data variable RESETB_delayed unsupported - ignored
**lib/sky130_fd_sc_hd.v(113720) WARN** [653] $setuphold timing check min:typ:max limit expression needs parentheses under 1364 - unportable
**lib/sky130_fd_sc_hd.v(113720) WARN** [653] $setuphold timing check min:typ:max 2nd limit expression needs parentheses under 1364 - unportable
**lib/sky130_fd_sc_hd.v(113720) WARN** [3153] $setuphold optional time stamp condition expression AWAKE unsupported - ignored
**lib/sky130_fd_sc_hd.v(113720) WARN** [3154] $setuphold optional time check condition expression AWAKE unsupported - ignored
**lib/sky130_fd_sc_hd.v(113720) WARN** [3155] $setuphold optional delayed reference variable RESETB_delayed unsupported - ignored
**lib/sky130_fd_sc_hd.v(113720) WARN** [3155] $setuphold optional delayed data variable SETB_delayed unsupported - ignored
**lib/sky130_fd_sc_hd.v(113721) WARN** [653] $width timing check min:typ:max limit expression needs parentheses under 1364 - unportable
**lib/sky130_fd_sc_hd.v(113722) WARN** [653] $width timing check min:typ:max limit expression needs parentheses under 1364 - unportable
**lib/sky130_fd_sc_hd.v(113723) WARN** [653] $width timing check min:typ:max limit expression needs parentheses under 1364 - unportable
**lib/sky130_fd_sc_hd.v(113724) WARN** [653] $width timing check min:typ:max limit expression needs parentheses under 1364 - unportable
**lib/sky130_fd_sc_hd.v(113938) WARN** [653] $recrem timing check min:typ:max limit expression needs parentheses under 1364 - unportable
**lib/sky130_fd_sc_hd.v(113938) WARN** [653] $recrem timing check min:typ:max 2nd limit expression needs parentheses under 1364 - unportable
**lib/sky130_fd_sc_hd.v(113939) WARN** [653] $recrem timing check min:typ:max limit expression needs parentheses under 1364 - unportable
**lib/sky130_fd_sc_hd.v(113939) WARN** [653] $recrem timing check min:typ:max 2nd limit expression needs parentheses under 1364 - unportable
**lib/sky130_fd_sc_hd.v(113940) WARN** [653] $setuphold timing check min:typ:max limit expression needs parentheses under 1364 - unportable
**lib/sky130_fd_sc_hd.v(113940) WARN** [653] $setuphold timing check min:typ:max 2nd limit expression needs parentheses under 1364 - unportable
**lib/sky130_fd_sc_hd.v(113940) WARN** [3153] $setuphold optional time stamp condition expression COND_D unsupported - ignored
**lib/sky130_fd_sc_hd.v(113940) WARN** [3154] $setuphold optional time check condition expression COND_D unsupported - ignored
**lib/sky130_fd_sc_hd.v(113940) WARN** [3155] $setuphold optional delayed reference variable CLKN_delayed unsupported - ignored
**lib/sky130_fd_sc_hd.v(113940) WARN** [3155] $setuphold optional delayed data variable D_delayed unsupported - ignored
**lib/sky130_fd_sc_hd.v(113941) WARN** [653] $setuphold timing check min:typ:max limit expression needs parentheses under 1364 - unportable
**lib/sky130_fd_sc_hd.v(113941) WARN** [653] $setuphold timing check min:typ:max 2nd limit expression needs parentheses under 1364 - unportable
**lib/sky130_fd_sc_hd.v(113941) WARN** [3153] $setuphold optional time stamp condition expression COND_D unsupported - ignored
**lib/sky130_fd_sc_hd.v(113941) WARN** [3154] $setuphold optional time check condition expression COND_D unsupported - ignored
**lib/sky130_fd_sc_hd.v(113941) WARN** [3155] $setuphold optional delayed reference variable CLKN_delayed unsupported - ignored
**lib/sky130_fd_sc_hd.v(113941) WARN** [3155] $setuphold optional delayed data variable D_delayed unsupported - ignored
**lib/sky130_fd_sc_hd.v(113942) WARN** [653] $setuphold timing check min:typ:max limit expression needs parentheses under 1364 - unportable
**lib/sky130_fd_sc_hd.v(113942) WARN** [653] $setuphold timing check min:typ:max 2nd limit expression needs parentheses under 1364 - unportable
**lib/sky130_fd_sc_hd.v(113942) WARN** [3153] $setuphold optional time stamp condition expression COND_SCD unsupported - ignored
**lib/sky130_fd_sc_hd.v(113942) WARN** [3154] $setuphold optional time check condition expression COND_SCD unsupported - ignored
**lib/sky130_fd_sc_hd.v(113942) WARN** [3155] $setuphold optional delayed reference variable CLKN_delayed unsupported - ignored
**lib/sky130_fd_sc_hd.v(113942) WARN** [3155] $setuphold optional delayed data variable SCD_delayed unsupported - ignored
**lib/sky130_fd_sc_hd.v(113943) WARN** [653] $setuphold timing check min:typ:max limit expression needs parentheses under 1364 - unportable
**lib/sky130_fd_sc_hd.v(113943) WARN** [653] $setuphold timing check min:typ:max 2nd limit expression needs parentheses under 1364 - unportable
**lib/sky130_fd_sc_hd.v(113943) WARN** [3153] $setuphold optional time stamp condition expression COND_SCD unsupported - ignored
**lib/sky130_fd_sc_hd.v(113943) WARN** [3154] $setuphold optional time check condition expression COND_SCD unsupported - ignored
**lib/sky130_fd_sc_hd.v(113943) WARN** [3155] $setuphold optional delayed reference variable CLKN_delayed unsupported - ignored
**lib/sky130_fd_sc_hd.v(113943) WARN** [3155] $setuphold optional delayed data variable SCD_delayed unsupported - ignored
**lib/sky130_fd_sc_hd.v(113944) WARN** [653] $setuphold timing check min:typ:max limit expression needs parentheses under 1364 - unportable
**lib/sky130_fd_sc_hd.v(113944) WARN** [653] $setuphold timing check min:typ:max 2nd limit expression needs parentheses under 1364 - unportable
**lib/sky130_fd_sc_hd.v(113944) WARN** [3153] $setuphold optional time stamp condition expression COND_SCE unsupported - ignored
**lib/sky130_fd_sc_hd.v(113944) WARN** [3154] $setuphold optional time check condition expression COND_SCE unsupported - ignored
**lib/sky130_fd_sc_hd.v(113944) WARN** [3155] $setuphold optional delayed reference variable CLKN_delayed unsupported - ignored
**lib/sky130_fd_sc_hd.v(113944) WARN** [3155] $setuphold optional delayed data variable SCE_delayed unsupported - ignored
**lib/sky130_fd_sc_hd.v(113945) WARN** [653] $setuphold timing check min:typ:max limit expression needs parentheses under 1364 - unportable
**lib/sky130_fd_sc_hd.v(113945) WARN** [653] $setuphold timing check min:typ:max 2nd limit expression needs parentheses under 1364 - unportable
**lib/sky130_fd_sc_hd.v(113945) WARN** [3153] $setuphold optional time stamp condition expression COND_SCE unsupported - ignored
**lib/sky130_fd_sc_hd.v(113945) WARN** [3154] $setuphold optional time check condition expression COND_SCE unsupported - ignored
**lib/sky130_fd_sc_hd.v(113945) WARN** [3155] $setuphold optional delayed reference variable CLKN_delayed unsupported - ignored
**lib/sky130_fd_sc_hd.v(113945) WARN** [3155] $setuphold optional delayed data variable SCE_delayed unsupported - ignored
**lib/sky130_fd_sc_hd.v(113946) WARN** [653] $setuphold timing check min:typ:max limit expression needs parentheses under 1364 - unportable
**lib/sky130_fd_sc_hd.v(113946) WARN** [653] $setuphold timing check min:typ:max 2nd limit expression needs parentheses under 1364 - unportable
**lib/sky130_fd_sc_hd.v(113946) WARN** [3153] $setuphold optional time stamp condition expression AWAKE unsupported - ignored
**lib/sky130_fd_sc_hd.v(113946) WARN** [3154] $setuphold optional time check condition expression AWAKE unsupported - ignored
**lib/sky130_fd_sc_hd.v(113946) WARN** [3155] $setuphold optional delayed reference variable SETB_delayed unsupported - ignored
**lib/sky130_fd_sc_hd.v(113946) WARN** [3155] $setuphold optional delayed data variable RESETB_delayed unsupported - ignored
**lib/sky130_fd_sc_hd.v(113947) WARN** [653] $setuphold timing check min:typ:max limit expression needs parentheses under 1364 - unportable
**lib/sky130_fd_sc_hd.v(113947) WARN** [653] $setuphold timing check min:typ:max 2nd limit expression needs parentheses under 1364 - unportable
**lib/sky130_fd_sc_hd.v(113947) WARN** [3153] $setuphold optional time stamp condition expression AWAKE unsupported - ignored
**lib/sky130_fd_sc_hd.v(113947) WARN** [3154] $setuphold optional time check condition expression AWAKE unsupported - ignored
**lib/sky130_fd_sc_hd.v(113947) WARN** [3155] $setuphold optional delayed reference variable RESETB_delayed unsupported - ignored
**lib/sky130_fd_sc_hd.v(113947) WARN** [3155] $setuphold optional delayed data variable SETB_delayed unsupported - ignored
**lib/sky130_fd_sc_hd.v(113948) WARN** [653] $width timing check min:typ:max limit expression needs parentheses under 1364 - unportable
**lib/sky130_fd_sc_hd.v(113949) WARN** [653] $width timing check min:typ:max limit expression needs parentheses under 1364 - unportable
**lib/sky130_fd_sc_hd.v(113950) WARN** [653] $width timing check min:typ:max limit expression needs parentheses under 1364 - unportable
**lib/sky130_fd_sc_hd.v(113951) WARN** [653] $width timing check min:typ:max limit expression needs parentheses under 1364 - unportable
**lib/sky130_fd_sc_hd.v(114586) WARN** [653] $recrem timing check min:typ:max limit expression needs parentheses under 1364 - unportable
**lib/sky130_fd_sc_hd.v(114586) WARN** [653] $recrem timing check min:typ:max 2nd limit expression needs parentheses under 1364 - unportable
**lib/sky130_fd_sc_hd.v(114587) WARN** [653] $recrem timing check min:typ:max limit expression needs parentheses under 1364 - unportable
**lib/sky130_fd_sc_hd.v(114587) WARN** [653] $recrem timing check min:typ:max 2nd limit expression needs parentheses under 1364 - unportable
**lib/sky130_fd_sc_hd.v(114588) WARN** [653] $setuphold timing check min:typ:max limit expression needs parentheses under 1364 - unportable
**lib/sky130_fd_sc_hd.v(114588) WARN** [653] $setuphold timing check min:typ:max 2nd limit expression needs parentheses under 1364 - unportable
**lib/sky130_fd_sc_hd.v(114588) WARN** [3153] $setuphold optional time stamp condition expression COND_D unsupported - ignored
**lib/sky130_fd_sc_hd.v(114588) WARN** [3154] $setuphold optional time check condition expression COND_D unsupported - ignored
**lib/sky130_fd_sc_hd.v(114588) WARN** [3155] $setuphold optional delayed reference variable CLK_delayed unsupported - ignored
**lib/sky130_fd_sc_hd.v(114588) WARN** [3155] $setuphold optional delayed data variable D_delayed unsupported - ignored
**lib/sky130_fd_sc_hd.v(114589) WARN** [653] $setuphold timing check min:typ:max limit expression needs parentheses under 1364 - unportable
**lib/sky130_fd_sc_hd.v(114589) WARN** [653] $setuphold timing check min:typ:max 2nd limit expression needs parentheses under 1364 - unportable
**lib/sky130_fd_sc_hd.v(114589) WARN** [3153] $setuphold optional time stamp condition expression COND_D unsupported - ignored
**lib/sky130_fd_sc_hd.v(114589) WARN** [3154] $setuphold optional time check condition expression COND_D unsupported - ignored
**lib/sky130_fd_sc_hd.v(114589) WARN** [3155] $setuphold optional delayed reference variable CLK_delayed unsupported - ignored
**lib/sky130_fd_sc_hd.v(114589) WARN** [3155] $setuphold optional delayed data variable D_delayed unsupported - ignored
**lib/sky130_fd_sc_hd.v(114590) WARN** [653] $setuphold timing check min:typ:max limit expression needs parentheses under 1364 - unportable
**lib/sky130_fd_sc_hd.v(114590) WARN** [653] $setuphold timing check min:typ:max 2nd limit expression needs parentheses under 1364 - unportable
**lib/sky130_fd_sc_hd.v(114590) WARN** [3153] $setuphold optional time stamp condition expression COND_SCD unsupported - ignored
**lib/sky130_fd_sc_hd.v(114590) WARN** [3154] $setuphold optional time check condition expression COND_SCD unsupported - ignored
**lib/sky130_fd_sc_hd.v(114590) WARN** [3155] $setuphold optional delayed reference variable CLK_delayed unsupported - ignored
**lib/sky130_fd_sc_hd.v(114590) WARN** [3155] $setuphold optional delayed data variable SCD_delayed unsupported - ignored
**lib/sky130_fd_sc_hd.v(114591) WARN** [653] $setuphold timing check min:typ:max limit expression needs parentheses under 1364 - unportable
**lib/sky130_fd_sc_hd.v(114591) WARN** [653] $setuphold timing check min:typ:max 2nd limit expression needs parentheses under 1364 - unportable
**lib/sky130_fd_sc_hd.v(114591) WARN** [3153] $setuphold optional time stamp condition expression COND_SCD unsupported - ignored
**lib/sky130_fd_sc_hd.v(114591) WARN** [3154] $setuphold optional time check condition expression COND_SCD unsupported - ignored
**lib/sky130_fd_sc_hd.v(114591) WARN** [3155] $setuphold optional delayed reference variable CLK_delayed unsupported - ignored
**lib/sky130_fd_sc_hd.v(114591) WARN** [3155] $setuphold optional delayed data variable SCD_delayed unsupported - ignored
**lib/sky130_fd_sc_hd.v(114592) WARN** [653] $setuphold timing check min:typ:max limit expression needs parentheses under 1364 - unportable
**lib/sky130_fd_sc_hd.v(114592) WARN** [653] $setuphold timing check min:typ:max 2nd limit expression needs parentheses under 1364 - unportable
**lib/sky130_fd_sc_hd.v(114592) WARN** [3153] $setuphold optional time stamp condition expression COND_SCE unsupported - ignored
**lib/sky130_fd_sc_hd.v(114592) WARN** [3154] $setuphold optional time check condition expression COND_SCE unsupported - ignored
**lib/sky130_fd_sc_hd.v(114592) WARN** [3155] $setuphold optional delayed reference variable CLK_delayed unsupported - ignored
**lib/sky130_fd_sc_hd.v(114592) WARN** [3155] $setuphold optional delayed data variable SCE_delayed unsupported - ignored
**lib/sky130_fd_sc_hd.v(114593) WARN** [653] $setuphold timing check min:typ:max limit expression needs parentheses under 1364 - unportable
**lib/sky130_fd_sc_hd.v(114593) WARN** [653] $setuphold timing check min:typ:max 2nd limit expression needs parentheses under 1364 - unportable
**lib/sky130_fd_sc_hd.v(114593) WARN** [3153] $setuphold optional time stamp condition expression COND_SCE unsupported - ignored
**lib/sky130_fd_sc_hd.v(114593) WARN** [3154] $setuphold optional time check condition expression COND_SCE unsupported - ignored
**lib/sky130_fd_sc_hd.v(114593) WARN** [3155] $setuphold optional delayed reference variable CLK_delayed unsupported - ignored
**lib/sky130_fd_sc_hd.v(114593) WARN** [3155] $setuphold optional delayed data variable SCE_delayed unsupported - ignored
**lib/sky130_fd_sc_hd.v(114594) WARN** [653] $setuphold timing check min:typ:max limit expression needs parentheses under 1364 - unportable
**lib/sky130_fd_sc_hd.v(114594) WARN** [653] $setuphold timing check min:typ:max 2nd limit expression needs parentheses under 1364 - unportable
**lib/sky130_fd_sc_hd.v(114594) WARN** [3153] $setuphold optional time stamp condition expression AWAKE unsupported - ignored
**lib/sky130_fd_sc_hd.v(114594) WARN** [3154] $setuphold optional time check condition expression AWAKE unsupported - ignored
**lib/sky130_fd_sc_hd.v(114594) WARN** [3155] $setuphold optional delayed reference variable SETB_delayed unsupported - ignored
**lib/sky130_fd_sc_hd.v(114594) WARN** [3155] $setuphold optional delayed data variable RESETB_delayed unsupported - ignored
**lib/sky130_fd_sc_hd.v(114595) WARN** [653] $setuphold timing check min:typ:max limit expression needs parentheses under 1364 - unportable
**lib/sky130_fd_sc_hd.v(114595) WARN** [653] $setuphold timing check min:typ:max 2nd limit expression needs parentheses under 1364 - unportable
**lib/sky130_fd_sc_hd.v(114595) WARN** [3153] $setuphold optional time stamp condition expression AWAKE unsupported - ignored
**lib/sky130_fd_sc_hd.v(114595) WARN** [3154] $setuphold optional time check condition expression AWAKE unsupported - ignored
**lib/sky130_fd_sc_hd.v(114595) WARN** [3155] $setuphold optional delayed reference variable RESETB_delayed unsupported - ignored
**lib/sky130_fd_sc_hd.v(114595) WARN** [3155] $setuphold optional delayed data variable SETB_delayed unsupported - ignored
**lib/sky130_fd_sc_hd.v(114596) WARN** [653] $width timing check min:typ:max limit expression needs parentheses under 1364 - unportable
**lib/sky130_fd_sc_hd.v(114597) WARN** [653] $width timing check min:typ:max limit expression needs parentheses under 1364 - unportable
**lib/sky130_fd_sc_hd.v(114598) WARN** [653] $width timing check min:typ:max limit expression needs parentheses under 1364 - unportable
**lib/sky130_fd_sc_hd.v(114599) WARN** [653] $width timing check min:typ:max limit expression needs parentheses under 1364 - unportable
**lib/sky130_fd_sc_hd.v(115204) WARN** [653] $recrem timing check min:typ:max limit expression needs parentheses under 1364 - unportable
**lib/sky130_fd_sc_hd.v(115204) WARN** [653] $recrem timing check min:typ:max 2nd limit expression needs parentheses under 1364 - unportable
**lib/sky130_fd_sc_hd.v(115205) WARN** [653] $setuphold timing check min:typ:max limit expression needs parentheses under 1364 - unportable
**lib/sky130_fd_sc_hd.v(115205) WARN** [653] $setuphold timing check min:typ:max 2nd limit expression needs parentheses under 1364 - unportable
**lib/sky130_fd_sc_hd.v(115205) WARN** [3153] $setuphold optional time stamp condition expression COND1 unsupported - ignored
**lib/sky130_fd_sc_hd.v(115205) WARN** [3154] $setuphold optional time check condition expression COND1 unsupported - ignored
**lib/sky130_fd_sc_hd.v(115205) WARN** [3155] $setuphold optional delayed reference variable CLK_delayed unsupported - ignored
**lib/sky130_fd_sc_hd.v(115205) WARN** [3155] $setuphold optional delayed data variable D_delayed unsupported - ignored
**lib/sky130_fd_sc_hd.v(115206) WARN** [653] $setuphold timing check min:typ:max limit expression needs parentheses under 1364 - unportable
**lib/sky130_fd_sc_hd.v(115206) WARN** [653] $setuphold timing check min:typ:max 2nd limit expression needs parentheses under 1364 - unportable
**lib/sky130_fd_sc_hd.v(115206) WARN** [3153] $setuphold optional time stamp condition expression COND1 unsupported - ignored
**lib/sky130_fd_sc_hd.v(115206) WARN** [3154] $setuphold optional time check condition expression COND1 unsupported - ignored
**lib/sky130_fd_sc_hd.v(115206) WARN** [3155] $setuphold optional delayed reference variable CLK_delayed unsupported - ignored
**lib/sky130_fd_sc_hd.v(115206) WARN** [3155] $setuphold optional delayed data variable D_delayed unsupported - ignored
**lib/sky130_fd_sc_hd.v(115207) WARN** [653] $setuphold timing check min:typ:max limit expression needs parentheses under 1364 - unportable
**lib/sky130_fd_sc_hd.v(115207) WARN** [653] $setuphold timing check min:typ:max 2nd limit expression needs parentheses under 1364 - unportable
**lib/sky130_fd_sc_hd.v(115207) WARN** [3153] $setuphold optional time stamp condition expression COND2 unsupported - ignored
**lib/sky130_fd_sc_hd.v(115207) WARN** [3154] $setuphold optional time check condition expression COND2 unsupported - ignored
**lib/sky130_fd_sc_hd.v(115207) WARN** [3155] $setuphold optional delayed reference variable CLK_delayed unsupported - ignored
**lib/sky130_fd_sc_hd.v(115207) WARN** [3155] $setuphold optional delayed data variable SCD_delayed unsupported - ignored
**lib/sky130_fd_sc_hd.v(115208) WARN** [653] $setuphold timing check min:typ:max limit expression needs parentheses under 1364 - unportable
**lib/sky130_fd_sc_hd.v(115208) WARN** [653] $setuphold timing check min:typ:max 2nd limit expression needs parentheses under 1364 - unportable
**lib/sky130_fd_sc_hd.v(115208) WARN** [3153] $setuphold optional time stamp condition expression COND2 unsupported - ignored
**lib/sky130_fd_sc_hd.v(115208) WARN** [3154] $setuphold optional time check condition expression COND2 unsupported - ignored
**lib/sky130_fd_sc_hd.v(115208) WARN** [3155] $setuphold optional delayed reference variable CLK_delayed unsupported - ignored
**lib/sky130_fd_sc_hd.v(115208) WARN** [3155] $setuphold optional delayed data variable SCD_delayed unsupported - ignored
**lib/sky130_fd_sc_hd.v(115209) WARN** [653] $setuphold timing check min:typ:max limit expression needs parentheses under 1364 - unportable
**lib/sky130_fd_sc_hd.v(115209) WARN** [653] $setuphold timing check min:typ:max 2nd limit expression needs parentheses under 1364 - unportable
**lib/sky130_fd_sc_hd.v(115209) WARN** [3153] $setuphold optional time stamp condition expression COND3 unsupported - ignored
**lib/sky130_fd_sc_hd.v(115209) WARN** [3154] $setuphold optional time check condition expression COND3 unsupported - ignored
**lib/sky130_fd_sc_hd.v(115209) WARN** [3155] $setuphold optional delayed reference variable CLK_delayed unsupported - ignored
**lib/sky130_fd_sc_hd.v(115209) WARN** [3155] $setuphold optional delayed data variable SCE_delayed unsupported - ignored
**lib/sky130_fd_sc_hd.v(115210) WARN** [653] $setuphold timing check min:typ:max limit expression needs parentheses under 1364 - unportable
**lib/sky130_fd_sc_hd.v(115210) WARN** [653] $setuphold timing check min:typ:max 2nd limit expression needs parentheses under 1364 - unportable
**lib/sky130_fd_sc_hd.v(115210) WARN** [3153] $setuphold optional time stamp condition expression COND3 unsupported - ignored
**lib/sky130_fd_sc_hd.v(115210) WARN** [3154] $setuphold optional time check condition expression COND3 unsupported - ignored
**lib/sky130_fd_sc_hd.v(115210) WARN** [3155] $setuphold optional delayed reference variable CLK_delayed unsupported - ignored
**lib/sky130_fd_sc_hd.v(115210) WARN** [3155] $setuphold optional delayed data variable SCE_delayed unsupported - ignored
**lib/sky130_fd_sc_hd.v(115211) WARN** [653] $width timing check min:typ:max limit expression needs parentheses under 1364 - unportable
**lib/sky130_fd_sc_hd.v(115212) WARN** [653] $width timing check min:typ:max limit expression needs parentheses under 1364 - unportable
**lib/sky130_fd_sc_hd.v(115213) WARN** [653] $width timing check min:typ:max limit expression needs parentheses under 1364 - unportable
**lib/sky130_fd_sc_hd.v(115413) WARN** [653] $recrem timing check min:typ:max limit expression needs parentheses under 1364 - unportable
**lib/sky130_fd_sc_hd.v(115413) WARN** [653] $recrem timing check min:typ:max 2nd limit expression needs parentheses under 1364 - unportable
**lib/sky130_fd_sc_hd.v(115414) WARN** [653] $setuphold timing check min:typ:max limit expression needs parentheses under 1364 - unportable
**lib/sky130_fd_sc_hd.v(115414) WARN** [653] $setuphold timing check min:typ:max 2nd limit expression needs parentheses under 1364 - unportable
**lib/sky130_fd_sc_hd.v(115414) WARN** [3153] $setuphold optional time stamp condition expression COND1 unsupported - ignored
**lib/sky130_fd_sc_hd.v(115414) WARN** [3154] $setuphold optional time check condition expression COND1 unsupported - ignored
**lib/sky130_fd_sc_hd.v(115414) WARN** [3155] $setuphold optional delayed reference variable CLK_delayed unsupported - ignored
**lib/sky130_fd_sc_hd.v(115414) WARN** [3155] $setuphold optional delayed data variable D_delayed unsupported - ignored
**lib/sky130_fd_sc_hd.v(115415) WARN** [653] $setuphold timing check min:typ:max limit expression needs parentheses under 1364 - unportable
**lib/sky130_fd_sc_hd.v(115415) WARN** [653] $setuphold timing check min:typ:max 2nd limit expression needs parentheses under 1364 - unportable
**lib/sky130_fd_sc_hd.v(115415) WARN** [3153] $setuphold optional time stamp condition expression COND1 unsupported - ignored
**lib/sky130_fd_sc_hd.v(115415) WARN** [3154] $setuphold optional time check condition expression COND1 unsupported - ignored
**lib/sky130_fd_sc_hd.v(115415) WARN** [3155] $setuphold optional delayed reference variable CLK_delayed unsupported - ignored
**lib/sky130_fd_sc_hd.v(115415) WARN** [3155] $setuphold optional delayed data variable D_delayed unsupported - ignored
**lib/sky130_fd_sc_hd.v(115416) WARN** [653] $setuphold timing check min:typ:max limit expression needs parentheses under 1364 - unportable
**lib/sky130_fd_sc_hd.v(115416) WARN** [653] $setuphold timing check min:typ:max 2nd limit expression needs parentheses under 1364 - unportable
**lib/sky130_fd_sc_hd.v(115416) WARN** [3153] $setuphold optional time stamp condition expression COND2 unsupported - ignored
**lib/sky130_fd_sc_hd.v(115416) WARN** [3154] $setuphold optional time check condition expression COND2 unsupported - ignored
**lib/sky130_fd_sc_hd.v(115416) WARN** [3155] $setuphold optional delayed reference variable CLK_delayed unsupported - ignored
**lib/sky130_fd_sc_hd.v(115416) WARN** [3155] $setuphold optional delayed data variable SCD_delayed unsupported - ignored
**lib/sky130_fd_sc_hd.v(115417) WARN** [653] $setuphold timing check min:typ:max limit expression needs parentheses under 1364 - unportable
**lib/sky130_fd_sc_hd.v(115417) WARN** [653] $setuphold timing check min:typ:max 2nd limit expression needs parentheses under 1364 - unportable
**lib/sky130_fd_sc_hd.v(115417) WARN** [3153] $setuphold optional time stamp condition expression COND2 unsupported - ignored
**lib/sky130_fd_sc_hd.v(115417) WARN** [3154] $setuphold optional time check condition expression COND2 unsupported - ignored
**lib/sky130_fd_sc_hd.v(115417) WARN** [3155] $setuphold optional delayed reference variable CLK_delayed unsupported - ignored
**lib/sky130_fd_sc_hd.v(115417) WARN** [3155] $setuphold optional delayed data variable SCD_delayed unsupported - ignored
**lib/sky130_fd_sc_hd.v(115418) WARN** [653] $setuphold timing check min:typ:max limit expression needs parentheses under 1364 - unportable
**lib/sky130_fd_sc_hd.v(115418) WARN** [653] $setuphold timing check min:typ:max 2nd limit expression needs parentheses under 1364 - unportable
**lib/sky130_fd_sc_hd.v(115418) WARN** [3153] $setuphold optional time stamp condition expression COND3 unsupported - ignored
**lib/sky130_fd_sc_hd.v(115418) WARN** [3154] $setuphold optional time check condition expression COND3 unsupported - ignored
**lib/sky130_fd_sc_hd.v(115418) WARN** [3155] $setuphold optional delayed reference variable CLK_delayed unsupported - ignored
**lib/sky130_fd_sc_hd.v(115418) WARN** [3155] $setuphold optional delayed data variable SCE_delayed unsupported - ignored
**lib/sky130_fd_sc_hd.v(115419) WARN** [653] $setuphold timing check min:typ:max limit expression needs parentheses under 1364 - unportable
**lib/sky130_fd_sc_hd.v(115419) WARN** [653] $setuphold timing check min:typ:max 2nd limit expression needs parentheses under 1364 - unportable
**lib/sky130_fd_sc_hd.v(115419) WARN** [3153] $setuphold optional time stamp condition expression COND3 unsupported - ignored
**lib/sky130_fd_sc_hd.v(115419) WARN** [3154] $setuphold optional time check condition expression COND3 unsupported - ignored
**lib/sky130_fd_sc_hd.v(115419) WARN** [3155] $setuphold optional delayed reference variable CLK_delayed unsupported - ignored
**lib/sky130_fd_sc_hd.v(115419) WARN** [3155] $setuphold optional delayed data variable SCE_delayed unsupported - ignored
**lib/sky130_fd_sc_hd.v(115420) WARN** [653] $width timing check min:typ:max limit expression needs parentheses under 1364 - unportable
**lib/sky130_fd_sc_hd.v(115421) WARN** [653] $width timing check min:typ:max limit expression needs parentheses under 1364 - unportable
**lib/sky130_fd_sc_hd.v(115422) WARN** [653] $width timing check min:typ:max limit expression needs parentheses under 1364 - unportable
**lib/sky130_fd_sc_hd.v(116008) WARN** [653] $recrem timing check min:typ:max limit expression needs parentheses under 1364 - unportable
**lib/sky130_fd_sc_hd.v(116008) WARN** [653] $recrem timing check min:typ:max 2nd limit expression needs parentheses under 1364 - unportable
**lib/sky130_fd_sc_hd.v(116009) WARN** [653] $setuphold timing check min:typ:max limit expression needs parentheses under 1364 - unportable
**lib/sky130_fd_sc_hd.v(116009) WARN** [653] $setuphold timing check min:typ:max 2nd limit expression needs parentheses under 1364 - unportable
**lib/sky130_fd_sc_hd.v(116009) WARN** [3153] $setuphold optional time stamp condition expression COND1 unsupported - ignored
**lib/sky130_fd_sc_hd.v(116009) WARN** [3154] $setuphold optional time check condition expression COND1 unsupported - ignored
**lib/sky130_fd_sc_hd.v(116009) WARN** [3155] $setuphold optional delayed reference variable CLKN_delayed unsupported - ignored
**lib/sky130_fd_sc_hd.v(116009) WARN** [3155] $setuphold optional delayed data variable D_delayed unsupported - ignored
**lib/sky130_fd_sc_hd.v(116010) WARN** [653] $setuphold timing check min:typ:max limit expression needs parentheses under 1364 - unportable
**lib/sky130_fd_sc_hd.v(116010) WARN** [653] $setuphold timing check min:typ:max 2nd limit expression needs parentheses under 1364 - unportable
**lib/sky130_fd_sc_hd.v(116010) WARN** [3153] $setuphold optional time stamp condition expression COND1 unsupported - ignored
**lib/sky130_fd_sc_hd.v(116010) WARN** [3154] $setuphold optional time check condition expression COND1 unsupported - ignored
**lib/sky130_fd_sc_hd.v(116010) WARN** [3155] $setuphold optional delayed reference variable CLKN_delayed unsupported - ignored
**lib/sky130_fd_sc_hd.v(116010) WARN** [3155] $setuphold optional delayed data variable D_delayed unsupported - ignored
**lib/sky130_fd_sc_hd.v(116011) WARN** [653] $setuphold timing check min:typ:max limit expression needs parentheses under 1364 - unportable
**lib/sky130_fd_sc_hd.v(116011) WARN** [653] $setuphold timing check min:typ:max 2nd limit expression needs parentheses under 1364 - unportable
**lib/sky130_fd_sc_hd.v(116011) WARN** [3153] $setuphold optional time stamp condition expression COND2 unsupported - ignored
**lib/sky130_fd_sc_hd.v(116011) WARN** [3154] $setuphold optional time check condition expression COND2 unsupported - ignored
**lib/sky130_fd_sc_hd.v(116011) WARN** [3155] $setuphold optional delayed reference variable CLKN_delayed unsupported - ignored
**lib/sky130_fd_sc_hd.v(116011) WARN** [3155] $setuphold optional delayed data variable SCD_delayed unsupported - ignored
**lib/sky130_fd_sc_hd.v(116012) WARN** [653] $setuphold timing check min:typ:max limit expression needs parentheses under 1364 - unportable
**lib/sky130_fd_sc_hd.v(116012) WARN** [653] $setuphold timing check min:typ:max 2nd limit expression needs parentheses under 1364 - unportable
**lib/sky130_fd_sc_hd.v(116012) WARN** [3153] $setuphold optional time stamp condition expression COND2 unsupported - ignored
**lib/sky130_fd_sc_hd.v(116012) WARN** [3154] $setuphold optional time check condition expression COND2 unsupported - ignored
**lib/sky130_fd_sc_hd.v(116012) WARN** [3155] $setuphold optional delayed reference variable CLKN_delayed unsupported - ignored
**lib/sky130_fd_sc_hd.v(116012) WARN** [3155] $setuphold optional delayed data variable SCD_delayed unsupported - ignored
**lib/sky130_fd_sc_hd.v(116013) WARN** [653] $setuphold timing check min:typ:max limit expression needs parentheses under 1364 - unportable
**lib/sky130_fd_sc_hd.v(116013) WARN** [653] $setuphold timing check min:typ:max 2nd limit expression needs parentheses under 1364 - unportable
**lib/sky130_fd_sc_hd.v(116013) WARN** [3153] $setuphold optional time stamp condition expression COND3 unsupported - ignored
**lib/sky130_fd_sc_hd.v(116013) WARN** [3154] $setuphold optional time check condition expression COND3 unsupported - ignored
**lib/sky130_fd_sc_hd.v(116013) WARN** [3155] $setuphold optional delayed reference variable CLKN_delayed unsupported - ignored
**lib/sky130_fd_sc_hd.v(116013) WARN** [3155] $setuphold optional delayed data variable SCE_delayed unsupported - ignored
**lib/sky130_fd_sc_hd.v(116014) WARN** [653] $setuphold timing check min:typ:max limit expression needs parentheses under 1364 - unportable
**lib/sky130_fd_sc_hd.v(116014) WARN** [653] $setuphold timing check min:typ:max 2nd limit expression needs parentheses under 1364 - unportable
**lib/sky130_fd_sc_hd.v(116014) WARN** [3153] $setuphold optional time stamp condition expression COND3 unsupported - ignored
**lib/sky130_fd_sc_hd.v(116014) WARN** [3154] $setuphold optional time check condition expression COND3 unsupported - ignored
**lib/sky130_fd_sc_hd.v(116014) WARN** [3155] $setuphold optional delayed reference variable CLKN_delayed unsupported - ignored
**lib/sky130_fd_sc_hd.v(116014) WARN** [3155] $setuphold optional delayed data variable SCE_delayed unsupported - ignored
**lib/sky130_fd_sc_hd.v(116015) WARN** [653] $width timing check min:typ:max limit expression needs parentheses under 1364 - unportable
**lib/sky130_fd_sc_hd.v(116016) WARN** [653] $width timing check min:typ:max limit expression needs parentheses under 1364 - unportable
**lib/sky130_fd_sc_hd.v(116017) WARN** [653] $width timing check min:typ:max limit expression needs parentheses under 1364 - unportable
**lib/sky130_fd_sc_hd.v(116591) WARN** [653] $recrem timing check min:typ:max limit expression needs parentheses under 1364 - unportable
**lib/sky130_fd_sc_hd.v(116591) WARN** [653] $recrem timing check min:typ:max 2nd limit expression needs parentheses under 1364 - unportable
**lib/sky130_fd_sc_hd.v(116592) WARN** [653] $setuphold timing check min:typ:max limit expression needs parentheses under 1364 - unportable
**lib/sky130_fd_sc_hd.v(116592) WARN** [653] $setuphold timing check min:typ:max 2nd limit expression needs parentheses under 1364 - unportable
**lib/sky130_fd_sc_hd.v(116592) WARN** [3153] $setuphold optional time stamp condition expression COND1 unsupported - ignored
**lib/sky130_fd_sc_hd.v(116592) WARN** [3154] $setuphold optional time check condition expression COND1 unsupported - ignored
**lib/sky130_fd_sc_hd.v(116592) WARN** [3155] $setuphold optional delayed reference variable CLK_delayed unsupported - ignored
**lib/sky130_fd_sc_hd.v(116592) WARN** [3155] $setuphold optional delayed data variable D_delayed unsupported - ignored
**lib/sky130_fd_sc_hd.v(116593) WARN** [653] $setuphold timing check min:typ:max limit expression needs parentheses under 1364 - unportable
**lib/sky130_fd_sc_hd.v(116593) WARN** [653] $setuphold timing check min:typ:max 2nd limit expression needs parentheses under 1364 - unportable
**lib/sky130_fd_sc_hd.v(116593) WARN** [3153] $setuphold optional time stamp condition expression COND1 unsupported - ignored
**lib/sky130_fd_sc_hd.v(116593) WARN** [3154] $setuphold optional time check condition expression COND1 unsupported - ignored
**lib/sky130_fd_sc_hd.v(116593) WARN** [3155] $setuphold optional delayed reference variable CLK_delayed unsupported - ignored
**lib/sky130_fd_sc_hd.v(116593) WARN** [3155] $setuphold optional delayed data variable D_delayed unsupported - ignored
**lib/sky130_fd_sc_hd.v(116594) WARN** [653] $setuphold timing check min:typ:max limit expression needs parentheses under 1364 - unportable
**lib/sky130_fd_sc_hd.v(116594) WARN** [653] $setuphold timing check min:typ:max 2nd limit expression needs parentheses under 1364 - unportable
**lib/sky130_fd_sc_hd.v(116594) WARN** [3153] $setuphold optional time stamp condition expression COND2 unsupported - ignored
**lib/sky130_fd_sc_hd.v(116594) WARN** [3154] $setuphold optional time check condition expression COND2 unsupported - ignored
**lib/sky130_fd_sc_hd.v(116594) WARN** [3155] $setuphold optional delayed reference variable CLK_delayed unsupported - ignored
**lib/sky130_fd_sc_hd.v(116594) WARN** [3155] $setuphold optional delayed data variable SCD_delayed unsupported - ignored
**lib/sky130_fd_sc_hd.v(116595) WARN** [653] $setuphold timing check min:typ:max limit expression needs parentheses under 1364 - unportable
**lib/sky130_fd_sc_hd.v(116595) WARN** [653] $setuphold timing check min:typ:max 2nd limit expression needs parentheses under 1364 - unportable
**lib/sky130_fd_sc_hd.v(116595) WARN** [3153] $setuphold optional time stamp condition expression COND2 unsupported - ignored
**lib/sky130_fd_sc_hd.v(116595) WARN** [3154] $setuphold optional time check condition expression COND2 unsupported - ignored
**lib/sky130_fd_sc_hd.v(116595) WARN** [3155] $setuphold optional delayed reference variable CLK_delayed unsupported - ignored
**lib/sky130_fd_sc_hd.v(116595) WARN** [3155] $setuphold optional delayed data variable SCD_delayed unsupported - ignored
**lib/sky130_fd_sc_hd.v(116596) WARN** [653] $setuphold timing check min:typ:max limit expression needs parentheses under 1364 - unportable
**lib/sky130_fd_sc_hd.v(116596) WARN** [653] $setuphold timing check min:typ:max 2nd limit expression needs parentheses under 1364 - unportable
**lib/sky130_fd_sc_hd.v(116596) WARN** [3153] $setuphold optional time stamp condition expression COND3 unsupported - ignored
**lib/sky130_fd_sc_hd.v(116596) WARN** [3154] $setuphold optional time check condition expression COND3 unsupported - ignored
**lib/sky130_fd_sc_hd.v(116596) WARN** [3155] $setuphold optional delayed reference variable CLK_delayed unsupported - ignored
**lib/sky130_fd_sc_hd.v(116596) WARN** [3155] $setuphold optional delayed data variable SCE_delayed unsupported - ignored
**lib/sky130_fd_sc_hd.v(116597) WARN** [653] $setuphold timing check min:typ:max limit expression needs parentheses under 1364 - unportable
**lib/sky130_fd_sc_hd.v(116597) WARN** [653] $setuphold timing check min:typ:max 2nd limit expression needs parentheses under 1364 - unportable
**lib/sky130_fd_sc_hd.v(116597) WARN** [3153] $setuphold optional time stamp condition expression COND3 unsupported - ignored
**lib/sky130_fd_sc_hd.v(116597) WARN** [3154] $setuphold optional time check condition expression COND3 unsupported - ignored
**lib/sky130_fd_sc_hd.v(116597) WARN** [3155] $setuphold optional delayed reference variable CLK_delayed unsupported - ignored
**lib/sky130_fd_sc_hd.v(116597) WARN** [3155] $setuphold optional delayed data variable SCE_delayed unsupported - ignored
**lib/sky130_fd_sc_hd.v(116598) WARN** [653] $width timing check min:typ:max limit expression needs parentheses under 1364 - unportable
**lib/sky130_fd_sc_hd.v(116599) WARN** [653] $width timing check min:typ:max limit expression needs parentheses under 1364 - unportable
**lib/sky130_fd_sc_hd.v(116600) WARN** [653] $width timing check min:typ:max limit expression needs parentheses under 1364 - unportable
**lib/sky130_fd_sc_hd.v(116601) WARN** [653] $removal timing check min:typ:max limit expression needs parentheses under 1364 - unportable
**lib/sky130_fd_sc_hd.v(116602) WARN** [653] $recovery timing check min:typ:max limit expression needs parentheses under 1364 - unportable
**lib/sky130_fd_sc_hd.v(116798) WARN** [653] $recrem timing check min:typ:max limit expression needs parentheses under 1364 - unportable
**lib/sky130_fd_sc_hd.v(116798) WARN** [653] $recrem timing check min:typ:max 2nd limit expression needs parentheses under 1364 - unportable
**lib/sky130_fd_sc_hd.v(116799) WARN** [653] $setuphold timing check min:typ:max limit expression needs parentheses under 1364 - unportable
**lib/sky130_fd_sc_hd.v(116799) WARN** [653] $setuphold timing check min:typ:max 2nd limit expression needs parentheses under 1364 - unportable
**lib/sky130_fd_sc_hd.v(116799) WARN** [3153] $setuphold optional time stamp condition expression COND1 unsupported - ignored
**lib/sky130_fd_sc_hd.v(116799) WARN** [3154] $setuphold optional time check condition expression COND1 unsupported - ignored
**lib/sky130_fd_sc_hd.v(116799) WARN** [3155] $setuphold optional delayed reference variable CLK_delayed unsupported - ignored
**lib/sky130_fd_sc_hd.v(116799) WARN** [3155] $setuphold optional delayed data variable D_delayed unsupported - ignored
**lib/sky130_fd_sc_hd.v(116800) WARN** [653] $setuphold timing check min:typ:max limit expression needs parentheses under 1364 - unportable
**lib/sky130_fd_sc_hd.v(116800) WARN** [653] $setuphold timing check min:typ:max 2nd limit expression needs parentheses under 1364 - unportable
**lib/sky130_fd_sc_hd.v(116800) WARN** [3153] $setuphold optional time stamp condition expression COND1 unsupported - ignored
**lib/sky130_fd_sc_hd.v(116800) WARN** [3154] $setuphold optional time check condition expression COND1 unsupported - ignored
**lib/sky130_fd_sc_hd.v(116800) WARN** [3155] $setuphold optional delayed reference variable CLK_delayed unsupported - ignored
**lib/sky130_fd_sc_hd.v(116800) WARN** [3155] $setuphold optional delayed data variable D_delayed unsupported - ignored
**lib/sky130_fd_sc_hd.v(116801) WARN** [653] $setuphold timing check min:typ:max limit expression needs parentheses under 1364 - unportable
**lib/sky130_fd_sc_hd.v(116801) WARN** [653] $setuphold timing check min:typ:max 2nd limit expression needs parentheses under 1364 - unportable
**lib/sky130_fd_sc_hd.v(116801) WARN** [3153] $setuphold optional time stamp condition expression COND2 unsupported - ignored
**lib/sky130_fd_sc_hd.v(116801) WARN** [3154] $setuphold optional time check condition expression COND2 unsupported - ignored
**lib/sky130_fd_sc_hd.v(116801) WARN** [3155] $setuphold optional delayed reference variable CLK_delayed unsupported - ignored
**lib/sky130_fd_sc_hd.v(116801) WARN** [3155] $setuphold optional delayed data variable SCD_delayed unsupported - ignored
**lib/sky130_fd_sc_hd.v(116802) WARN** [653] $setuphold timing check min:typ:max limit expression needs parentheses under 1364 - unportable
**lib/sky130_fd_sc_hd.v(116802) WARN** [653] $setuphold timing check min:typ:max 2nd limit expression needs parentheses under 1364 - unportable
**lib/sky130_fd_sc_hd.v(116802) WARN** [3153] $setuphold optional time stamp condition expression COND2 unsupported - ignored
**lib/sky130_fd_sc_hd.v(116802) WARN** [3154] $setuphold optional time check condition expression COND2 unsupported - ignored
**lib/sky130_fd_sc_hd.v(116802) WARN** [3155] $setuphold optional delayed reference variable CLK_delayed unsupported - ignored
**lib/sky130_fd_sc_hd.v(116802) WARN** [3155] $setuphold optional delayed data variable SCD_delayed unsupported - ignored
**lib/sky130_fd_sc_hd.v(116803) WARN** [653] $setuphold timing check min:typ:max limit expression needs parentheses under 1364 - unportable
**lib/sky130_fd_sc_hd.v(116803) WARN** [653] $setuphold timing check min:typ:max 2nd limit expression needs parentheses under 1364 - unportable
**lib/sky130_fd_sc_hd.v(116803) WARN** [3153] $setuphold optional time stamp condition expression COND3 unsupported - ignored
**lib/sky130_fd_sc_hd.v(116803) WARN** [3154] $setuphold optional time check condition expression COND3 unsupported - ignored
**lib/sky130_fd_sc_hd.v(116803) WARN** [3155] $setuphold optional delayed reference variable CLK_delayed unsupported - ignored
**lib/sky130_fd_sc_hd.v(116803) WARN** [3155] $setuphold optional delayed data variable SCE_delayed unsupported - ignored
**lib/sky130_fd_sc_hd.v(116804) WARN** [653] $setuphold timing check min:typ:max limit expression needs parentheses under 1364 - unportable
**lib/sky130_fd_sc_hd.v(116804) WARN** [653] $setuphold timing check min:typ:max 2nd limit expression needs parentheses under 1364 - unportable
**lib/sky130_fd_sc_hd.v(116804) WARN** [3153] $setuphold optional time stamp condition expression COND3 unsupported - ignored
**lib/sky130_fd_sc_hd.v(116804) WARN** [3154] $setuphold optional time check condition expression COND3 unsupported - ignored
**lib/sky130_fd_sc_hd.v(116804) WARN** [3155] $setuphold optional delayed reference variable CLK_delayed unsupported - ignored
**lib/sky130_fd_sc_hd.v(116804) WARN** [3155] $setuphold optional delayed data variable SCE_delayed unsupported - ignored
**lib/sky130_fd_sc_hd.v(116805) WARN** [653] $width timing check min:typ:max limit expression needs parentheses under 1364 - unportable
**lib/sky130_fd_sc_hd.v(116806) WARN** [653] $width timing check min:typ:max limit expression needs parentheses under 1364 - unportable
**lib/sky130_fd_sc_hd.v(116807) WARN** [653] $width timing check min:typ:max limit expression needs parentheses under 1364 - unportable
**lib/sky130_fd_sc_hd.v(116998) WARN** [653] $recrem timing check min:typ:max limit expression needs parentheses under 1364 - unportable
**lib/sky130_fd_sc_hd.v(116998) WARN** [653] $recrem timing check min:typ:max 2nd limit expression needs parentheses under 1364 - unportable
**lib/sky130_fd_sc_hd.v(116999) WARN** [653] $setuphold timing check min:typ:max limit expression needs parentheses under 1364 - unportable
**lib/sky130_fd_sc_hd.v(116999) WARN** [653] $setuphold timing check min:typ:max 2nd limit expression needs parentheses under 1364 - unportable
**lib/sky130_fd_sc_hd.v(116999) WARN** [3153] $setuphold optional time stamp condition expression COND1 unsupported - ignored
**lib/sky130_fd_sc_hd.v(116999) WARN** [3154] $setuphold optional time check condition expression COND1 unsupported - ignored
**lib/sky130_fd_sc_hd.v(116999) WARN** [3155] $setuphold optional delayed reference variable CLK_delayed unsupported - ignored
**lib/sky130_fd_sc_hd.v(116999) WARN** [3155] $setuphold optional delayed data variable D_delayed unsupported - ignored
**lib/sky130_fd_sc_hd.v(117000) WARN** [653] $setuphold timing check min:typ:max limit expression needs parentheses under 1364 - unportable
**lib/sky130_fd_sc_hd.v(117000) WARN** [653] $setuphold timing check min:typ:max 2nd limit expression needs parentheses under 1364 - unportable
**lib/sky130_fd_sc_hd.v(117000) WARN** [3153] $setuphold optional time stamp condition expression COND1 unsupported - ignored
**lib/sky130_fd_sc_hd.v(117000) WARN** [3154] $setuphold optional time check condition expression COND1 unsupported - ignored
**lib/sky130_fd_sc_hd.v(117000) WARN** [3155] $setuphold optional delayed reference variable CLK_delayed unsupported - ignored
**lib/sky130_fd_sc_hd.v(117000) WARN** [3155] $setuphold optional delayed data variable D_delayed unsupported - ignored
**lib/sky130_fd_sc_hd.v(117001) WARN** [653] $setuphold timing check min:typ:max limit expression needs parentheses under 1364 - unportable
**lib/sky130_fd_sc_hd.v(117001) WARN** [653] $setuphold timing check min:typ:max 2nd limit expression needs parentheses under 1364 - unportable
**lib/sky130_fd_sc_hd.v(117001) WARN** [3153] $setuphold optional time stamp condition expression COND2 unsupported - ignored
**lib/sky130_fd_sc_hd.v(117001) WARN** [3154] $setuphold optional time check condition expression COND2 unsupported - ignored
**lib/sky130_fd_sc_hd.v(117001) WARN** [3155] $setuphold optional delayed reference variable CLK_delayed unsupported - ignored
**lib/sky130_fd_sc_hd.v(117001) WARN** [3155] $setuphold optional delayed data variable SCD_delayed unsupported - ignored
**lib/sky130_fd_sc_hd.v(117002) WARN** [653] $setuphold timing check min:typ:max limit expression needs parentheses under 1364 - unportable
**lib/sky130_fd_sc_hd.v(117002) WARN** [653] $setuphold timing check min:typ:max 2nd limit expression needs parentheses under 1364 - unportable
**lib/sky130_fd_sc_hd.v(117002) WARN** [3153] $setuphold optional time stamp condition expression COND2 unsupported - ignored
**lib/sky130_fd_sc_hd.v(117002) WARN** [3154] $setuphold optional time check condition expression COND2 unsupported - ignored
**lib/sky130_fd_sc_hd.v(117002) WARN** [3155] $setuphold optional delayed reference variable CLK_delayed unsupported - ignored
**lib/sky130_fd_sc_hd.v(117002) WARN** [3155] $setuphold optional delayed data variable SCD_delayed unsupported - ignored
**lib/sky130_fd_sc_hd.v(117003) WARN** [653] $setuphold timing check min:typ:max limit expression needs parentheses under 1364 - unportable
**lib/sky130_fd_sc_hd.v(117003) WARN** [653] $setuphold timing check min:typ:max 2nd limit expression needs parentheses under 1364 - unportable
**lib/sky130_fd_sc_hd.v(117003) WARN** [3153] $setuphold optional time stamp condition expression COND3 unsupported - ignored
**lib/sky130_fd_sc_hd.v(117003) WARN** [3154] $setuphold optional time check condition expression COND3 unsupported - ignored
**lib/sky130_fd_sc_hd.v(117003) WARN** [3155] $setuphold optional delayed reference variable CLK_delayed unsupported - ignored
**lib/sky130_fd_sc_hd.v(117003) WARN** [3155] $setuphold optional delayed data variable SCE_delayed unsupported - ignored
**lib/sky130_fd_sc_hd.v(117004) WARN** [653] $setuphold timing check min:typ:max limit expression needs parentheses under 1364 - unportable
**lib/sky130_fd_sc_hd.v(117004) WARN** [653] $setuphold timing check min:typ:max 2nd limit expression needs parentheses under 1364 - unportable
**lib/sky130_fd_sc_hd.v(117004) WARN** [3153] $setuphold optional time stamp condition expression COND3 unsupported - ignored
**lib/sky130_fd_sc_hd.v(117004) WARN** [3154] $setuphold optional time check condition expression COND3 unsupported - ignored
**lib/sky130_fd_sc_hd.v(117004) WARN** [3155] $setuphold optional delayed reference variable CLK_delayed unsupported - ignored
**lib/sky130_fd_sc_hd.v(117004) WARN** [3155] $setuphold optional delayed data variable SCE_delayed unsupported - ignored
**lib/sky130_fd_sc_hd.v(117005) WARN** [653] $width timing check min:typ:max limit expression needs parentheses under 1364 - unportable
**lib/sky130_fd_sc_hd.v(117006) WARN** [653] $width timing check min:typ:max limit expression needs parentheses under 1364 - unportable
**lib/sky130_fd_sc_hd.v(117007) WARN** [653] $width timing check min:typ:max limit expression needs parentheses under 1364 - unportable
**lib/sky130_fd_sc_hd.v(117599) WARN** [653] $recrem timing check min:typ:max limit expression needs parentheses under 1364 - unportable
**lib/sky130_fd_sc_hd.v(117599) WARN** [653] $recrem timing check min:typ:max 2nd limit expression needs parentheses under 1364 - unportable
**lib/sky130_fd_sc_hd.v(117600) WARN** [653] $setuphold timing check min:typ:max limit expression needs parentheses under 1364 - unportable
**lib/sky130_fd_sc_hd.v(117600) WARN** [653] $setuphold timing check min:typ:max 2nd limit expression needs parentheses under 1364 - unportable
**lib/sky130_fd_sc_hd.v(117600) WARN** [3153] $setuphold optional time stamp condition expression COND1 unsupported - ignored
**lib/sky130_fd_sc_hd.v(117600) WARN** [3154] $setuphold optional time check condition expression COND1 unsupported - ignored
**lib/sky130_fd_sc_hd.v(117600) WARN** [3155] $setuphold optional delayed reference variable CLK_delayed unsupported - ignored
**lib/sky130_fd_sc_hd.v(117600) WARN** [3155] $setuphold optional delayed data variable D_delayed unsupported - ignored
**lib/sky130_fd_sc_hd.v(117601) WARN** [653] $setuphold timing check min:typ:max limit expression needs parentheses under 1364 - unportable
**lib/sky130_fd_sc_hd.v(117601) WARN** [653] $setuphold timing check min:typ:max 2nd limit expression needs parentheses under 1364 - unportable
**lib/sky130_fd_sc_hd.v(117601) WARN** [3153] $setuphold optional time stamp condition expression COND1 unsupported - ignored
**lib/sky130_fd_sc_hd.v(117601) WARN** [3154] $setuphold optional time check condition expression COND1 unsupported - ignored
**lib/sky130_fd_sc_hd.v(117601) WARN** [3155] $setuphold optional delayed reference variable CLK_delayed unsupported - ignored
**lib/sky130_fd_sc_hd.v(117601) WARN** [3155] $setuphold optional delayed data variable D_delayed unsupported - ignored
**lib/sky130_fd_sc_hd.v(117602) WARN** [653] $setuphold timing check min:typ:max limit expression needs parentheses under 1364 - unportable
**lib/sky130_fd_sc_hd.v(117602) WARN** [653] $setuphold timing check min:typ:max 2nd limit expression needs parentheses under 1364 - unportable
**lib/sky130_fd_sc_hd.v(117602) WARN** [3153] $setuphold optional time stamp condition expression COND2 unsupported - ignored
**lib/sky130_fd_sc_hd.v(117602) WARN** [3154] $setuphold optional time check condition expression COND2 unsupported - ignored
**lib/sky130_fd_sc_hd.v(117602) WARN** [3155] $setuphold optional delayed reference variable CLK_delayed unsupported - ignored
**lib/sky130_fd_sc_hd.v(117602) WARN** [3155] $setuphold optional delayed data variable SCD_delayed unsupported - ignored
**lib/sky130_fd_sc_hd.v(117603) WARN** [653] $setuphold timing check min:typ:max limit expression needs parentheses under 1364 - unportable
**lib/sky130_fd_sc_hd.v(117603) WARN** [653] $setuphold timing check min:typ:max 2nd limit expression needs parentheses under 1364 - unportable
**lib/sky130_fd_sc_hd.v(117603) WARN** [3153] $setuphold optional time stamp condition expression COND2 unsupported - ignored
**lib/sky130_fd_sc_hd.v(117603) WARN** [3154] $setuphold optional time check condition expression COND2 unsupported - ignored
**lib/sky130_fd_sc_hd.v(117603) WARN** [3155] $setuphold optional delayed reference variable CLK_delayed unsupported - ignored
**lib/sky130_fd_sc_hd.v(117603) WARN** [3155] $setuphold optional delayed data variable SCD_delayed unsupported - ignored
**lib/sky130_fd_sc_hd.v(117604) WARN** [653] $setuphold timing check min:typ:max limit expression needs parentheses under 1364 - unportable
**lib/sky130_fd_sc_hd.v(117604) WARN** [653] $setuphold timing check min:typ:max 2nd limit expression needs parentheses under 1364 - unportable
**lib/sky130_fd_sc_hd.v(117604) WARN** [3153] $setuphold optional time stamp condition expression COND3 unsupported - ignored
**lib/sky130_fd_sc_hd.v(117604) WARN** [3154] $setuphold optional time check condition expression COND3 unsupported - ignored
**lib/sky130_fd_sc_hd.v(117604) WARN** [3155] $setuphold optional delayed reference variable CLK_delayed unsupported - ignored
**lib/sky130_fd_sc_hd.v(117604) WARN** [3155] $setuphold optional delayed data variable SCE_delayed unsupported - ignored
**lib/sky130_fd_sc_hd.v(117605) WARN** [653] $setuphold timing check min:typ:max limit expression needs parentheses under 1364 - unportable
**lib/sky130_fd_sc_hd.v(117605) WARN** [653] $setuphold timing check min:typ:max 2nd limit expression needs parentheses under 1364 - unportable
**lib/sky130_fd_sc_hd.v(117605) WARN** [3153] $setuphold optional time stamp condition expression COND3 unsupported - ignored
**lib/sky130_fd_sc_hd.v(117605) WARN** [3154] $setuphold optional time check condition expression COND3 unsupported - ignored
**lib/sky130_fd_sc_hd.v(117605) WARN** [3155] $setuphold optional delayed reference variable CLK_delayed unsupported - ignored
**lib/sky130_fd_sc_hd.v(117605) WARN** [3155] $setuphold optional delayed data variable SCE_delayed unsupported - ignored
**lib/sky130_fd_sc_hd.v(117606) WARN** [653] $width timing check min:typ:max limit expression needs parentheses under 1364 - unportable
**lib/sky130_fd_sc_hd.v(117607) WARN** [653] $width timing check min:typ:max limit expression needs parentheses under 1364 - unportable
**lib/sky130_fd_sc_hd.v(117608) WARN** [653] $width timing check min:typ:max limit expression needs parentheses under 1364 - unportable
**lib/sky130_fd_sc_hd.v(117809) WARN** [653] $recrem timing check min:typ:max limit expression needs parentheses under 1364 - unportable
**lib/sky130_fd_sc_hd.v(117809) WARN** [653] $recrem timing check min:typ:max 2nd limit expression needs parentheses under 1364 - unportable
**lib/sky130_fd_sc_hd.v(117810) WARN** [653] $setuphold timing check min:typ:max limit expression needs parentheses under 1364 - unportable
**lib/sky130_fd_sc_hd.v(117810) WARN** [653] $setuphold timing check min:typ:max 2nd limit expression needs parentheses under 1364 - unportable
**lib/sky130_fd_sc_hd.v(117810) WARN** [3153] $setuphold optional time stamp condition expression COND1 unsupported - ignored
**lib/sky130_fd_sc_hd.v(117810) WARN** [3154] $setuphold optional time check condition expression COND1 unsupported - ignored
**lib/sky130_fd_sc_hd.v(117810) WARN** [3155] $setuphold optional delayed reference variable CLK_delayed unsupported - ignored
**lib/sky130_fd_sc_hd.v(117810) WARN** [3155] $setuphold optional delayed data variable D_delayed unsupported - ignored
**lib/sky130_fd_sc_hd.v(117811) WARN** [653] $setuphold timing check min:typ:max limit expression needs parentheses under 1364 - unportable
**lib/sky130_fd_sc_hd.v(117811) WARN** [653] $setuphold timing check min:typ:max 2nd limit expression needs parentheses under 1364 - unportable
**lib/sky130_fd_sc_hd.v(117811) WARN** [3153] $setuphold optional time stamp condition expression COND1 unsupported - ignored
**lib/sky130_fd_sc_hd.v(117811) WARN** [3154] $setuphold optional time check condition expression COND1 unsupported - ignored
**lib/sky130_fd_sc_hd.v(117811) WARN** [3155] $setuphold optional delayed reference variable CLK_delayed unsupported - ignored
**lib/sky130_fd_sc_hd.v(117811) WARN** [3155] $setuphold optional delayed data variable D_delayed unsupported - ignored
**lib/sky130_fd_sc_hd.v(117812) WARN** [653] $setuphold timing check min:typ:max limit expression needs parentheses under 1364 - unportable
**lib/sky130_fd_sc_hd.v(117812) WARN** [653] $setuphold timing check min:typ:max 2nd limit expression needs parentheses under 1364 - unportable
**lib/sky130_fd_sc_hd.v(117812) WARN** [3153] $setuphold optional time stamp condition expression COND2 unsupported - ignored
**lib/sky130_fd_sc_hd.v(117812) WARN** [3154] $setuphold optional time check condition expression COND2 unsupported - ignored
**lib/sky130_fd_sc_hd.v(117812) WARN** [3155] $setuphold optional delayed reference variable CLK_delayed unsupported - ignored
**lib/sky130_fd_sc_hd.v(117812) WARN** [3155] $setuphold optional delayed data variable SCD_delayed unsupported - ignored
**lib/sky130_fd_sc_hd.v(117813) WARN** [653] $setuphold timing check min:typ:max limit expression needs parentheses under 1364 - unportable
**lib/sky130_fd_sc_hd.v(117813) WARN** [653] $setuphold timing check min:typ:max 2nd limit expression needs parentheses under 1364 - unportable
**lib/sky130_fd_sc_hd.v(117813) WARN** [3153] $setuphold optional time stamp condition expression COND2 unsupported - ignored
**lib/sky130_fd_sc_hd.v(117813) WARN** [3154] $setuphold optional time check condition expression COND2 unsupported - ignored
**lib/sky130_fd_sc_hd.v(117813) WARN** [3155] $setuphold optional delayed reference variable CLK_delayed unsupported - ignored
**lib/sky130_fd_sc_hd.v(117813) WARN** [3155] $setuphold optional delayed data variable SCD_delayed unsupported - ignored
**lib/sky130_fd_sc_hd.v(117814) WARN** [653] $setuphold timing check min:typ:max limit expression needs parentheses under 1364 - unportable
**lib/sky130_fd_sc_hd.v(117814) WARN** [653] $setuphold timing check min:typ:max 2nd limit expression needs parentheses under 1364 - unportable
**lib/sky130_fd_sc_hd.v(117814) WARN** [3153] $setuphold optional time stamp condition expression COND3 unsupported - ignored
**lib/sky130_fd_sc_hd.v(117814) WARN** [3154] $setuphold optional time check condition expression COND3 unsupported - ignored
**lib/sky130_fd_sc_hd.v(117814) WARN** [3155] $setuphold optional delayed reference variable CLK_delayed unsupported - ignored
**lib/sky130_fd_sc_hd.v(117814) WARN** [3155] $setuphold optional delayed data variable SCE_delayed unsupported - ignored
**lib/sky130_fd_sc_hd.v(117815) WARN** [653] $setuphold timing check min:typ:max limit expression needs parentheses under 1364 - unportable
**lib/sky130_fd_sc_hd.v(117815) WARN** [653] $setuphold timing check min:typ:max 2nd limit expression needs parentheses under 1364 - unportable
**lib/sky130_fd_sc_hd.v(117815) WARN** [3153] $setuphold optional time stamp condition expression COND3 unsupported - ignored
**lib/sky130_fd_sc_hd.v(117815) WARN** [3154] $setuphold optional time check condition expression COND3 unsupported - ignored
**lib/sky130_fd_sc_hd.v(117815) WARN** [3155] $setuphold optional delayed reference variable CLK_delayed unsupported - ignored
**lib/sky130_fd_sc_hd.v(117815) WARN** [3155] $setuphold optional delayed data variable SCE_delayed unsupported - ignored
**lib/sky130_fd_sc_hd.v(117816) WARN** [653] $width timing check min:typ:max limit expression needs parentheses under 1364 - unportable
**lib/sky130_fd_sc_hd.v(117817) WARN** [653] $width timing check min:typ:max limit expression needs parentheses under 1364 - unportable
**lib/sky130_fd_sc_hd.v(117818) WARN** [653] $width timing check min:typ:max limit expression needs parentheses under 1364 - unportable
**lib/sky130_fd_sc_hd.v(118396) WARN** [653] $recrem timing check min:typ:max limit expression needs parentheses under 1364 - unportable
**lib/sky130_fd_sc_hd.v(118396) WARN** [653] $recrem timing check min:typ:max 2nd limit expression needs parentheses under 1364 - unportable
**lib/sky130_fd_sc_hd.v(118397) WARN** [653] $setuphold timing check min:typ:max limit expression needs parentheses under 1364 - unportable
**lib/sky130_fd_sc_hd.v(118397) WARN** [653] $setuphold timing check min:typ:max 2nd limit expression needs parentheses under 1364 - unportable
**lib/sky130_fd_sc_hd.v(118397) WARN** [3153] $setuphold optional time stamp condition expression COND1 unsupported - ignored
**lib/sky130_fd_sc_hd.v(118397) WARN** [3154] $setuphold optional time check condition expression COND1 unsupported - ignored
**lib/sky130_fd_sc_hd.v(118397) WARN** [3155] $setuphold optional delayed reference variable CLK_delayed unsupported - ignored
**lib/sky130_fd_sc_hd.v(118397) WARN** [3155] $setuphold optional delayed data variable D_delayed unsupported - ignored
**lib/sky130_fd_sc_hd.v(118398) WARN** [653] $setuphold timing check min:typ:max limit expression needs parentheses under 1364 - unportable
**lib/sky130_fd_sc_hd.v(118398) WARN** [653] $setuphold timing check min:typ:max 2nd limit expression needs parentheses under 1364 - unportable
**lib/sky130_fd_sc_hd.v(118398) WARN** [3153] $setuphold optional time stamp condition expression COND1 unsupported - ignored
**lib/sky130_fd_sc_hd.v(118398) WARN** [3154] $setuphold optional time check condition expression COND1 unsupported - ignored
**lib/sky130_fd_sc_hd.v(118398) WARN** [3155] $setuphold optional delayed reference variable CLK_delayed unsupported - ignored
**lib/sky130_fd_sc_hd.v(118398) WARN** [3155] $setuphold optional delayed data variable D_delayed unsupported - ignored
**lib/sky130_fd_sc_hd.v(118399) WARN** [653] $setuphold timing check min:typ:max limit expression needs parentheses under 1364 - unportable
**lib/sky130_fd_sc_hd.v(118399) WARN** [653] $setuphold timing check min:typ:max 2nd limit expression needs parentheses under 1364 - unportable
**lib/sky130_fd_sc_hd.v(118399) WARN** [3153] $setuphold optional time stamp condition expression COND2 unsupported - ignored
**lib/sky130_fd_sc_hd.v(118399) WARN** [3154] $setuphold optional time check condition expression COND2 unsupported - ignored
**lib/sky130_fd_sc_hd.v(118399) WARN** [3155] $setuphold optional delayed reference variable CLK_delayed unsupported - ignored
**lib/sky130_fd_sc_hd.v(118399) WARN** [3155] $setuphold optional delayed data variable SCD_delayed unsupported - ignored
**lib/sky130_fd_sc_hd.v(118400) WARN** [653] $setuphold timing check min:typ:max limit expression needs parentheses under 1364 - unportable
**lib/sky130_fd_sc_hd.v(118400) WARN** [653] $setuphold timing check min:typ:max 2nd limit expression needs parentheses under 1364 - unportable
**lib/sky130_fd_sc_hd.v(118400) WARN** [3153] $setuphold optional time stamp condition expression COND2 unsupported - ignored
**lib/sky130_fd_sc_hd.v(118400) WARN** [3154] $setuphold optional time check condition expression COND2 unsupported - ignored
**lib/sky130_fd_sc_hd.v(118400) WARN** [3155] $setuphold optional delayed reference variable CLK_delayed unsupported - ignored
**lib/sky130_fd_sc_hd.v(118400) WARN** [3155] $setuphold optional delayed data variable SCD_delayed unsupported - ignored
**lib/sky130_fd_sc_hd.v(118401) WARN** [653] $setuphold timing check min:typ:max limit expression needs parentheses under 1364 - unportable
**lib/sky130_fd_sc_hd.v(118401) WARN** [653] $setuphold timing check min:typ:max 2nd limit expression needs parentheses under 1364 - unportable
**lib/sky130_fd_sc_hd.v(118401) WARN** [3153] $setuphold optional time stamp condition expression COND3 unsupported - ignored
**lib/sky130_fd_sc_hd.v(118401) WARN** [3154] $setuphold optional time check condition expression COND3 unsupported - ignored
**lib/sky130_fd_sc_hd.v(118401) WARN** [3155] $setuphold optional delayed reference variable CLK_delayed unsupported - ignored
**lib/sky130_fd_sc_hd.v(118401) WARN** [3155] $setuphold optional delayed data variable SCE_delayed unsupported - ignored
**lib/sky130_fd_sc_hd.v(118402) WARN** [653] $setuphold timing check min:typ:max limit expression needs parentheses under 1364 - unportable
**lib/sky130_fd_sc_hd.v(118402) WARN** [653] $setuphold timing check min:typ:max 2nd limit expression needs parentheses under 1364 - unportable
**lib/sky130_fd_sc_hd.v(118402) WARN** [3153] $setuphold optional time stamp condition expression COND3 unsupported - ignored
**lib/sky130_fd_sc_hd.v(118402) WARN** [3154] $setuphold optional time check condition expression COND3 unsupported - ignored
**lib/sky130_fd_sc_hd.v(118402) WARN** [3155] $setuphold optional delayed reference variable CLK_delayed unsupported - ignored
**lib/sky130_fd_sc_hd.v(118402) WARN** [3155] $setuphold optional delayed data variable SCE_delayed unsupported - ignored
**lib/sky130_fd_sc_hd.v(118403) WARN** [653] $width timing check min:typ:max limit expression needs parentheses under 1364 - unportable
**lib/sky130_fd_sc_hd.v(118404) WARN** [653] $width timing check min:typ:max limit expression needs parentheses under 1364 - unportable
**lib/sky130_fd_sc_hd.v(118405) WARN** [653] $width timing check min:typ:max limit expression needs parentheses under 1364 - unportable
**lib/sky130_fd_sc_hd.v(118597) WARN** [653] $recrem timing check min:typ:max limit expression needs parentheses under 1364 - unportable
**lib/sky130_fd_sc_hd.v(118597) WARN** [653] $recrem timing check min:typ:max 2nd limit expression needs parentheses under 1364 - unportable
**lib/sky130_fd_sc_hd.v(118598) WARN** [653] $setuphold timing check min:typ:max limit expression needs parentheses under 1364 - unportable
**lib/sky130_fd_sc_hd.v(118598) WARN** [653] $setuphold timing check min:typ:max 2nd limit expression needs parentheses under 1364 - unportable
**lib/sky130_fd_sc_hd.v(118598) WARN** [3153] $setuphold optional time stamp condition expression COND1 unsupported - ignored
**lib/sky130_fd_sc_hd.v(118598) WARN** [3154] $setuphold optional time check condition expression COND1 unsupported - ignored
**lib/sky130_fd_sc_hd.v(118598) WARN** [3155] $setuphold optional delayed reference variable CLK_delayed unsupported - ignored
**lib/sky130_fd_sc_hd.v(118598) WARN** [3155] $setuphold optional delayed data variable D_delayed unsupported - ignored
**lib/sky130_fd_sc_hd.v(118599) WARN** [653] $setuphold timing check min:typ:max limit expression needs parentheses under 1364 - unportable
**lib/sky130_fd_sc_hd.v(118599) WARN** [653] $setuphold timing check min:typ:max 2nd limit expression needs parentheses under 1364 - unportable
**lib/sky130_fd_sc_hd.v(118599) WARN** [3153] $setuphold optional time stamp condition expression COND1 unsupported - ignored
**lib/sky130_fd_sc_hd.v(118599) WARN** [3154] $setuphold optional time check condition expression COND1 unsupported - ignored
**lib/sky130_fd_sc_hd.v(118599) WARN** [3155] $setuphold optional delayed reference variable CLK_delayed unsupported - ignored
**lib/sky130_fd_sc_hd.v(118599) WARN** [3155] $setuphold optional delayed data variable D_delayed unsupported - ignored
**lib/sky130_fd_sc_hd.v(118600) WARN** [653] $setuphold timing check min:typ:max limit expression needs parentheses under 1364 - unportable
**lib/sky130_fd_sc_hd.v(118600) WARN** [653] $setuphold timing check min:typ:max 2nd limit expression needs parentheses under 1364 - unportable
**lib/sky130_fd_sc_hd.v(118600) WARN** [3153] $setuphold optional time stamp condition expression COND2 unsupported - ignored
**lib/sky130_fd_sc_hd.v(118600) WARN** [3154] $setuphold optional time check condition expression COND2 unsupported - ignored
**lib/sky130_fd_sc_hd.v(118600) WARN** [3155] $setuphold optional delayed reference variable CLK_delayed unsupported - ignored
**lib/sky130_fd_sc_hd.v(118600) WARN** [3155] $setuphold optional delayed data variable SCD_delayed unsupported - ignored
**lib/sky130_fd_sc_hd.v(118601) WARN** [653] $setuphold timing check min:typ:max limit expression needs parentheses under 1364 - unportable
**lib/sky130_fd_sc_hd.v(118601) WARN** [653] $setuphold timing check min:typ:max 2nd limit expression needs parentheses under 1364 - unportable
**lib/sky130_fd_sc_hd.v(118601) WARN** [3153] $setuphold optional time stamp condition expression COND2 unsupported - ignored
**lib/sky130_fd_sc_hd.v(118601) WARN** [3154] $setuphold optional time check condition expression COND2 unsupported - ignored
**lib/sky130_fd_sc_hd.v(118601) WARN** [3155] $setuphold optional delayed reference variable CLK_delayed unsupported - ignored
**lib/sky130_fd_sc_hd.v(118601) WARN** [3155] $setuphold optional delayed data variable SCD_delayed unsupported - ignored
**lib/sky130_fd_sc_hd.v(118602) WARN** [653] $setuphold timing check min:typ:max limit expression needs parentheses under 1364 - unportable
**lib/sky130_fd_sc_hd.v(118602) WARN** [653] $setuphold timing check min:typ:max 2nd limit expression needs parentheses under 1364 - unportable
**lib/sky130_fd_sc_hd.v(118602) WARN** [3153] $setuphold optional time stamp condition expression COND3 unsupported - ignored
**lib/sky130_fd_sc_hd.v(118602) WARN** [3154] $setuphold optional time check condition expression COND3 unsupported - ignored
**lib/sky130_fd_sc_hd.v(118602) WARN** [3155] $setuphold optional delayed reference variable CLK_delayed unsupported - ignored
**lib/sky130_fd_sc_hd.v(118602) WARN** [3155] $setuphold optional delayed data variable SCE_delayed unsupported - ignored
**lib/sky130_fd_sc_hd.v(118603) WARN** [653] $setuphold timing check min:typ:max limit expression needs parentheses under 1364 - unportable
**lib/sky130_fd_sc_hd.v(118603) WARN** [653] $setuphold timing check min:typ:max 2nd limit expression needs parentheses under 1364 - unportable
**lib/sky130_fd_sc_hd.v(118603) WARN** [3153] $setuphold optional time stamp condition expression COND3 unsupported - ignored
**lib/sky130_fd_sc_hd.v(118603) WARN** [3154] $setuphold optional time check condition expression COND3 unsupported - ignored
**lib/sky130_fd_sc_hd.v(118603) WARN** [3155] $setuphold optional delayed reference variable CLK_delayed unsupported - ignored
**lib/sky130_fd_sc_hd.v(118603) WARN** [3155] $setuphold optional delayed data variable SCE_delayed unsupported - ignored
**lib/sky130_fd_sc_hd.v(118604) WARN** [653] $width timing check min:typ:max limit expression needs parentheses under 1364 - unportable
**lib/sky130_fd_sc_hd.v(118605) WARN** [653] $width timing check min:typ:max limit expression needs parentheses under 1364 - unportable
**lib/sky130_fd_sc_hd.v(118606) WARN** [653] $width timing check min:typ:max limit expression needs parentheses under 1364 - unportable
**lib/sky130_fd_sc_hd.v(118797) WARN** [653] $recrem timing check min:typ:max limit expression needs parentheses under 1364 - unportable
**lib/sky130_fd_sc_hd.v(118797) WARN** [653] $recrem timing check min:typ:max 2nd limit expression needs parentheses under 1364 - unportable
**lib/sky130_fd_sc_hd.v(118798) WARN** [653] $setuphold timing check min:typ:max limit expression needs parentheses under 1364 - unportable
**lib/sky130_fd_sc_hd.v(118798) WARN** [653] $setuphold timing check min:typ:max 2nd limit expression needs parentheses under 1364 - unportable
**lib/sky130_fd_sc_hd.v(118798) WARN** [3153] $setuphold optional time stamp condition expression COND1 unsupported - ignored
**lib/sky130_fd_sc_hd.v(118798) WARN** [3154] $setuphold optional time check condition expression COND1 unsupported - ignored
**lib/sky130_fd_sc_hd.v(118798) WARN** [3155] $setuphold optional delayed reference variable CLK_delayed unsupported - ignored
**lib/sky130_fd_sc_hd.v(118798) WARN** [3155] $setuphold optional delayed data variable D_delayed unsupported - ignored
**lib/sky130_fd_sc_hd.v(118799) WARN** [653] $setuphold timing check min:typ:max limit expression needs parentheses under 1364 - unportable
**lib/sky130_fd_sc_hd.v(118799) WARN** [653] $setuphold timing check min:typ:max 2nd limit expression needs parentheses under 1364 - unportable
**lib/sky130_fd_sc_hd.v(118799) WARN** [3153] $setuphold optional time stamp condition expression COND1 unsupported - ignored
**lib/sky130_fd_sc_hd.v(118799) WARN** [3154] $setuphold optional time check condition expression COND1 unsupported - ignored
**lib/sky130_fd_sc_hd.v(118799) WARN** [3155] $setuphold optional delayed reference variable CLK_delayed unsupported - ignored
**lib/sky130_fd_sc_hd.v(118799) WARN** [3155] $setuphold optional delayed data variable D_delayed unsupported - ignored
**lib/sky130_fd_sc_hd.v(118800) WARN** [653] $setuphold timing check min:typ:max limit expression needs parentheses under 1364 - unportable
**lib/sky130_fd_sc_hd.v(118800) WARN** [653] $setuphold timing check min:typ:max 2nd limit expression needs parentheses under 1364 - unportable
**lib/sky130_fd_sc_hd.v(118800) WARN** [3153] $setuphold optional time stamp condition expression COND2 unsupported - ignored
**lib/sky130_fd_sc_hd.v(118800) WARN** [3154] $setuphold optional time check condition expression COND2 unsupported - ignored
**lib/sky130_fd_sc_hd.v(118800) WARN** [3155] $setuphold optional delayed reference variable CLK_delayed unsupported - ignored
**lib/sky130_fd_sc_hd.v(118800) WARN** [3155] $setuphold optional delayed data variable SCD_delayed unsupported - ignored
**lib/sky130_fd_sc_hd.v(118801) WARN** [653] $setuphold timing check min:typ:max limit expression needs parentheses under 1364 - unportable
**lib/sky130_fd_sc_hd.v(118801) WARN** [653] $setuphold timing check min:typ:max 2nd limit expression needs parentheses under 1364 - unportable
**lib/sky130_fd_sc_hd.v(118801) WARN** [3153] $setuphold optional time stamp condition expression COND2 unsupported - ignored
**lib/sky130_fd_sc_hd.v(118801) WARN** [3154] $setuphold optional time check condition expression COND2 unsupported - ignored
**lib/sky130_fd_sc_hd.v(118801) WARN** [3155] $setuphold optional delayed reference variable CLK_delayed unsupported - ignored
**lib/sky130_fd_sc_hd.v(118801) WARN** [3155] $setuphold optional delayed data variable SCD_delayed unsupported - ignored
**lib/sky130_fd_sc_hd.v(118802) WARN** [653] $setuphold timing check min:typ:max limit expression needs parentheses under 1364 - unportable
**lib/sky130_fd_sc_hd.v(118802) WARN** [653] $setuphold timing check min:typ:max 2nd limit expression needs parentheses under 1364 - unportable
**lib/sky130_fd_sc_hd.v(118802) WARN** [3153] $setuphold optional time stamp condition expression COND3 unsupported - ignored
**lib/sky130_fd_sc_hd.v(118802) WARN** [3154] $setuphold optional time check condition expression COND3 unsupported - ignored
**lib/sky130_fd_sc_hd.v(118802) WARN** [3155] $setuphold optional delayed reference variable CLK_delayed unsupported - ignored
**lib/sky130_fd_sc_hd.v(118802) WARN** [3155] $setuphold optional delayed data variable SCE_delayed unsupported - ignored
**lib/sky130_fd_sc_hd.v(118803) WARN** [653] $setuphold timing check min:typ:max limit expression needs parentheses under 1364 - unportable
**lib/sky130_fd_sc_hd.v(118803) WARN** [653] $setuphold timing check min:typ:max 2nd limit expression needs parentheses under 1364 - unportable
**lib/sky130_fd_sc_hd.v(118803) WARN** [3153] $setuphold optional time stamp condition expression COND3 unsupported - ignored
**lib/sky130_fd_sc_hd.v(118803) WARN** [3154] $setuphold optional time check condition expression COND3 unsupported - ignored
**lib/sky130_fd_sc_hd.v(118803) WARN** [3155] $setuphold optional delayed reference variable CLK_delayed unsupported - ignored
**lib/sky130_fd_sc_hd.v(118803) WARN** [3155] $setuphold optional delayed data variable SCE_delayed unsupported - ignored
**lib/sky130_fd_sc_hd.v(118804) WARN** [653] $width timing check min:typ:max limit expression needs parentheses under 1364 - unportable
**lib/sky130_fd_sc_hd.v(118805) WARN** [653] $width timing check min:typ:max limit expression needs parentheses under 1364 - unportable
**lib/sky130_fd_sc_hd.v(118806) WARN** [653] $width timing check min:typ:max limit expression needs parentheses under 1364 - unportable
**lib/sky130_fd_sc_hd.v(119359) WARN** [653] $setuphold timing check min:typ:max limit expression needs parentheses under 1364 - unportable
**lib/sky130_fd_sc_hd.v(119359) WARN** [653] $setuphold timing check min:typ:max 2nd limit expression needs parentheses under 1364 - unportable
**lib/sky130_fd_sc_hd.v(119359) WARN** [3153] $setuphold optional time stamp condition expression COND1 unsupported - ignored
**lib/sky130_fd_sc_hd.v(119359) WARN** [3154] $setuphold optional time check condition expression COND1 unsupported - ignored
**lib/sky130_fd_sc_hd.v(119359) WARN** [3155] $setuphold optional delayed reference variable CLK_delayed unsupported - ignored
**lib/sky130_fd_sc_hd.v(119359) WARN** [3155] $setuphold optional delayed data variable D_delayed unsupported - ignored
**lib/sky130_fd_sc_hd.v(119360) WARN** [653] $setuphold timing check min:typ:max limit expression needs parentheses under 1364 - unportable
**lib/sky130_fd_sc_hd.v(119360) WARN** [653] $setuphold timing check min:typ:max 2nd limit expression needs parentheses under 1364 - unportable
**lib/sky130_fd_sc_hd.v(119360) WARN** [3153] $setuphold optional time stamp condition expression COND1 unsupported - ignored
**lib/sky130_fd_sc_hd.v(119360) WARN** [3154] $setuphold optional time check condition expression COND1 unsupported - ignored
**lib/sky130_fd_sc_hd.v(119360) WARN** [3155] $setuphold optional delayed reference variable CLK_delayed unsupported - ignored
**lib/sky130_fd_sc_hd.v(119360) WARN** [3155] $setuphold optional delayed data variable D_delayed unsupported - ignored
**lib/sky130_fd_sc_hd.v(119361) WARN** [653] $setuphold timing check min:typ:max limit expression needs parentheses under 1364 - unportable
**lib/sky130_fd_sc_hd.v(119361) WARN** [653] $setuphold timing check min:typ:max 2nd limit expression needs parentheses under 1364 - unportable
**lib/sky130_fd_sc_hd.v(119361) WARN** [3153] $setuphold optional time stamp condition expression COND2 unsupported - ignored
**lib/sky130_fd_sc_hd.v(119361) WARN** [3154] $setuphold optional time check condition expression COND2 unsupported - ignored
**lib/sky130_fd_sc_hd.v(119361) WARN** [3155] $setuphold optional delayed reference variable CLK_delayed unsupported - ignored
**lib/sky130_fd_sc_hd.v(119361) WARN** [3155] $setuphold optional delayed data variable SCD_delayed unsupported - ignored
**lib/sky130_fd_sc_hd.v(119362) WARN** [653] $setuphold timing check min:typ:max limit expression needs parentheses under 1364 - unportable
**lib/sky130_fd_sc_hd.v(119362) WARN** [653] $setuphold timing check min:typ:max 2nd limit expression needs parentheses under 1364 - unportable
**lib/sky130_fd_sc_hd.v(119362) WARN** [3153] $setuphold optional time stamp condition expression COND2 unsupported - ignored
**lib/sky130_fd_sc_hd.v(119362) WARN** [3154] $setuphold optional time check condition expression COND2 unsupported - ignored
**lib/sky130_fd_sc_hd.v(119362) WARN** [3155] $setuphold optional delayed reference variable CLK_delayed unsupported - ignored
**lib/sky130_fd_sc_hd.v(119362) WARN** [3155] $setuphold optional delayed data variable SCD_delayed unsupported - ignored
**lib/sky130_fd_sc_hd.v(119363) WARN** [653] $setuphold timing check min:typ:max limit expression needs parentheses under 1364 - unportable
**lib/sky130_fd_sc_hd.v(119363) WARN** [653] $setuphold timing check min:typ:max 2nd limit expression needs parentheses under 1364 - unportable
**lib/sky130_fd_sc_hd.v(119363) WARN** [3153] $setuphold optional time stamp condition expression COND3 unsupported - ignored
**lib/sky130_fd_sc_hd.v(119363) WARN** [3154] $setuphold optional time check condition expression COND3 unsupported - ignored
**lib/sky130_fd_sc_hd.v(119363) WARN** [3155] $setuphold optional delayed reference variable CLK_delayed unsupported - ignored
**lib/sky130_fd_sc_hd.v(119363) WARN** [3155] $setuphold optional delayed data variable SCE_delayed unsupported - ignored
**lib/sky130_fd_sc_hd.v(119364) WARN** [653] $setuphold timing check min:typ:max limit expression needs parentheses under 1364 - unportable
**lib/sky130_fd_sc_hd.v(119364) WARN** [653] $setuphold timing check min:typ:max 2nd limit expression needs parentheses under 1364 - unportable
**lib/sky130_fd_sc_hd.v(119364) WARN** [3153] $setuphold optional time stamp condition expression COND3 unsupported - ignored
**lib/sky130_fd_sc_hd.v(119364) WARN** [3154] $setuphold optional time check condition expression COND3 unsupported - ignored
**lib/sky130_fd_sc_hd.v(119364) WARN** [3155] $setuphold optional delayed reference variable CLK_delayed unsupported - ignored
**lib/sky130_fd_sc_hd.v(119364) WARN** [3155] $setuphold optional delayed data variable SCE_delayed unsupported - ignored
**lib/sky130_fd_sc_hd.v(119365) WARN** [653] $width timing check min:typ:max limit expression needs parentheses under 1364 - unportable
**lib/sky130_fd_sc_hd.v(119366) WARN** [653] $width timing check min:typ:max limit expression needs parentheses under 1364 - unportable
**lib/sky130_fd_sc_hd.v(119553) WARN** [653] $setuphold timing check min:typ:max limit expression needs parentheses under 1364 - unportable
**lib/sky130_fd_sc_hd.v(119553) WARN** [653] $setuphold timing check min:typ:max 2nd limit expression needs parentheses under 1364 - unportable
**lib/sky130_fd_sc_hd.v(119553) WARN** [3153] $setuphold optional time stamp condition expression COND1 unsupported - ignored
**lib/sky130_fd_sc_hd.v(119553) WARN** [3154] $setuphold optional time check condition expression COND1 unsupported - ignored
**lib/sky130_fd_sc_hd.v(119553) WARN** [3155] $setuphold optional delayed reference variable CLK_delayed unsupported - ignored
**lib/sky130_fd_sc_hd.v(119553) WARN** [3155] $setuphold optional delayed data variable D_delayed unsupported - ignored
**lib/sky130_fd_sc_hd.v(119554) WARN** [653] $setuphold timing check min:typ:max limit expression needs parentheses under 1364 - unportable
**lib/sky130_fd_sc_hd.v(119554) WARN** [653] $setuphold timing check min:typ:max 2nd limit expression needs parentheses under 1364 - unportable
**lib/sky130_fd_sc_hd.v(119554) WARN** [3153] $setuphold optional time stamp condition expression COND1 unsupported - ignored
**lib/sky130_fd_sc_hd.v(119554) WARN** [3154] $setuphold optional time check condition expression COND1 unsupported - ignored
**lib/sky130_fd_sc_hd.v(119554) WARN** [3155] $setuphold optional delayed reference variable CLK_delayed unsupported - ignored
**lib/sky130_fd_sc_hd.v(119554) WARN** [3155] $setuphold optional delayed data variable D_delayed unsupported - ignored
**lib/sky130_fd_sc_hd.v(119555) WARN** [653] $setuphold timing check min:typ:max limit expression needs parentheses under 1364 - unportable
**lib/sky130_fd_sc_hd.v(119555) WARN** [653] $setuphold timing check min:typ:max 2nd limit expression needs parentheses under 1364 - unportable
**lib/sky130_fd_sc_hd.v(119555) WARN** [3153] $setuphold optional time stamp condition expression COND2 unsupported - ignored
**lib/sky130_fd_sc_hd.v(119555) WARN** [3154] $setuphold optional time check condition expression COND2 unsupported - ignored
**lib/sky130_fd_sc_hd.v(119555) WARN** [3155] $setuphold optional delayed reference variable CLK_delayed unsupported - ignored
**lib/sky130_fd_sc_hd.v(119555) WARN** [3155] $setuphold optional delayed data variable SCD_delayed unsupported - ignored
**lib/sky130_fd_sc_hd.v(119556) WARN** [653] $setuphold timing check min:typ:max limit expression needs parentheses under 1364 - unportable
**lib/sky130_fd_sc_hd.v(119556) WARN** [653] $setuphold timing check min:typ:max 2nd limit expression needs parentheses under 1364 - unportable
**lib/sky130_fd_sc_hd.v(119556) WARN** [3153] $setuphold optional time stamp condition expression COND2 unsupported - ignored
**lib/sky130_fd_sc_hd.v(119556) WARN** [3154] $setuphold optional time check condition expression COND2 unsupported - ignored
**lib/sky130_fd_sc_hd.v(119556) WARN** [3155] $setuphold optional delayed reference variable CLK_delayed unsupported - ignored
**lib/sky130_fd_sc_hd.v(119556) WARN** [3155] $setuphold optional delayed data variable SCD_delayed unsupported - ignored
**lib/sky130_fd_sc_hd.v(119557) WARN** [653] $setuphold timing check min:typ:max limit expression needs parentheses under 1364 - unportable
**lib/sky130_fd_sc_hd.v(119557) WARN** [653] $setuphold timing check min:typ:max 2nd limit expression needs parentheses under 1364 - unportable
**lib/sky130_fd_sc_hd.v(119557) WARN** [3153] $setuphold optional time stamp condition expression COND3 unsupported - ignored
**lib/sky130_fd_sc_hd.v(119557) WARN** [3154] $setuphold optional time check condition expression COND3 unsupported - ignored
**lib/sky130_fd_sc_hd.v(119557) WARN** [3155] $setuphold optional delayed reference variable CLK_delayed unsupported - ignored
**lib/sky130_fd_sc_hd.v(119557) WARN** [3155] $setuphold optional delayed data variable SCE_delayed unsupported - ignored
**lib/sky130_fd_sc_hd.v(119558) WARN** [653] $setuphold timing check min:typ:max limit expression needs parentheses under 1364 - unportable
**lib/sky130_fd_sc_hd.v(119558) WARN** [653] $setuphold timing check min:typ:max 2nd limit expression needs parentheses under 1364 - unportable
**lib/sky130_fd_sc_hd.v(119558) WARN** [3153] $setuphold optional time stamp condition expression COND3 unsupported - ignored
**lib/sky130_fd_sc_hd.v(119558) WARN** [3154] $setuphold optional time check condition expression COND3 unsupported - ignored
**lib/sky130_fd_sc_hd.v(119558) WARN** [3155] $setuphold optional delayed reference variable CLK_delayed unsupported - ignored
**lib/sky130_fd_sc_hd.v(119558) WARN** [3155] $setuphold optional delayed data variable SCE_delayed unsupported - ignored
**lib/sky130_fd_sc_hd.v(119559) WARN** [653] $width timing check min:typ:max limit expression needs parentheses under 1364 - unportable
**lib/sky130_fd_sc_hd.v(119560) WARN** [653] $width timing check min:typ:max limit expression needs parentheses under 1364 - unportable
**lib/sky130_fd_sc_hd.v(120095) WARN** [653] $setuphold timing check min:typ:max limit expression needs parentheses under 1364 - unportable
**lib/sky130_fd_sc_hd.v(120095) WARN** [653] $setuphold timing check min:typ:max 2nd limit expression needs parentheses under 1364 - unportable
**lib/sky130_fd_sc_hd.v(120095) WARN** [3153] $setuphold optional time stamp condition expression COND1 unsupported - ignored
**lib/sky130_fd_sc_hd.v(120095) WARN** [3154] $setuphold optional time check condition expression COND1 unsupported - ignored
**lib/sky130_fd_sc_hd.v(120095) WARN** [3155] $setuphold optional delayed reference variable CLK_delayed unsupported - ignored
**lib/sky130_fd_sc_hd.v(120095) WARN** [3155] $setuphold optional delayed data variable D_delayed unsupported - ignored
**lib/sky130_fd_sc_hd.v(120096) WARN** [653] $setuphold timing check min:typ:max limit expression needs parentheses under 1364 - unportable
**lib/sky130_fd_sc_hd.v(120096) WARN** [653] $setuphold timing check min:typ:max 2nd limit expression needs parentheses under 1364 - unportable
**lib/sky130_fd_sc_hd.v(120096) WARN** [3153] $setuphold optional time stamp condition expression COND1 unsupported - ignored
**lib/sky130_fd_sc_hd.v(120096) WARN** [3154] $setuphold optional time check condition expression COND1 unsupported - ignored
**lib/sky130_fd_sc_hd.v(120096) WARN** [3155] $setuphold optional delayed reference variable CLK_delayed unsupported - ignored
**lib/sky130_fd_sc_hd.v(120096) WARN** [3155] $setuphold optional delayed data variable D_delayed unsupported - ignored
**lib/sky130_fd_sc_hd.v(120097) WARN** [653] $setuphold timing check min:typ:max limit expression needs parentheses under 1364 - unportable
**lib/sky130_fd_sc_hd.v(120097) WARN** [653] $setuphold timing check min:typ:max 2nd limit expression needs parentheses under 1364 - unportable
**lib/sky130_fd_sc_hd.v(120097) WARN** [3153] $setuphold optional time stamp condition expression COND2 unsupported - ignored
**lib/sky130_fd_sc_hd.v(120097) WARN** [3154] $setuphold optional time check condition expression COND2 unsupported - ignored
**lib/sky130_fd_sc_hd.v(120097) WARN** [3155] $setuphold optional delayed reference variable CLK_delayed unsupported - ignored
**lib/sky130_fd_sc_hd.v(120097) WARN** [3155] $setuphold optional delayed data variable SCD_delayed unsupported - ignored
**lib/sky130_fd_sc_hd.v(120098) WARN** [653] $setuphold timing check min:typ:max limit expression needs parentheses under 1364 - unportable
**lib/sky130_fd_sc_hd.v(120098) WARN** [653] $setuphold timing check min:typ:max 2nd limit expression needs parentheses under 1364 - unportable
**lib/sky130_fd_sc_hd.v(120098) WARN** [3153] $setuphold optional time stamp condition expression COND2 unsupported - ignored
**lib/sky130_fd_sc_hd.v(120098) WARN** [3154] $setuphold optional time check condition expression COND2 unsupported - ignored
**lib/sky130_fd_sc_hd.v(120098) WARN** [3155] $setuphold optional delayed reference variable CLK_delayed unsupported - ignored
**lib/sky130_fd_sc_hd.v(120098) WARN** [3155] $setuphold optional delayed data variable SCD_delayed unsupported - ignored
**lib/sky130_fd_sc_hd.v(120099) WARN** [653] $setuphold timing check min:typ:max limit expression needs parentheses under 1364 - unportable
**lib/sky130_fd_sc_hd.v(120099) WARN** [653] $setuphold timing check min:typ:max 2nd limit expression needs parentheses under 1364 - unportable
**lib/sky130_fd_sc_hd.v(120099) WARN** [3153] $setuphold optional time stamp condition expression COND3 unsupported - ignored
**lib/sky130_fd_sc_hd.v(120099) WARN** [3154] $setuphold optional time check condition expression COND3 unsupported - ignored
**lib/sky130_fd_sc_hd.v(120099) WARN** [3155] $setuphold optional delayed reference variable CLK_delayed unsupported - ignored
**lib/sky130_fd_sc_hd.v(120099) WARN** [3155] $setuphold optional delayed data variable SCE_delayed unsupported - ignored
**lib/sky130_fd_sc_hd.v(120100) WARN** [653] $setuphold timing check min:typ:max limit expression needs parentheses under 1364 - unportable
**lib/sky130_fd_sc_hd.v(120100) WARN** [653] $setuphold timing check min:typ:max 2nd limit expression needs parentheses under 1364 - unportable
**lib/sky130_fd_sc_hd.v(120100) WARN** [3153] $setuphold optional time stamp condition expression COND3 unsupported - ignored
**lib/sky130_fd_sc_hd.v(120100) WARN** [3154] $setuphold optional time check condition expression COND3 unsupported - ignored
**lib/sky130_fd_sc_hd.v(120100) WARN** [3155] $setuphold optional delayed reference variable CLK_delayed unsupported - ignored
**lib/sky130_fd_sc_hd.v(120100) WARN** [3155] $setuphold optional delayed data variable SCE_delayed unsupported - ignored
**lib/sky130_fd_sc_hd.v(120101) WARN** [653] $width timing check min:typ:max limit expression needs parentheses under 1364 - unportable
**lib/sky130_fd_sc_hd.v(120102) WARN** [653] $width timing check min:typ:max limit expression needs parentheses under 1364 - unportable
**lib/sky130_fd_sc_hd.v(120281) WARN** [653] $setuphold timing check min:typ:max limit expression needs parentheses under 1364 - unportable
**lib/sky130_fd_sc_hd.v(120281) WARN** [653] $setuphold timing check min:typ:max 2nd limit expression needs parentheses under 1364 - unportable
**lib/sky130_fd_sc_hd.v(120281) WARN** [3153] $setuphold optional time stamp condition expression COND1 unsupported - ignored
**lib/sky130_fd_sc_hd.v(120281) WARN** [3154] $setuphold optional time check condition expression COND1 unsupported - ignored
**lib/sky130_fd_sc_hd.v(120281) WARN** [3155] $setuphold optional delayed reference variable CLK_delayed unsupported - ignored
**lib/sky130_fd_sc_hd.v(120281) WARN** [3155] $setuphold optional delayed data variable D_delayed unsupported - ignored
**lib/sky130_fd_sc_hd.v(120282) WARN** [653] $setuphold timing check min:typ:max limit expression needs parentheses under 1364 - unportable
**lib/sky130_fd_sc_hd.v(120282) WARN** [653] $setuphold timing check min:typ:max 2nd limit expression needs parentheses under 1364 - unportable
**lib/sky130_fd_sc_hd.v(120282) WARN** [3153] $setuphold optional time stamp condition expression COND1 unsupported - ignored
**lib/sky130_fd_sc_hd.v(120282) WARN** [3154] $setuphold optional time check condition expression COND1 unsupported - ignored
**lib/sky130_fd_sc_hd.v(120282) WARN** [3155] $setuphold optional delayed reference variable CLK_delayed unsupported - ignored
**lib/sky130_fd_sc_hd.v(120282) WARN** [3155] $setuphold optional delayed data variable D_delayed unsupported - ignored
**lib/sky130_fd_sc_hd.v(120283) WARN** [653] $setuphold timing check min:typ:max limit expression needs parentheses under 1364 - unportable
**lib/sky130_fd_sc_hd.v(120283) WARN** [653] $setuphold timing check min:typ:max 2nd limit expression needs parentheses under 1364 - unportable
**lib/sky130_fd_sc_hd.v(120283) WARN** [3153] $setuphold optional time stamp condition expression COND2 unsupported - ignored
**lib/sky130_fd_sc_hd.v(120283) WARN** [3154] $setuphold optional time check condition expression COND2 unsupported - ignored
**lib/sky130_fd_sc_hd.v(120283) WARN** [3155] $setuphold optional delayed reference variable CLK_delayed unsupported - ignored
**lib/sky130_fd_sc_hd.v(120283) WARN** [3155] $setuphold optional delayed data variable SCD_delayed unsupported - ignored
**lib/sky130_fd_sc_hd.v(120284) WARN** [653] $setuphold timing check min:typ:max limit expression needs parentheses under 1364 - unportable
**lib/sky130_fd_sc_hd.v(120284) WARN** [653] $setuphold timing check min:typ:max 2nd limit expression needs parentheses under 1364 - unportable
**lib/sky130_fd_sc_hd.v(120284) WARN** [3153] $setuphold optional time stamp condition expression COND2 unsupported - ignored
**lib/sky130_fd_sc_hd.v(120284) WARN** [3154] $setuphold optional time check condition expression COND2 unsupported - ignored
**lib/sky130_fd_sc_hd.v(120284) WARN** [3155] $setuphold optional delayed reference variable CLK_delayed unsupported - ignored
**lib/sky130_fd_sc_hd.v(120284) WARN** [3155] $setuphold optional delayed data variable SCD_delayed unsupported - ignored
**lib/sky130_fd_sc_hd.v(120285) WARN** [653] $setuphold timing check min:typ:max limit expression needs parentheses under 1364 - unportable
**lib/sky130_fd_sc_hd.v(120285) WARN** [653] $setuphold timing check min:typ:max 2nd limit expression needs parentheses under 1364 - unportable
**lib/sky130_fd_sc_hd.v(120285) WARN** [3153] $setuphold optional time stamp condition expression COND3 unsupported - ignored
**lib/sky130_fd_sc_hd.v(120285) WARN** [3154] $setuphold optional time check condition expression COND3 unsupported - ignored
**lib/sky130_fd_sc_hd.v(120285) WARN** [3155] $setuphold optional delayed reference variable CLK_delayed unsupported - ignored
**lib/sky130_fd_sc_hd.v(120285) WARN** [3155] $setuphold optional delayed data variable SCE_delayed unsupported - ignored
**lib/sky130_fd_sc_hd.v(120286) WARN** [653] $setuphold timing check min:typ:max limit expression needs parentheses under 1364 - unportable
**lib/sky130_fd_sc_hd.v(120286) WARN** [653] $setuphold timing check min:typ:max 2nd limit expression needs parentheses under 1364 - unportable
**lib/sky130_fd_sc_hd.v(120286) WARN** [3153] $setuphold optional time stamp condition expression COND3 unsupported - ignored
**lib/sky130_fd_sc_hd.v(120286) WARN** [3154] $setuphold optional time check condition expression COND3 unsupported - ignored
**lib/sky130_fd_sc_hd.v(120286) WARN** [3155] $setuphold optional delayed reference variable CLK_delayed unsupported - ignored
**lib/sky130_fd_sc_hd.v(120286) WARN** [3155] $setuphold optional delayed data variable SCE_delayed unsupported - ignored
**lib/sky130_fd_sc_hd.v(120287) WARN** [653] $width timing check min:typ:max limit expression needs parentheses under 1364 - unportable
**lib/sky130_fd_sc_hd.v(120288) WARN** [653] $width timing check min:typ:max limit expression needs parentheses under 1364 - unportable
**lib/sky130_fd_sc_hd.v(120468) WARN** [653] $setuphold timing check min:typ:max limit expression needs parentheses under 1364 - unportable
**lib/sky130_fd_sc_hd.v(120468) WARN** [653] $setuphold timing check min:typ:max 2nd limit expression needs parentheses under 1364 - unportable
**lib/sky130_fd_sc_hd.v(120468) WARN** [3153] $setuphold optional time stamp condition expression COND1 unsupported - ignored
**lib/sky130_fd_sc_hd.v(120468) WARN** [3154] $setuphold optional time check condition expression COND1 unsupported - ignored
**lib/sky130_fd_sc_hd.v(120468) WARN** [3155] $setuphold optional delayed reference variable CLK_delayed unsupported - ignored
**lib/sky130_fd_sc_hd.v(120468) WARN** [3155] $setuphold optional delayed data variable D_delayed unsupported - ignored
**lib/sky130_fd_sc_hd.v(120469) WARN** [653] $setuphold timing check min:typ:max limit expression needs parentheses under 1364 - unportable
**lib/sky130_fd_sc_hd.v(120469) WARN** [653] $setuphold timing check min:typ:max 2nd limit expression needs parentheses under 1364 - unportable
**lib/sky130_fd_sc_hd.v(120469) WARN** [3153] $setuphold optional time stamp condition expression COND1 unsupported - ignored
**lib/sky130_fd_sc_hd.v(120469) WARN** [3154] $setuphold optional time check condition expression COND1 unsupported - ignored
**lib/sky130_fd_sc_hd.v(120469) WARN** [3155] $setuphold optional delayed reference variable CLK_delayed unsupported - ignored
**lib/sky130_fd_sc_hd.v(120469) WARN** [3155] $setuphold optional delayed data variable D_delayed unsupported - ignored
**lib/sky130_fd_sc_hd.v(120470) WARN** [653] $setuphold timing check min:typ:max limit expression needs parentheses under 1364 - unportable
**lib/sky130_fd_sc_hd.v(120470) WARN** [653] $setuphold timing check min:typ:max 2nd limit expression needs parentheses under 1364 - unportable
**lib/sky130_fd_sc_hd.v(120470) WARN** [3153] $setuphold optional time stamp condition expression COND2 unsupported - ignored
**lib/sky130_fd_sc_hd.v(120470) WARN** [3154] $setuphold optional time check condition expression COND2 unsupported - ignored
**lib/sky130_fd_sc_hd.v(120470) WARN** [3155] $setuphold optional delayed reference variable CLK_delayed unsupported - ignored
**lib/sky130_fd_sc_hd.v(120470) WARN** [3155] $setuphold optional delayed data variable SCD_delayed unsupported - ignored
**lib/sky130_fd_sc_hd.v(120471) WARN** [653] $setuphold timing check min:typ:max limit expression needs parentheses under 1364 - unportable
**lib/sky130_fd_sc_hd.v(120471) WARN** [653] $setuphold timing check min:typ:max 2nd limit expression needs parentheses under 1364 - unportable
**lib/sky130_fd_sc_hd.v(120471) WARN** [3153] $setuphold optional time stamp condition expression COND2 unsupported - ignored
**lib/sky130_fd_sc_hd.v(120471) WARN** [3154] $setuphold optional time check condition expression COND2 unsupported - ignored
**lib/sky130_fd_sc_hd.v(120471) WARN** [3155] $setuphold optional delayed reference variable CLK_delayed unsupported - ignored
**lib/sky130_fd_sc_hd.v(120471) WARN** [3155] $setuphold optional delayed data variable SCD_delayed unsupported - ignored
**lib/sky130_fd_sc_hd.v(120472) WARN** [653] $setuphold timing check min:typ:max limit expression needs parentheses under 1364 - unportable
**lib/sky130_fd_sc_hd.v(120472) WARN** [653] $setuphold timing check min:typ:max 2nd limit expression needs parentheses under 1364 - unportable
**lib/sky130_fd_sc_hd.v(120472) WARN** [3153] $setuphold optional time stamp condition expression COND3 unsupported - ignored
**lib/sky130_fd_sc_hd.v(120472) WARN** [3154] $setuphold optional time check condition expression COND3 unsupported - ignored
**lib/sky130_fd_sc_hd.v(120472) WARN** [3155] $setuphold optional delayed reference variable CLK_delayed unsupported - ignored
**lib/sky130_fd_sc_hd.v(120472) WARN** [3155] $setuphold optional delayed data variable SCE_delayed unsupported - ignored
**lib/sky130_fd_sc_hd.v(120473) WARN** [653] $setuphold timing check min:typ:max limit expression needs parentheses under 1364 - unportable
**lib/sky130_fd_sc_hd.v(120473) WARN** [653] $setuphold timing check min:typ:max 2nd limit expression needs parentheses under 1364 - unportable
**lib/sky130_fd_sc_hd.v(120473) WARN** [3153] $setuphold optional time stamp condition expression COND3 unsupported - ignored
**lib/sky130_fd_sc_hd.v(120473) WARN** [3154] $setuphold optional time check condition expression COND3 unsupported - ignored
**lib/sky130_fd_sc_hd.v(120473) WARN** [3155] $setuphold optional delayed reference variable CLK_delayed unsupported - ignored
**lib/sky130_fd_sc_hd.v(120473) WARN** [3155] $setuphold optional delayed data variable SCE_delayed unsupported - ignored
**lib/sky130_fd_sc_hd.v(120474) WARN** [653] $width timing check min:typ:max limit expression needs parentheses under 1364 - unportable
**lib/sky130_fd_sc_hd.v(120475) WARN** [653] $width timing check min:typ:max limit expression needs parentheses under 1364 - unportable
**lib/sky130_fd_sc_hd.v(121005) WARN** [653] $setuphold timing check min:typ:max limit expression needs parentheses under 1364 - unportable
**lib/sky130_fd_sc_hd.v(121005) WARN** [653] $setuphold timing check min:typ:max 2nd limit expression needs parentheses under 1364 - unportable
**lib/sky130_fd_sc_hd.v(121005) WARN** [3153] $setuphold optional time stamp condition expression SCE_AWAKE unsupported - ignored
**lib/sky130_fd_sc_hd.v(121005) WARN** [3154] $setuphold optional time check condition expression SCE_AWAKE unsupported - ignored
**lib/sky130_fd_sc_hd.v(121005) WARN** [3155] $setuphold optional delayed reference variable CLK_delayed unsupported - ignored
**lib/sky130_fd_sc_hd.v(121005) WARN** [3155] $setuphold optional delayed data variable SCE_delayed unsupported - ignored
**lib/sky130_fd_sc_hd.v(121006) WARN** [653] $setuphold timing check min:typ:max limit expression needs parentheses under 1364 - unportable
**lib/sky130_fd_sc_hd.v(121006) WARN** [653] $setuphold timing check min:typ:max 2nd limit expression needs parentheses under 1364 - unportable
**lib/sky130_fd_sc_hd.v(121006) WARN** [3153] $setuphold optional time stamp condition expression SCE_AWAKE unsupported - ignored
**lib/sky130_fd_sc_hd.v(121006) WARN** [3154] $setuphold optional time check condition expression SCE_AWAKE unsupported - ignored
**lib/sky130_fd_sc_hd.v(121006) WARN** [3155] $setuphold optional delayed reference variable CLK_delayed unsupported - ignored
**lib/sky130_fd_sc_hd.v(121006) WARN** [3155] $setuphold optional delayed data variable SCE_delayed unsupported - ignored
**lib/sky130_fd_sc_hd.v(121007) WARN** [653] $setuphold timing check min:typ:max limit expression needs parentheses under 1364 - unportable
**lib/sky130_fd_sc_hd.v(121007) WARN** [653] $setuphold timing check min:typ:max 2nd limit expression needs parentheses under 1364 - unportable
**lib/sky130_fd_sc_hd.v(121007) WARN** [3153] $setuphold optional time stamp condition expression GATE_AWAKE unsupported - ignored
**lib/sky130_fd_sc_hd.v(121007) WARN** [3154] $setuphold optional time check condition expression GATE_AWAKE unsupported - ignored
**lib/sky130_fd_sc_hd.v(121007) WARN** [3155] $setuphold optional delayed reference variable CLK_delayed unsupported - ignored
**lib/sky130_fd_sc_hd.v(121007) WARN** [3155] $setuphold optional delayed data variable GATE_delayed unsupported - ignored
**lib/sky130_fd_sc_hd.v(121008) WARN** [653] $setuphold timing check min:typ:max limit expression needs parentheses under 1364 - unportable
**lib/sky130_fd_sc_hd.v(121008) WARN** [653] $setuphold timing check min:typ:max 2nd limit expression needs parentheses under 1364 - unportable
**lib/sky130_fd_sc_hd.v(121008) WARN** [3153] $setuphold optional time stamp condition expression GATE_AWAKE unsupported - ignored
**lib/sky130_fd_sc_hd.v(121008) WARN** [3154] $setuphold optional time check condition expression GATE_AWAKE unsupported - ignored
**lib/sky130_fd_sc_hd.v(121008) WARN** [3155] $setuphold optional delayed reference variable CLK_delayed unsupported - ignored
**lib/sky130_fd_sc_hd.v(121008) WARN** [3155] $setuphold optional delayed data variable GATE_delayed unsupported - ignored
**lib/sky130_fd_sc_hd.v(121009) WARN** [653] $width timing check min:typ:max limit expression needs parentheses under 1364 - unportable
**lib/sky130_fd_sc_hd.v(121181) WARN** [653] $setuphold timing check min:typ:max limit expression needs parentheses under 1364 - unportable
**lib/sky130_fd_sc_hd.v(121181) WARN** [653] $setuphold timing check min:typ:max 2nd limit expression needs parentheses under 1364 - unportable
**lib/sky130_fd_sc_hd.v(121181) WARN** [3153] $setuphold optional time stamp condition expression SCE_AWAKE unsupported - ignored
**lib/sky130_fd_sc_hd.v(121181) WARN** [3154] $setuphold optional time check condition expression SCE_AWAKE unsupported - ignored
**lib/sky130_fd_sc_hd.v(121181) WARN** [3155] $setuphold optional delayed reference variable CLK_delayed unsupported - ignored
**lib/sky130_fd_sc_hd.v(121181) WARN** [3155] $setuphold optional delayed data variable SCE_delayed unsupported - ignored
**lib/sky130_fd_sc_hd.v(121182) WARN** [653] $setuphold timing check min:typ:max limit expression needs parentheses under 1364 - unportable
**lib/sky130_fd_sc_hd.v(121182) WARN** [653] $setuphold timing check min:typ:max 2nd limit expression needs parentheses under 1364 - unportable
**lib/sky130_fd_sc_hd.v(121182) WARN** [3153] $setuphold optional time stamp condition expression SCE_AWAKE unsupported - ignored
**lib/sky130_fd_sc_hd.v(121182) WARN** [3154] $setuphold optional time check condition expression SCE_AWAKE unsupported - ignored
**lib/sky130_fd_sc_hd.v(121182) WARN** [3155] $setuphold optional delayed reference variable CLK_delayed unsupported - ignored
**lib/sky130_fd_sc_hd.v(121182) WARN** [3155] $setuphold optional delayed data variable SCE_delayed unsupported - ignored
**lib/sky130_fd_sc_hd.v(121183) WARN** [653] $setuphold timing check min:typ:max limit expression needs parentheses under 1364 - unportable
**lib/sky130_fd_sc_hd.v(121183) WARN** [653] $setuphold timing check min:typ:max 2nd limit expression needs parentheses under 1364 - unportable
**lib/sky130_fd_sc_hd.v(121183) WARN** [3153] $setuphold optional time stamp condition expression GATE_AWAKE unsupported - ignored
**lib/sky130_fd_sc_hd.v(121183) WARN** [3154] $setuphold optional time check condition expression GATE_AWAKE unsupported - ignored
**lib/sky130_fd_sc_hd.v(121183) WARN** [3155] $setuphold optional delayed reference variable CLK_delayed unsupported - ignored
**lib/sky130_fd_sc_hd.v(121183) WARN** [3155] $setuphold optional delayed data variable GATE_delayed unsupported - ignored
**lib/sky130_fd_sc_hd.v(121184) WARN** [653] $setuphold timing check min:typ:max limit expression needs parentheses under 1364 - unportable
**lib/sky130_fd_sc_hd.v(121184) WARN** [653] $setuphold timing check min:typ:max 2nd limit expression needs parentheses under 1364 - unportable
**lib/sky130_fd_sc_hd.v(121184) WARN** [3153] $setuphold optional time stamp condition expression GATE_AWAKE unsupported - ignored
**lib/sky130_fd_sc_hd.v(121184) WARN** [3154] $setuphold optional time check condition expression GATE_AWAKE unsupported - ignored
**lib/sky130_fd_sc_hd.v(121184) WARN** [3155] $setuphold optional delayed reference variable CLK_delayed unsupported - ignored
**lib/sky130_fd_sc_hd.v(121184) WARN** [3155] $setuphold optional delayed data variable GATE_delayed unsupported - ignored
**lib/sky130_fd_sc_hd.v(121185) WARN** [653] $width timing check min:typ:max limit expression needs parentheses under 1364 - unportable
**lib/sky130_fd_sc_hd.v(121357) WARN** [653] $setuphold timing check min:typ:max limit expression needs parentheses under 1364 - unportable
**lib/sky130_fd_sc_hd.v(121357) WARN** [653] $setuphold timing check min:typ:max 2nd limit expression needs parentheses under 1364 - unportable
**lib/sky130_fd_sc_hd.v(121357) WARN** [3153] $setuphold optional time stamp condition expression SCE_AWAKE unsupported - ignored
**lib/sky130_fd_sc_hd.v(121357) WARN** [3154] $setuphold optional time check condition expression SCE_AWAKE unsupported - ignored
**lib/sky130_fd_sc_hd.v(121357) WARN** [3155] $setuphold optional delayed reference variable CLK_delayed unsupported - ignored
**lib/sky130_fd_sc_hd.v(121357) WARN** [3155] $setuphold optional delayed data variable SCE_delayed unsupported - ignored
**lib/sky130_fd_sc_hd.v(121358) WARN** [653] $setuphold timing check min:typ:max limit expression needs parentheses under 1364 - unportable
**lib/sky130_fd_sc_hd.v(121358) WARN** [653] $setuphold timing check min:typ:max 2nd limit expression needs parentheses under 1364 - unportable
**lib/sky130_fd_sc_hd.v(121358) WARN** [3153] $setuphold optional time stamp condition expression SCE_AWAKE unsupported - ignored
**lib/sky130_fd_sc_hd.v(121358) WARN** [3154] $setuphold optional time check condition expression SCE_AWAKE unsupported - ignored
**lib/sky130_fd_sc_hd.v(121358) WARN** [3155] $setuphold optional delayed reference variable CLK_delayed unsupported - ignored
**lib/sky130_fd_sc_hd.v(121358) WARN** [3155] $setuphold optional delayed data variable SCE_delayed unsupported - ignored
**lib/sky130_fd_sc_hd.v(121359) WARN** [653] $setuphold timing check min:typ:max limit expression needs parentheses under 1364 - unportable
**lib/sky130_fd_sc_hd.v(121359) WARN** [653] $setuphold timing check min:typ:max 2nd limit expression needs parentheses under 1364 - unportable
**lib/sky130_fd_sc_hd.v(121359) WARN** [3153] $setuphold optional time stamp condition expression GATE_AWAKE unsupported - ignored
**lib/sky130_fd_sc_hd.v(121359) WARN** [3154] $setuphold optional time check condition expression GATE_AWAKE unsupported - ignored
**lib/sky130_fd_sc_hd.v(121359) WARN** [3155] $setuphold optional delayed reference variable CLK_delayed unsupported - ignored
**lib/sky130_fd_sc_hd.v(121359) WARN** [3155] $setuphold optional delayed data variable GATE_delayed unsupported - ignored
**lib/sky130_fd_sc_hd.v(121360) WARN** [653] $setuphold timing check min:typ:max limit expression needs parentheses under 1364 - unportable
**lib/sky130_fd_sc_hd.v(121360) WARN** [653] $setuphold timing check min:typ:max 2nd limit expression needs parentheses under 1364 - unportable
**lib/sky130_fd_sc_hd.v(121360) WARN** [3153] $setuphold optional time stamp condition expression GATE_AWAKE unsupported - ignored
**lib/sky130_fd_sc_hd.v(121360) WARN** [3154] $setuphold optional time check condition expression GATE_AWAKE unsupported - ignored
**lib/sky130_fd_sc_hd.v(121360) WARN** [3155] $setuphold optional delayed reference variable CLK_delayed unsupported - ignored
**lib/sky130_fd_sc_hd.v(121360) WARN** [3155] $setuphold optional delayed data variable GATE_delayed unsupported - ignored
**lib/sky130_fd_sc_hd.v(121361) WARN** [653] $width timing check min:typ:max limit expression needs parentheses under 1364 - unportable
**lib/sky130_fd_sc_hd.v(121928) WARN** [653] $setuphold timing check min:typ:max limit expression needs parentheses under 1364 - unportable
**lib/sky130_fd_sc_hd.v(121928) WARN** [653] $setuphold timing check min:typ:max 2nd limit expression needs parentheses under 1364 - unportable
**lib/sky130_fd_sc_hd.v(121928) WARN** [3153] $setuphold optional time stamp condition expression AWAKE unsupported - ignored
**lib/sky130_fd_sc_hd.v(121928) WARN** [3154] $setuphold optional time check condition expression AWAKE unsupported - ignored
**lib/sky130_fd_sc_hd.v(121928) WARN** [3155] $setuphold optional delayed reference variable CLK_delayed unsupported - ignored
**lib/sky130_fd_sc_hd.v(121928) WARN** [3155] $setuphold optional delayed data variable DE_delayed unsupported - ignored
**lib/sky130_fd_sc_hd.v(121929) WARN** [653] $setuphold timing check min:typ:max limit expression needs parentheses under 1364 - unportable
**lib/sky130_fd_sc_hd.v(121929) WARN** [653] $setuphold timing check min:typ:max 2nd limit expression needs parentheses under 1364 - unportable
**lib/sky130_fd_sc_hd.v(121929) WARN** [3153] $setuphold optional time stamp condition expression AWAKE unsupported - ignored
**lib/sky130_fd_sc_hd.v(121929) WARN** [3154] $setuphold optional time check condition expression AWAKE unsupported - ignored
**lib/sky130_fd_sc_hd.v(121929) WARN** [3155] $setuphold optional delayed reference variable CLK_delayed unsupported - ignored
**lib/sky130_fd_sc_hd.v(121929) WARN** [3155] $setuphold optional delayed data variable DE_delayed unsupported - ignored
**lib/sky130_fd_sc_hd.v(121930) WARN** [653] $setuphold timing check min:typ:max limit expression needs parentheses under 1364 - unportable
**lib/sky130_fd_sc_hd.v(121930) WARN** [653] $setuphold timing check min:typ:max 2nd limit expression needs parentheses under 1364 - unportable
**lib/sky130_fd_sc_hd.v(121930) WARN** [3153] $setuphold optional time stamp condition expression COND1 unsupported - ignored
**lib/sky130_fd_sc_hd.v(121930) WARN** [3154] $setuphold optional time check condition expression COND1 unsupported - ignored
**lib/sky130_fd_sc_hd.v(121930) WARN** [3155] $setuphold optional delayed reference variable CLK_delayed unsupported - ignored
**lib/sky130_fd_sc_hd.v(121930) WARN** [3155] $setuphold optional delayed data variable D_delayed unsupported - ignored
**lib/sky130_fd_sc_hd.v(121931) WARN** [653] $setuphold timing check min:typ:max limit expression needs parentheses under 1364 - unportable
**lib/sky130_fd_sc_hd.v(121931) WARN** [653] $setuphold timing check min:typ:max 2nd limit expression needs parentheses under 1364 - unportable
**lib/sky130_fd_sc_hd.v(121931) WARN** [3153] $setuphold optional time stamp condition expression COND1 unsupported - ignored
**lib/sky130_fd_sc_hd.v(121931) WARN** [3154] $setuphold optional time check condition expression COND1 unsupported - ignored
**lib/sky130_fd_sc_hd.v(121931) WARN** [3155] $setuphold optional delayed reference variable CLK_delayed unsupported - ignored
**lib/sky130_fd_sc_hd.v(121931) WARN** [3155] $setuphold optional delayed data variable D_delayed unsupported - ignored
**lib/sky130_fd_sc_hd.v(121932) WARN** [653] $setuphold timing check min:typ:max limit expression needs parentheses under 1364 - unportable
**lib/sky130_fd_sc_hd.v(121932) WARN** [653] $setuphold timing check min:typ:max 2nd limit expression needs parentheses under 1364 - unportable
**lib/sky130_fd_sc_hd.v(121932) WARN** [3153] $setuphold optional time stamp condition expression COND2 unsupported - ignored
**lib/sky130_fd_sc_hd.v(121932) WARN** [3154] $setuphold optional time check condition expression COND2 unsupported - ignored
**lib/sky130_fd_sc_hd.v(121932) WARN** [3155] $setuphold optional delayed reference variable CLK_delayed unsupported - ignored
**lib/sky130_fd_sc_hd.v(121932) WARN** [3155] $setuphold optional delayed data variable SCD_delayed unsupported - ignored
**lib/sky130_fd_sc_hd.v(121933) WARN** [653] $setuphold timing check min:typ:max limit expression needs parentheses under 1364 - unportable
**lib/sky130_fd_sc_hd.v(121933) WARN** [653] $setuphold timing check min:typ:max 2nd limit expression needs parentheses under 1364 - unportable
**lib/sky130_fd_sc_hd.v(121933) WARN** [3153] $setuphold optional time stamp condition expression COND2 unsupported - ignored
**lib/sky130_fd_sc_hd.v(121933) WARN** [3154] $setuphold optional time check condition expression COND2 unsupported - ignored
**lib/sky130_fd_sc_hd.v(121933) WARN** [3155] $setuphold optional delayed reference variable CLK_delayed unsupported - ignored
**lib/sky130_fd_sc_hd.v(121933) WARN** [3155] $setuphold optional delayed data variable SCD_delayed unsupported - ignored
**lib/sky130_fd_sc_hd.v(121934) WARN** [653] $setuphold timing check min:typ:max limit expression needs parentheses under 1364 - unportable
**lib/sky130_fd_sc_hd.v(121934) WARN** [653] $setuphold timing check min:typ:max 2nd limit expression needs parentheses under 1364 - unportable
**lib/sky130_fd_sc_hd.v(121934) WARN** [3153] $setuphold optional time stamp condition expression COND3 unsupported - ignored
**lib/sky130_fd_sc_hd.v(121934) WARN** [3154] $setuphold optional time check condition expression COND3 unsupported - ignored
**lib/sky130_fd_sc_hd.v(121934) WARN** [3155] $setuphold optional delayed reference variable CLK_delayed unsupported - ignored
**lib/sky130_fd_sc_hd.v(121934) WARN** [3155] $setuphold optional delayed data variable SCE_delayed unsupported - ignored
**lib/sky130_fd_sc_hd.v(121935) WARN** [653] $setuphold timing check min:typ:max limit expression needs parentheses under 1364 - unportable
**lib/sky130_fd_sc_hd.v(121935) WARN** [653] $setuphold timing check min:typ:max 2nd limit expression needs parentheses under 1364 - unportable
**lib/sky130_fd_sc_hd.v(121935) WARN** [3153] $setuphold optional time stamp condition expression COND3 unsupported - ignored
**lib/sky130_fd_sc_hd.v(121935) WARN** [3154] $setuphold optional time check condition expression COND3 unsupported - ignored
**lib/sky130_fd_sc_hd.v(121935) WARN** [3155] $setuphold optional delayed reference variable CLK_delayed unsupported - ignored
**lib/sky130_fd_sc_hd.v(121935) WARN** [3155] $setuphold optional delayed data variable SCE_delayed unsupported - ignored
**lib/sky130_fd_sc_hd.v(121936) WARN** [653] $width timing check min:typ:max limit expression needs parentheses under 1364 - unportable
**lib/sky130_fd_sc_hd.v(121937) WARN** [653] $width timing check min:typ:max limit expression needs parentheses under 1364 - unportable
**lib/sky130_fd_sc_hd.v(122134) WARN** [653] $setuphold timing check min:typ:max limit expression needs parentheses under 1364 - unportable
**lib/sky130_fd_sc_hd.v(122134) WARN** [653] $setuphold timing check min:typ:max 2nd limit expression needs parentheses under 1364 - unportable
**lib/sky130_fd_sc_hd.v(122134) WARN** [3153] $setuphold optional time stamp condition expression AWAKE unsupported - ignored
**lib/sky130_fd_sc_hd.v(122134) WARN** [3154] $setuphold optional time check condition expression AWAKE unsupported - ignored
**lib/sky130_fd_sc_hd.v(122134) WARN** [3155] $setuphold optional delayed reference variable CLK_delayed unsupported - ignored
**lib/sky130_fd_sc_hd.v(122134) WARN** [3155] $setuphold optional delayed data variable DE_delayed unsupported - ignored
**lib/sky130_fd_sc_hd.v(122135) WARN** [653] $setuphold timing check min:typ:max limit expression needs parentheses under 1364 - unportable
**lib/sky130_fd_sc_hd.v(122135) WARN** [653] $setuphold timing check min:typ:max 2nd limit expression needs parentheses under 1364 - unportable
**lib/sky130_fd_sc_hd.v(122135) WARN** [3153] $setuphold optional time stamp condition expression AWAKE unsupported - ignored
**lib/sky130_fd_sc_hd.v(122135) WARN** [3154] $setuphold optional time check condition expression AWAKE unsupported - ignored
**lib/sky130_fd_sc_hd.v(122135) WARN** [3155] $setuphold optional delayed reference variable CLK_delayed unsupported - ignored
**lib/sky130_fd_sc_hd.v(122135) WARN** [3155] $setuphold optional delayed data variable DE_delayed unsupported - ignored
**lib/sky130_fd_sc_hd.v(122136) WARN** [653] $setuphold timing check min:typ:max limit expression needs parentheses under 1364 - unportable
**lib/sky130_fd_sc_hd.v(122136) WARN** [653] $setuphold timing check min:typ:max 2nd limit expression needs parentheses under 1364 - unportable
**lib/sky130_fd_sc_hd.v(122136) WARN** [3153] $setuphold optional time stamp condition expression COND1 unsupported - ignored
**lib/sky130_fd_sc_hd.v(122136) WARN** [3154] $setuphold optional time check condition expression COND1 unsupported - ignored
**lib/sky130_fd_sc_hd.v(122136) WARN** [3155] $setuphold optional delayed reference variable CLK_delayed unsupported - ignored
**lib/sky130_fd_sc_hd.v(122136) WARN** [3155] $setuphold optional delayed data variable D_delayed unsupported - ignored
**lib/sky130_fd_sc_hd.v(122137) WARN** [653] $setuphold timing check min:typ:max limit expression needs parentheses under 1364 - unportable
**lib/sky130_fd_sc_hd.v(122137) WARN** [653] $setuphold timing check min:typ:max 2nd limit expression needs parentheses under 1364 - unportable
**lib/sky130_fd_sc_hd.v(122137) WARN** [3153] $setuphold optional time stamp condition expression COND1 unsupported - ignored
**lib/sky130_fd_sc_hd.v(122137) WARN** [3154] $setuphold optional time check condition expression COND1 unsupported - ignored
**lib/sky130_fd_sc_hd.v(122137) WARN** [3155] $setuphold optional delayed reference variable CLK_delayed unsupported - ignored
**lib/sky130_fd_sc_hd.v(122137) WARN** [3155] $setuphold optional delayed data variable D_delayed unsupported - ignored
**lib/sky130_fd_sc_hd.v(122138) WARN** [653] $setuphold timing check min:typ:max limit expression needs parentheses under 1364 - unportable
**lib/sky130_fd_sc_hd.v(122138) WARN** [653] $setuphold timing check min:typ:max 2nd limit expression needs parentheses under 1364 - unportable
**lib/sky130_fd_sc_hd.v(122138) WARN** [3153] $setuphold optional time stamp condition expression COND2 unsupported - ignored
**lib/sky130_fd_sc_hd.v(122138) WARN** [3154] $setuphold optional time check condition expression COND2 unsupported - ignored
**lib/sky130_fd_sc_hd.v(122138) WARN** [3155] $setuphold optional delayed reference variable CLK_delayed unsupported - ignored
**lib/sky130_fd_sc_hd.v(122138) WARN** [3155] $setuphold optional delayed data variable SCD_delayed unsupported - ignored
**lib/sky130_fd_sc_hd.v(122139) WARN** [653] $setuphold timing check min:typ:max limit expression needs parentheses under 1364 - unportable
**lib/sky130_fd_sc_hd.v(122139) WARN** [653] $setuphold timing check min:typ:max 2nd limit expression needs parentheses under 1364 - unportable
**lib/sky130_fd_sc_hd.v(122139) WARN** [3153] $setuphold optional time stamp condition expression COND2 unsupported - ignored
**lib/sky130_fd_sc_hd.v(122139) WARN** [3154] $setuphold optional time check condition expression COND2 unsupported - ignored
**lib/sky130_fd_sc_hd.v(122139) WARN** [3155] $setuphold optional delayed reference variable CLK_delayed unsupported - ignored
**lib/sky130_fd_sc_hd.v(122139) WARN** [3155] $setuphold optional delayed data variable SCD_delayed unsupported - ignored
**lib/sky130_fd_sc_hd.v(122140) WARN** [653] $setuphold timing check min:typ:max limit expression needs parentheses under 1364 - unportable
**lib/sky130_fd_sc_hd.v(122140) WARN** [653] $setuphold timing check min:typ:max 2nd limit expression needs parentheses under 1364 - unportable
**lib/sky130_fd_sc_hd.v(122140) WARN** [3153] $setuphold optional time stamp condition expression COND3 unsupported - ignored
**lib/sky130_fd_sc_hd.v(122140) WARN** [3154] $setuphold optional time check condition expression COND3 unsupported - ignored
**lib/sky130_fd_sc_hd.v(122140) WARN** [3155] $setuphold optional delayed reference variable CLK_delayed unsupported - ignored
**lib/sky130_fd_sc_hd.v(122140) WARN** [3155] $setuphold optional delayed data variable SCE_delayed unsupported - ignored
**lib/sky130_fd_sc_hd.v(122141) WARN** [653] $setuphold timing check min:typ:max limit expression needs parentheses under 1364 - unportable
**lib/sky130_fd_sc_hd.v(122141) WARN** [653] $setuphold timing check min:typ:max 2nd limit expression needs parentheses under 1364 - unportable
**lib/sky130_fd_sc_hd.v(122141) WARN** [3153] $setuphold optional time stamp condition expression COND3 unsupported - ignored
**lib/sky130_fd_sc_hd.v(122141) WARN** [3154] $setuphold optional time check condition expression COND3 unsupported - ignored
**lib/sky130_fd_sc_hd.v(122141) WARN** [3155] $setuphold optional delayed reference variable CLK_delayed unsupported - ignored
**lib/sky130_fd_sc_hd.v(122141) WARN** [3155] $setuphold optional delayed data variable SCE_delayed unsupported - ignored
**lib/sky130_fd_sc_hd.v(122142) WARN** [653] $width timing check min:typ:max limit expression needs parentheses under 1364 - unportable
**lib/sky130_fd_sc_hd.v(122143) WARN** [653] $width timing check min:typ:max limit expression needs parentheses under 1364 - unportable
**lib/sky130_fd_sc_hd.v(122711) WARN** [653] $setuphold timing check min:typ:max limit expression needs parentheses under 1364 - unportable
**lib/sky130_fd_sc_hd.v(122711) WARN** [653] $setuphold timing check min:typ:max 2nd limit expression needs parentheses under 1364 - unportable
**lib/sky130_fd_sc_hd.v(122711) WARN** [3153] $setuphold optional time stamp condition expression AWAKE unsupported - ignored
**lib/sky130_fd_sc_hd.v(122711) WARN** [3154] $setuphold optional time check condition expression AWAKE unsupported - ignored
**lib/sky130_fd_sc_hd.v(122711) WARN** [3155] $setuphold optional delayed reference variable CLK_delayed unsupported - ignored
**lib/sky130_fd_sc_hd.v(122711) WARN** [3155] $setuphold optional delayed data variable DE_delayed unsupported - ignored
**lib/sky130_fd_sc_hd.v(122712) WARN** [653] $setuphold timing check min:typ:max limit expression needs parentheses under 1364 - unportable
**lib/sky130_fd_sc_hd.v(122712) WARN** [653] $setuphold timing check min:typ:max 2nd limit expression needs parentheses under 1364 - unportable
**lib/sky130_fd_sc_hd.v(122712) WARN** [3153] $setuphold optional time stamp condition expression AWAKE unsupported - ignored
**lib/sky130_fd_sc_hd.v(122712) WARN** [3154] $setuphold optional time check condition expression AWAKE unsupported - ignored
**lib/sky130_fd_sc_hd.v(122712) WARN** [3155] $setuphold optional delayed reference variable CLK_delayed unsupported - ignored
**lib/sky130_fd_sc_hd.v(122712) WARN** [3155] $setuphold optional delayed data variable DE_delayed unsupported - ignored
**lib/sky130_fd_sc_hd.v(122713) WARN** [653] $setuphold timing check min:typ:max limit expression needs parentheses under 1364 - unportable
**lib/sky130_fd_sc_hd.v(122713) WARN** [653] $setuphold timing check min:typ:max 2nd limit expression needs parentheses under 1364 - unportable
**lib/sky130_fd_sc_hd.v(122713) WARN** [3153] $setuphold optional time stamp condition expression COND1 unsupported - ignored
**lib/sky130_fd_sc_hd.v(122713) WARN** [3154] $setuphold optional time check condition expression COND1 unsupported - ignored
**lib/sky130_fd_sc_hd.v(122713) WARN** [3155] $setuphold optional delayed reference variable CLK_delayed unsupported - ignored
**lib/sky130_fd_sc_hd.v(122713) WARN** [3155] $setuphold optional delayed data variable D_delayed unsupported - ignored
**lib/sky130_fd_sc_hd.v(122714) WARN** [653] $setuphold timing check min:typ:max limit expression needs parentheses under 1364 - unportable
**lib/sky130_fd_sc_hd.v(122714) WARN** [653] $setuphold timing check min:typ:max 2nd limit expression needs parentheses under 1364 - unportable
**lib/sky130_fd_sc_hd.v(122714) WARN** [3153] $setuphold optional time stamp condition expression COND1 unsupported - ignored
**lib/sky130_fd_sc_hd.v(122714) WARN** [3154] $setuphold optional time check condition expression COND1 unsupported - ignored
**lib/sky130_fd_sc_hd.v(122714) WARN** [3155] $setuphold optional delayed reference variable CLK_delayed unsupported - ignored
**lib/sky130_fd_sc_hd.v(122714) WARN** [3155] $setuphold optional delayed data variable D_delayed unsupported - ignored
**lib/sky130_fd_sc_hd.v(122715) WARN** [653] $setuphold timing check min:typ:max limit expression needs parentheses under 1364 - unportable
**lib/sky130_fd_sc_hd.v(122715) WARN** [653] $setuphold timing check min:typ:max 2nd limit expression needs parentheses under 1364 - unportable
**lib/sky130_fd_sc_hd.v(122715) WARN** [3153] $setuphold optional time stamp condition expression COND2 unsupported - ignored
**lib/sky130_fd_sc_hd.v(122715) WARN** [3154] $setuphold optional time check condition expression COND2 unsupported - ignored
**lib/sky130_fd_sc_hd.v(122715) WARN** [3155] $setuphold optional delayed reference variable CLK_delayed unsupported - ignored
**lib/sky130_fd_sc_hd.v(122715) WARN** [3155] $setuphold optional delayed data variable SCD_delayed unsupported - ignored
**lib/sky130_fd_sc_hd.v(122716) WARN** [653] $setuphold timing check min:typ:max limit expression needs parentheses under 1364 - unportable
**lib/sky130_fd_sc_hd.v(122716) WARN** [653] $setuphold timing check min:typ:max 2nd limit expression needs parentheses under 1364 - unportable
**lib/sky130_fd_sc_hd.v(122716) WARN** [3153] $setuphold optional time stamp condition expression COND2 unsupported - ignored
**lib/sky130_fd_sc_hd.v(122716) WARN** [3154] $setuphold optional time check condition expression COND2 unsupported - ignored
**lib/sky130_fd_sc_hd.v(122716) WARN** [3155] $setuphold optional delayed reference variable CLK_delayed unsupported - ignored
**lib/sky130_fd_sc_hd.v(122716) WARN** [3155] $setuphold optional delayed data variable SCD_delayed unsupported - ignored
**lib/sky130_fd_sc_hd.v(122717) WARN** [653] $setuphold timing check min:typ:max limit expression needs parentheses under 1364 - unportable
**lib/sky130_fd_sc_hd.v(122717) WARN** [653] $setuphold timing check min:typ:max 2nd limit expression needs parentheses under 1364 - unportable
**lib/sky130_fd_sc_hd.v(122717) WARN** [3153] $setuphold optional time stamp condition expression COND3 unsupported - ignored
**lib/sky130_fd_sc_hd.v(122717) WARN** [3154] $setuphold optional time check condition expression COND3 unsupported - ignored
**lib/sky130_fd_sc_hd.v(122717) WARN** [3155] $setuphold optional delayed reference variable CLK_delayed unsupported - ignored
**lib/sky130_fd_sc_hd.v(122717) WARN** [3155] $setuphold optional delayed data variable SCE_delayed unsupported - ignored
**lib/sky130_fd_sc_hd.v(122718) WARN** [653] $setuphold timing check min:typ:max limit expression needs parentheses under 1364 - unportable
**lib/sky130_fd_sc_hd.v(122718) WARN** [653] $setuphold timing check min:typ:max 2nd limit expression needs parentheses under 1364 - unportable
**lib/sky130_fd_sc_hd.v(122718) WARN** [3153] $setuphold optional time stamp condition expression COND3 unsupported - ignored
**lib/sky130_fd_sc_hd.v(122718) WARN** [3154] $setuphold optional time check condition expression COND3 unsupported - ignored
**lib/sky130_fd_sc_hd.v(122718) WARN** [3155] $setuphold optional delayed reference variable CLK_delayed unsupported - ignored
**lib/sky130_fd_sc_hd.v(122718) WARN** [3155] $setuphold optional delayed data variable SCE_delayed unsupported - ignored
**lib/sky130_fd_sc_hd.v(122719) WARN** [653] $width timing check min:typ:max limit expression needs parentheses under 1364 - unportable
**lib/sky130_fd_sc_hd.v(122720) WARN** [653] $width timing check min:typ:max limit expression needs parentheses under 1364 - unportable
**lib/sky130_fd_sc_hd.v(122909) WARN** [653] $setuphold timing check min:typ:max limit expression needs parentheses under 1364 - unportable
**lib/sky130_fd_sc_hd.v(122909) WARN** [653] $setuphold timing check min:typ:max 2nd limit expression needs parentheses under 1364 - unportable
**lib/sky130_fd_sc_hd.v(122909) WARN** [3153] $setuphold optional time stamp condition expression AWAKE unsupported - ignored
**lib/sky130_fd_sc_hd.v(122909) WARN** [3154] $setuphold optional time check condition expression AWAKE unsupported - ignored
**lib/sky130_fd_sc_hd.v(122909) WARN** [3155] $setuphold optional delayed reference variable CLK_delayed unsupported - ignored
**lib/sky130_fd_sc_hd.v(122909) WARN** [3155] $setuphold optional delayed data variable DE_delayed unsupported - ignored
**lib/sky130_fd_sc_hd.v(122910) WARN** [653] $setuphold timing check min:typ:max limit expression needs parentheses under 1364 - unportable
**lib/sky130_fd_sc_hd.v(122910) WARN** [653] $setuphold timing check min:typ:max 2nd limit expression needs parentheses under 1364 - unportable
**lib/sky130_fd_sc_hd.v(122910) WARN** [3153] $setuphold optional time stamp condition expression AWAKE unsupported - ignored
**lib/sky130_fd_sc_hd.v(122910) WARN** [3154] $setuphold optional time check condition expression AWAKE unsupported - ignored
**lib/sky130_fd_sc_hd.v(122910) WARN** [3155] $setuphold optional delayed reference variable CLK_delayed unsupported - ignored
**lib/sky130_fd_sc_hd.v(122910) WARN** [3155] $setuphold optional delayed data variable DE_delayed unsupported - ignored
**lib/sky130_fd_sc_hd.v(122911) WARN** [653] $setuphold timing check min:typ:max limit expression needs parentheses under 1364 - unportable
**lib/sky130_fd_sc_hd.v(122911) WARN** [653] $setuphold timing check min:typ:max 2nd limit expression needs parentheses under 1364 - unportable
**lib/sky130_fd_sc_hd.v(122911) WARN** [3153] $setuphold optional time stamp condition expression COND1 unsupported - ignored
**lib/sky130_fd_sc_hd.v(122911) WARN** [3154] $setuphold optional time check condition expression COND1 unsupported - ignored
**lib/sky130_fd_sc_hd.v(122911) WARN** [3155] $setuphold optional delayed reference variable CLK_delayed unsupported - ignored
**lib/sky130_fd_sc_hd.v(122911) WARN** [3155] $setuphold optional delayed data variable D_delayed unsupported - ignored
**lib/sky130_fd_sc_hd.v(122912) WARN** [653] $setuphold timing check min:typ:max limit expression needs parentheses under 1364 - unportable
**lib/sky130_fd_sc_hd.v(122912) WARN** [653] $setuphold timing check min:typ:max 2nd limit expression needs parentheses under 1364 - unportable
**lib/sky130_fd_sc_hd.v(122912) WARN** [3153] $setuphold optional time stamp condition expression COND1 unsupported - ignored
**lib/sky130_fd_sc_hd.v(122912) WARN** [3154] $setuphold optional time check condition expression COND1 unsupported - ignored
**lib/sky130_fd_sc_hd.v(122912) WARN** [3155] $setuphold optional delayed reference variable CLK_delayed unsupported - ignored
**lib/sky130_fd_sc_hd.v(122912) WARN** [3155] $setuphold optional delayed data variable D_delayed unsupported - ignored
**lib/sky130_fd_sc_hd.v(122913) WARN** [653] $setuphold timing check min:typ:max limit expression needs parentheses under 1364 - unportable
**lib/sky130_fd_sc_hd.v(122913) WARN** [653] $setuphold timing check min:typ:max 2nd limit expression needs parentheses under 1364 - unportable
**lib/sky130_fd_sc_hd.v(122913) WARN** [3153] $setuphold optional time stamp condition expression COND2 unsupported - ignored
**lib/sky130_fd_sc_hd.v(122913) WARN** [3154] $setuphold optional time check condition expression COND2 unsupported - ignored
**lib/sky130_fd_sc_hd.v(122913) WARN** [3155] $setuphold optional delayed reference variable CLK_delayed unsupported - ignored
**lib/sky130_fd_sc_hd.v(122913) WARN** [3155] $setuphold optional delayed data variable SCD_delayed unsupported - ignored
**lib/sky130_fd_sc_hd.v(122914) WARN** [653] $setuphold timing check min:typ:max limit expression needs parentheses under 1364 - unportable
**lib/sky130_fd_sc_hd.v(122914) WARN** [653] $setuphold timing check min:typ:max 2nd limit expression needs parentheses under 1364 - unportable
**lib/sky130_fd_sc_hd.v(122914) WARN** [3153] $setuphold optional time stamp condition expression COND2 unsupported - ignored
**lib/sky130_fd_sc_hd.v(122914) WARN** [3154] $setuphold optional time check condition expression COND2 unsupported - ignored
**lib/sky130_fd_sc_hd.v(122914) WARN** [3155] $setuphold optional delayed reference variable CLK_delayed unsupported - ignored
**lib/sky130_fd_sc_hd.v(122914) WARN** [3155] $setuphold optional delayed data variable SCD_delayed unsupported - ignored
**lib/sky130_fd_sc_hd.v(122915) WARN** [653] $setuphold timing check min:typ:max limit expression needs parentheses under 1364 - unportable
**lib/sky130_fd_sc_hd.v(122915) WARN** [653] $setuphold timing check min:typ:max 2nd limit expression needs parentheses under 1364 - unportable
**lib/sky130_fd_sc_hd.v(122915) WARN** [3153] $setuphold optional time stamp condition expression COND3 unsupported - ignored
**lib/sky130_fd_sc_hd.v(122915) WARN** [3154] $setuphold optional time check condition expression COND3 unsupported - ignored
**lib/sky130_fd_sc_hd.v(122915) WARN** [3155] $setuphold optional delayed reference variable CLK_delayed unsupported - ignored
**lib/sky130_fd_sc_hd.v(122915) WARN** [3155] $setuphold optional delayed data variable SCE_delayed unsupported - ignored
**lib/sky130_fd_sc_hd.v(122916) WARN** [653] $setuphold timing check min:typ:max limit expression needs parentheses under 1364 - unportable
**lib/sky130_fd_sc_hd.v(122916) WARN** [653] $setuphold timing check min:typ:max 2nd limit expression needs parentheses under 1364 - unportable
**lib/sky130_fd_sc_hd.v(122916) WARN** [3153] $setuphold optional time stamp condition expression COND3 unsupported - ignored
**lib/sky130_fd_sc_hd.v(122916) WARN** [3154] $setuphold optional time check condition expression COND3 unsupported - ignored
**lib/sky130_fd_sc_hd.v(122916) WARN** [3155] $setuphold optional delayed reference variable CLK_delayed unsupported - ignored
**lib/sky130_fd_sc_hd.v(122916) WARN** [3155] $setuphold optional delayed data variable SCE_delayed unsupported - ignored
**lib/sky130_fd_sc_hd.v(122917) WARN** [653] $width timing check min:typ:max limit expression needs parentheses under 1364 - unportable
**lib/sky130_fd_sc_hd.v(122918) WARN** [653] $width timing check min:typ:max limit expression needs parentheses under 1364 - unportable
**lib/sky130_fd_sc_hd.v(123106) WARN** [653] $setuphold timing check min:typ:max limit expression needs parentheses under 1364 - unportable
**lib/sky130_fd_sc_hd.v(123106) WARN** [653] $setuphold timing check min:typ:max 2nd limit expression needs parentheses under 1364 - unportable
**lib/sky130_fd_sc_hd.v(123106) WARN** [3153] $setuphold optional time stamp condition expression AWAKE unsupported - ignored
**lib/sky130_fd_sc_hd.v(123106) WARN** [3154] $setuphold optional time check condition expression AWAKE unsupported - ignored
**lib/sky130_fd_sc_hd.v(123106) WARN** [3155] $setuphold optional delayed reference variable CLK_delayed unsupported - ignored
**lib/sky130_fd_sc_hd.v(123106) WARN** [3155] $setuphold optional delayed data variable DE_delayed unsupported - ignored
**lib/sky130_fd_sc_hd.v(123107) WARN** [653] $setuphold timing check min:typ:max limit expression needs parentheses under 1364 - unportable
**lib/sky130_fd_sc_hd.v(123107) WARN** [653] $setuphold timing check min:typ:max 2nd limit expression needs parentheses under 1364 - unportable
**lib/sky130_fd_sc_hd.v(123107) WARN** [3153] $setuphold optional time stamp condition expression AWAKE unsupported - ignored
**lib/sky130_fd_sc_hd.v(123107) WARN** [3154] $setuphold optional time check condition expression AWAKE unsupported - ignored
**lib/sky130_fd_sc_hd.v(123107) WARN** [3155] $setuphold optional delayed reference variable CLK_delayed unsupported - ignored
**lib/sky130_fd_sc_hd.v(123107) WARN** [3155] $setuphold optional delayed data variable DE_delayed unsupported - ignored
**lib/sky130_fd_sc_hd.v(123108) WARN** [653] $setuphold timing check min:typ:max limit expression needs parentheses under 1364 - unportable
**lib/sky130_fd_sc_hd.v(123108) WARN** [653] $setuphold timing check min:typ:max 2nd limit expression needs parentheses under 1364 - unportable
**lib/sky130_fd_sc_hd.v(123108) WARN** [3153] $setuphold optional time stamp condition expression COND1 unsupported - ignored
**lib/sky130_fd_sc_hd.v(123108) WARN** [3154] $setuphold optional time check condition expression COND1 unsupported - ignored
**lib/sky130_fd_sc_hd.v(123108) WARN** [3155] $setuphold optional delayed reference variable CLK_delayed unsupported - ignored
**lib/sky130_fd_sc_hd.v(123108) WARN** [3155] $setuphold optional delayed data variable D_delayed unsupported - ignored
**lib/sky130_fd_sc_hd.v(123109) WARN** [653] $setuphold timing check min:typ:max limit expression needs parentheses under 1364 - unportable
**lib/sky130_fd_sc_hd.v(123109) WARN** [653] $setuphold timing check min:typ:max 2nd limit expression needs parentheses under 1364 - unportable
**lib/sky130_fd_sc_hd.v(123109) WARN** [3153] $setuphold optional time stamp condition expression COND1 unsupported - ignored
**lib/sky130_fd_sc_hd.v(123109) WARN** [3154] $setuphold optional time check condition expression COND1 unsupported - ignored
**lib/sky130_fd_sc_hd.v(123109) WARN** [3155] $setuphold optional delayed reference variable CLK_delayed unsupported - ignored
**lib/sky130_fd_sc_hd.v(123109) WARN** [3155] $setuphold optional delayed data variable D_delayed unsupported - ignored
**lib/sky130_fd_sc_hd.v(123110) WARN** [653] $setuphold timing check min:typ:max limit expression needs parentheses under 1364 - unportable
**lib/sky130_fd_sc_hd.v(123110) WARN** [653] $setuphold timing check min:typ:max 2nd limit expression needs parentheses under 1364 - unportable
**lib/sky130_fd_sc_hd.v(123110) WARN** [3153] $setuphold optional time stamp condition expression COND2 unsupported - ignored
**lib/sky130_fd_sc_hd.v(123110) WARN** [3154] $setuphold optional time check condition expression COND2 unsupported - ignored
**lib/sky130_fd_sc_hd.v(123110) WARN** [3155] $setuphold optional delayed reference variable CLK_delayed unsupported - ignored
**lib/sky130_fd_sc_hd.v(123110) WARN** [3155] $setuphold optional delayed data variable SCD_delayed unsupported - ignored
**lib/sky130_fd_sc_hd.v(123111) WARN** [653] $setuphold timing check min:typ:max limit expression needs parentheses under 1364 - unportable
**lib/sky130_fd_sc_hd.v(123111) WARN** [653] $setuphold timing check min:typ:max 2nd limit expression needs parentheses under 1364 - unportable
**lib/sky130_fd_sc_hd.v(123111) WARN** [3153] $setuphold optional time stamp condition expression COND2 unsupported - ignored
**lib/sky130_fd_sc_hd.v(123111) WARN** [3154] $setuphold optional time check condition expression COND2 unsupported - ignored
**lib/sky130_fd_sc_hd.v(123111) WARN** [3155] $setuphold optional delayed reference variable CLK_delayed unsupported - ignored
**lib/sky130_fd_sc_hd.v(123111) WARN** [3155] $setuphold optional delayed data variable SCD_delayed unsupported - ignored
**lib/sky130_fd_sc_hd.v(123112) WARN** [653] $setuphold timing check min:typ:max limit expression needs parentheses under 1364 - unportable
**lib/sky130_fd_sc_hd.v(123112) WARN** [653] $setuphold timing check min:typ:max 2nd limit expression needs parentheses under 1364 - unportable
**lib/sky130_fd_sc_hd.v(123112) WARN** [3153] $setuphold optional time stamp condition expression COND3 unsupported - ignored
**lib/sky130_fd_sc_hd.v(123112) WARN** [3154] $setuphold optional time check condition expression COND3 unsupported - ignored
**lib/sky130_fd_sc_hd.v(123112) WARN** [3155] $setuphold optional delayed reference variable CLK_delayed unsupported - ignored
**lib/sky130_fd_sc_hd.v(123112) WARN** [3155] $setuphold optional delayed data variable SCE_delayed unsupported - ignored
**lib/sky130_fd_sc_hd.v(123113) WARN** [653] $setuphold timing check min:typ:max limit expression needs parentheses under 1364 - unportable
**lib/sky130_fd_sc_hd.v(123113) WARN** [653] $setuphold timing check min:typ:max 2nd limit expression needs parentheses under 1364 - unportable
**lib/sky130_fd_sc_hd.v(123113) WARN** [3153] $setuphold optional time stamp condition expression COND3 unsupported - ignored
**lib/sky130_fd_sc_hd.v(123113) WARN** [3154] $setuphold optional time check condition expression COND3 unsupported - ignored
**lib/sky130_fd_sc_hd.v(123113) WARN** [3155] $setuphold optional delayed reference variable CLK_delayed unsupported - ignored
**lib/sky130_fd_sc_hd.v(123113) WARN** [3155] $setuphold optional delayed data variable SCE_delayed unsupported - ignored
**lib/sky130_fd_sc_hd.v(123114) WARN** [653] $width timing check min:typ:max limit expression needs parentheses under 1364 - unportable
**lib/sky130_fd_sc_hd.v(123115) WARN** [653] $width timing check min:typ:max limit expression needs parentheses under 1364 - unportable
Highest level modules:
tb_MMU
sky130_fd_sc_hd__a2bb2o_2
sky130_fd_sc_hd__a2bb2o_4
sky130_fd_sc_hd__a2bb2oi_1
sky130_fd_sc_hd__a2bb2oi_2
sky130_fd_sc_hd__a2bb2oi_4
sky130_fd_sc_hd__a21bo_2
sky130_fd_sc_hd__a21bo_4
sky130_fd_sc_hd__a21boi_0
sky130_fd_sc_hd__a21boi_4
sky130_fd_sc_hd__a21o_2
sky130_fd_sc_hd__a21o_4
sky130_fd_sc_hd__a21oi_4
sky130_fd_sc_hd__a22o_2
sky130_fd_sc_hd__a22o_4
sky130_fd_sc_hd__a22oi_4
sky130_fd_sc_hd__a31o_2
sky130_fd_sc_hd__a31o_4
sky130_fd_sc_hd__a31oi_4
sky130_fd_sc_hd__a32o_2
sky130_fd_sc_hd__a32o_4
sky130_fd_sc_hd__a32oi_1
sky130_fd_sc_hd__a32oi_2
sky130_fd_sc_hd__a41o_2
sky130_fd_sc_hd__a41o_4
sky130_fd_sc_hd__a41oi_1
sky130_fd_sc_hd__a41oi_2
sky130_fd_sc_hd__a41oi_4
sky130_fd_sc_hd__a211o_2
sky130_fd_sc_hd__a211o_4
sky130_fd_sc_hd__a211oi_4
sky130_fd_sc_hd__a221o_2
sky130_fd_sc_hd__a221o_4
sky130_fd_sc_hd__a221oi_1
sky130_fd_sc_hd__a221oi_2
sky130_fd_sc_hd__a221oi_4
sky130_fd_sc_hd__a222oi_1
sky130_fd_sc_hd__a311o_2
sky130_fd_sc_hd__a311o_4
sky130_fd_sc_hd__a311oi_2
sky130_fd_sc_hd__a2111o_2
sky130_fd_sc_hd__a2111o_4
sky130_fd_sc_hd__a2111oi_0
sky130_fd_sc_hd__a2111oi_2
sky130_fd_sc_hd__a2111oi_4
sky130_fd_sc_hd__and2_0
sky130_fd_sc_hd__and2_4
sky130_fd_sc_hd__and3_2
sky130_fd_sc_hd__and3_4
sky130_fd_sc_hd__and3b_2
sky130_fd_sc_hd__and3b_4
sky130_fd_sc_hd__and4_2
sky130_fd_sc_hd__and4_4
sky130_fd_sc_hd__and4b_2
sky130_fd_sc_hd__and4b_4
sky130_fd_sc_hd__and4bb_2
sky130_fd_sc_hd__and4bb_4
sky130_fd_sc_hd__buf_6
sky130_fd_sc_hd__buf_8
sky130_fd_sc_hd__buf_12
sky130_fd_sc_hd__buf_16
sky130_fd_sc_hd__bufbuf_8
sky130_fd_sc_hd__bufbuf_16
sky130_fd_sc_hd__bufinv_8
sky130_fd_sc_hd__clkdlybuf4s15_1
sky130_fd_sc_hd__clkdlybuf4s15_2
sky130_fd_sc_hd__clkdlybuf4s18_1
sky130_fd_sc_hd__clkdlybuf4s18_2
sky130_fd_sc_hd__clkdlybuf4s25_1
sky130_fd_sc_hd__clkdlybuf4s25_2
sky130_fd_sc_hd__clkdlybuf4s50_1
sky130_fd_sc_hd__clkdlybuf4s50_2
sky130_fd_sc_hd__clkinv_1
sky130_fd_sc_hd__clkinv_16
sky130_fd_sc_hd__clkinvlp_2
sky130_fd_sc_hd__decap_4
sky130_fd_sc_hd__decap_6
sky130_fd_sc_hd__decap_8
sky130_fd_sc_hd__decap_12
sky130_fd_sc_hd__dfbbn_1
sky130_fd_sc_hd__dfbbn_2
sky130_fd_sc_hd__dfbbp_1
sky130_fd_sc_hd__dfrbp_1
sky130_fd_sc_hd__dfrbp_2
sky130_fd_sc_hd__dfrtn_1
sky130_fd_sc_hd__dfrtp_1
sky130_fd_sc_hd__dfrtp_2
sky130_fd_sc_hd__dfrtp_4
sky130_fd_sc_hd__dfsbp_1
sky130_fd_sc_hd__dfsbp_2
sky130_fd_sc_hd__dfstp_1
sky130_fd_sc_hd__dfstp_2
sky130_fd_sc_hd__dfstp_4
sky130_fd_sc_hd__dfxbp_1
sky130_fd_sc_hd__dfxbp_2
sky130_fd_sc_hd__dfxtp_4
sky130_fd_sc_hd__dlclkp_1
sky130_fd_sc_hd__dlclkp_2
sky130_fd_sc_hd__dlclkp_4
sky130_fd_sc_hd__dlrbn_1
sky130_fd_sc_hd__dlrbn_2
sky130_fd_sc_hd__dlrbp_1
sky130_fd_sc_hd__dlrbp_2
sky130_fd_sc_hd__dlrtn_1
sky130_fd_sc_hd__dlrtn_2
sky130_fd_sc_hd__dlrtn_4
sky130_fd_sc_hd__dlrtp_1
sky130_fd_sc_hd__dlrtp_2
sky130_fd_sc_hd__dlrtp_4
sky130_fd_sc_hd__dlxbn_1
sky130_fd_sc_hd__dlxbn_2
sky130_fd_sc_hd__dlxbp_1
sky130_fd_sc_hd__dlxtn_1
sky130_fd_sc_hd__dlxtn_2
sky130_fd_sc_hd__dlxtn_4
sky130_fd_sc_hd__dlxtp_1
sky130_fd_sc_hd__dlygate4sd1_1
sky130_fd_sc_hd__dlygate4sd2_1
sky130_fd_sc_hd__dlymetal6s4s_1
sky130_fd_sc_hd__dlymetal6s6s_1
sky130_fd_sc_hd__ebufn_1
sky130_fd_sc_hd__ebufn_2
sky130_fd_sc_hd__ebufn_4
sky130_fd_sc_hd__ebufn_8
sky130_fd_sc_hd__edfxbp_1
sky130_fd_sc_hd__edfxtp_1
sky130_fd_sc_hd__einvn_0
sky130_fd_sc_hd__einvn_1
sky130_fd_sc_hd__einvn_2
sky130_fd_sc_hd__einvn_4
sky130_fd_sc_hd__einvn_8
sky130_fd_sc_hd__einvp_1
sky130_fd_sc_hd__einvp_2
sky130_fd_sc_hd__einvp_4
sky130_fd_sc_hd__einvp_8
sky130_fd_sc_hd__fa_1
sky130_fd_sc_hd__fa_2
sky130_fd_sc_hd__fa_4
sky130_fd_sc_hd__fah_1
sky130_fd_sc_hd__fahcin_1
sky130_fd_sc_hd__fahcon_1
sky130_fd_sc_hd__fill_4
sky130_fd_sc_hd__fill_8
sky130_fd_sc_hd__ha_1
sky130_fd_sc_hd__ha_2
sky130_fd_sc_hd__ha_4
sky130_fd_sc_hd__inv_1
sky130_fd_sc_hd__inv_4
sky130_fd_sc_hd__inv_16
sky130_fd_sc_hd__lpflow_bleeder_1
sky130_fd_sc_hd__lpflow_clkbufkapwr_1
sky130_fd_sc_hd__lpflow_clkbufkapwr_2
sky130_fd_sc_hd__lpflow_clkbufkapwr_4
sky130_fd_sc_hd__lpflow_clkbufkapwr_8
sky130_fd_sc_hd__lpflow_clkbufkapwr_16
sky130_fd_sc_hd__lpflow_clkinvkapwr_1
sky130_fd_sc_hd__lpflow_clkinvkapwr_2
sky130_fd_sc_hd__lpflow_clkinvkapwr_4
sky130_fd_sc_hd__lpflow_clkinvkapwr_8
sky130_fd_sc_hd__lpflow_clkinvkapwr_16
sky130_fd_sc_hd__lpflow_decapkapwr_3
sky130_fd_sc_hd__lpflow_decapkapwr_4
sky130_fd_sc_hd__lpflow_decapkapwr_6
sky130_fd_sc_hd__lpflow_decapkapwr_8
sky130_fd_sc_hd__lpflow_decapkapwr_12
sky130_fd_sc_hd__lpflow_inputiso0n_1
sky130_fd_sc_hd__lpflow_inputiso0p_1
sky130_fd_sc_hd__lpflow_inputiso1n_1
sky130_fd_sc_hd__lpflow_inputiso1p_1
sky130_fd_sc_hd__lpflow_inputisolatch_1
sky130_fd_sc_hd__lpflow_isobufsrc_1
sky130_fd_sc_hd__lpflow_isobufsrc_2
sky130_fd_sc_hd__lpflow_isobufsrc_4
sky130_fd_sc_hd__lpflow_isobufsrc_8
sky130_fd_sc_hd__lpflow_isobufsrc_16
sky130_fd_sc_hd__lpflow_isobufsrckapwr_16
sky130_fd_sc_hd__lpflow_lsbuf_lh_hl_isowell_tap_1
sky130_fd_sc_hd__lpflow_lsbuf_lh_hl_isowell_tap_2
sky130_fd_sc_hd__lpflow_lsbuf_lh_hl_isowell_tap_4
sky130_fd_sc_hd__lpflow_lsbuf_lh_isowell_4
sky130_fd_sc_hd__lpflow_lsbuf_lh_isowell_tap_1
sky130_fd_sc_hd__lpflow_lsbuf_lh_isowell_tap_2
sky130_fd_sc_hd__lpflow_lsbuf_lh_isowell_tap_4
sky130_fd_sc_hd__macro_sparecell
sky130_fd_sc_hd__maj3_1
sky130_fd_sc_hd__maj3_2
sky130_fd_sc_hd__maj3_4
sky130_fd_sc_hd__mux2_2
sky130_fd_sc_hd__mux2_4
sky130_fd_sc_hd__mux2_8
sky130_fd_sc_hd__mux2i_1
sky130_fd_sc_hd__mux2i_2
sky130_fd_sc_hd__mux2i_4
sky130_fd_sc_hd__mux4_1
sky130_fd_sc_hd__mux4_2
sky130_fd_sc_hd__mux4_4
sky130_fd_sc_hd__nand2_4
sky130_fd_sc_hd__nand2_8
sky130_fd_sc_hd__nand2b_2
sky130_fd_sc_hd__nand2b_4
sky130_fd_sc_hd__nand3_4
sky130_fd_sc_hd__nand3b_2
sky130_fd_sc_hd__nand3b_4
sky130_fd_sc_hd__nand4_4
sky130_fd_sc_hd__nand4b_2
sky130_fd_sc_hd__nand4b_4
sky130_fd_sc_hd__nand4bb_1
sky130_fd_sc_hd__nand4bb_2
sky130_fd_sc_hd__nand4bb_4
sky130_fd_sc_hd__nor2_4
sky130_fd_sc_hd__nor2_8
sky130_fd_sc_hd__nor2b_1
sky130_fd_sc_hd__nor2b_2
sky130_fd_sc_hd__nor2b_4
sky130_fd_sc_hd__nor3_2
sky130_fd_sc_hd__nor3_4
sky130_fd_sc_hd__nor3b_2
sky130_fd_sc_hd__nor3b_4
sky130_fd_sc_hd__nor4_2
sky130_fd_sc_hd__nor4_4
sky130_fd_sc_hd__nor4b_1
sky130_fd_sc_hd__nor4b_2
sky130_fd_sc_hd__nor4b_4
sky130_fd_sc_hd__nor4bb_1
sky130_fd_sc_hd__nor4bb_2
sky130_fd_sc_hd__nor4bb_4
sky130_fd_sc_hd__o2bb2a_2
sky130_fd_sc_hd__o2bb2a_4
sky130_fd_sc_hd__o2bb2ai_1
sky130_fd_sc_hd__o2bb2ai_2
sky130_fd_sc_hd__o2bb2ai_4
sky130_fd_sc_hd__o21a_2
sky130_fd_sc_hd__o21a_4
sky130_fd_sc_hd__o21ai_0
sky130_fd_sc_hd__o21ba_2
sky130_fd_sc_hd__o21ba_4
sky130_fd_sc_hd__o21bai_4
sky130_fd_sc_hd__o22a_2
sky130_fd_sc_hd__o22a_4
sky130_fd_sc_hd__o22ai_4
sky130_fd_sc_hd__o31a_2
sky130_fd_sc_hd__o31a_4
sky130_fd_sc_hd__o31ai_4
sky130_fd_sc_hd__o32a_2
sky130_fd_sc_hd__o32a_4
sky130_fd_sc_hd__o32ai_1
sky130_fd_sc_hd__o41a_2
sky130_fd_sc_hd__o41a_4
sky130_fd_sc_hd__o41ai_1
sky130_fd_sc_hd__o41ai_2
sky130_fd_sc_hd__o41ai_4
sky130_fd_sc_hd__o211a_2
sky130_fd_sc_hd__o211a_4
sky130_fd_sc_hd__o221a_1
sky130_fd_sc_hd__o221a_2
sky130_fd_sc_hd__o221a_4
sky130_fd_sc_hd__o221ai_1
sky130_fd_sc_hd__o221ai_2
sky130_fd_sc_hd__o221ai_4
sky130_fd_sc_hd__o311a_2
sky130_fd_sc_hd__o311a_4
sky130_fd_sc_hd__o311ai_0
sky130_fd_sc_hd__o311ai_1
sky130_fd_sc_hd__o311ai_4
sky130_fd_sc_hd__o2111a_2
sky130_fd_sc_hd__o2111a_4
sky130_fd_sc_hd__o2111ai_1
sky130_fd_sc_hd__o2111ai_2
sky130_fd_sc_hd__o2111ai_4
sky130_fd_sc_hd__or2_0
sky130_fd_sc_hd__or2_2
sky130_fd_sc_hd__or2_4
sky130_fd_sc_hd__or2b_1
sky130_fd_sc_hd__or2b_2
sky130_fd_sc_hd__or2b_4
sky130_fd_sc_hd__or3_4
sky130_fd_sc_hd__or3b_4
sky130_fd_sc_hd__or4_4
sky130_fd_sc_hd__or4b_2
sky130_fd_sc_hd__or4b_4
sky130_fd_sc_hd__or4bb_1
sky130_fd_sc_hd__or4bb_2
sky130_fd_sc_hd__or4bb_4
sky130_fd_sc_hd__probe_p_8
sky130_fd_sc_hd__probec_p_8
sky130_fd_sc_hd__sdfbbn_1
sky130_fd_sc_hd__sdfbbn_2
sky130_fd_sc_hd__sdfbbp_1
sky130_fd_sc_hd__sdfrbp_1
sky130_fd_sc_hd__sdfrbp_2
sky130_fd_sc_hd__sdfrtn_1
sky130_fd_sc_hd__sdfrtp_1
sky130_fd_sc_hd__sdfrtp_2
sky130_fd_sc_hd__sdfrtp_4
sky130_fd_sc_hd__sdfsbp_1
sky130_fd_sc_hd__sdfsbp_2
sky130_fd_sc_hd__sdfstp_1
sky130_fd_sc_hd__sdfstp_2
sky130_fd_sc_hd__sdfstp_4
sky130_fd_sc_hd__sdfxbp_1
sky130_fd_sc_hd__sdfxbp_2
sky130_fd_sc_hd__sdfxtp_1
sky130_fd_sc_hd__sdfxtp_2
sky130_fd_sc_hd__sdfxtp_4
sky130_fd_sc_hd__sdlclkp_1
sky130_fd_sc_hd__sdlclkp_2
sky130_fd_sc_hd__sdlclkp_4
sky130_fd_sc_hd__sedfxbp_1
sky130_fd_sc_hd__sedfxbp_2
sky130_fd_sc_hd__sedfxtp_1
sky130_fd_sc_hd__sedfxtp_2
sky130_fd_sc_hd__sedfxtp_4
sky130_fd_sc_hd__tap_1
sky130_fd_sc_hd__tap_2
sky130_fd_sc_hd__tapvgnd2_1
sky130_fd_sc_hd__tapvgnd_1
sky130_fd_sc_hd__xnor2_4
sky130_fd_sc_hd__xnor3_1
sky130_fd_sc_hd__xnor3_2
sky130_fd_sc_hd__xnor3_4
sky130_fd_sc_hd__xor2_4
sky130_fd_sc_hd__xor3_1
sky130_fd_sc_hd__xor3_2
sky130_fd_sc_hd__xor3_4
** WARN** [679] specify paths in top level module sky130_fd_sc_hd__a2bb2o_2 ignored - should be in library
** WARN** [679] specify paths in top level module sky130_fd_sc_hd__a2bb2o_4 ignored - should be in library
** WARN** [679] specify paths in top level module sky130_fd_sc_hd__a2bb2oi_1 ignored - should be in library
** WARN** [679] specify paths in top level module sky130_fd_sc_hd__a2bb2oi_2 ignored - should be in library
** WARN** [679] specify paths in top level module sky130_fd_sc_hd__a2bb2oi_4 ignored - should be in library
** WARN** [679] specify paths in top level module sky130_fd_sc_hd__a21bo_2 ignored - should be in library
** WARN** [679] specify paths in top level module sky130_fd_sc_hd__a21bo_4 ignored - should be in library
** WARN** [679] specify paths in top level module sky130_fd_sc_hd__a21boi_0 ignored - should be in library
** WARN** [679] specify paths in top level module sky130_fd_sc_hd__a21boi_4 ignored - should be in library
** WARN** [679] specify paths in top level module sky130_fd_sc_hd__a21o_2 ignored - should be in library
** WARN** [679] specify paths in top level module sky130_fd_sc_hd__a21o_4 ignored - should be in library
** WARN** [679] specify paths in top level module sky130_fd_sc_hd__a21oi_4 ignored - should be in library
** WARN** [679] specify paths in top level module sky130_fd_sc_hd__a22o_2 ignored - should be in library
** WARN** [679] specify paths in top level module sky130_fd_sc_hd__a22o_4 ignored - should be in library
** WARN** [679] specify paths in top level module sky130_fd_sc_hd__a22oi_4 ignored - should be in library
** WARN** [679] specify paths in top level module sky130_fd_sc_hd__a31o_2 ignored - should be in library
** WARN** [679] specify paths in top level module sky130_fd_sc_hd__a31o_4 ignored - should be in library
** WARN** [679] specify paths in top level module sky130_fd_sc_hd__a31oi_4 ignored - should be in library
** WARN** [679] specify paths in top level module sky130_fd_sc_hd__a32o_2 ignored - should be in library
** WARN** [679] specify paths in top level module sky130_fd_sc_hd__a32o_4 ignored - should be in library
** WARN** [679] specify paths in top level module sky130_fd_sc_hd__a32oi_1 ignored - should be in library
** WARN** [679] specify paths in top level module sky130_fd_sc_hd__a32oi_2 ignored - should be in library
** WARN** [679] specify paths in top level module sky130_fd_sc_hd__a41o_2 ignored - should be in library
** WARN** [679] specify paths in top level module sky130_fd_sc_hd__a41o_4 ignored - should be in library
** WARN** [679] specify paths in top level module sky130_fd_sc_hd__a41oi_1 ignored - should be in library
** WARN** [679] specify paths in top level module sky130_fd_sc_hd__a41oi_2 ignored - should be in library
** WARN** [679] specify paths in top level module sky130_fd_sc_hd__a41oi_4 ignored - should be in library
** WARN** [679] specify paths in top level module sky130_fd_sc_hd__a211o_2 ignored - should be in library
** WARN** [679] specify paths in top level module sky130_fd_sc_hd__a211o_4 ignored - should be in library
** WARN** [679] specify paths in top level module sky130_fd_sc_hd__a211oi_4 ignored - should be in library
** WARN** [679] specify paths in top level module sky130_fd_sc_hd__a221o_2 ignored - should be in library
** WARN** [679] specify paths in top level module sky130_fd_sc_hd__a221o_4 ignored - should be in library
** WARN** [679] specify paths in top level module sky130_fd_sc_hd__a221oi_1 ignored - should be in library
** WARN** [679] specify paths in top level module sky130_fd_sc_hd__a221oi_2 ignored - should be in library
** WARN** [679] specify paths in top level module sky130_fd_sc_hd__a221oi_4 ignored - should be in library
** WARN** [679] specify paths in top level module sky130_fd_sc_hd__a222oi_1 ignored - should be in library
** WARN** [679] specify paths in top level module sky130_fd_sc_hd__a311o_2 ignored - should be in library
** WARN** [679] specify paths in top level module sky130_fd_sc_hd__a311o_4 ignored - should be in library
** WARN** [679] specify paths in top level module sky130_fd_sc_hd__a311oi_2 ignored - should be in library
** WARN** [679] specify paths in top level module sky130_fd_sc_hd__a2111o_2 ignored - should be in library
** WARN** [679] specify paths in top level module sky130_fd_sc_hd__a2111o_4 ignored - should be in library
** WARN** [679] specify paths in top level module sky130_fd_sc_hd__a2111oi_0 ignored - should be in library
** WARN** [679] specify paths in top level module sky130_fd_sc_hd__a2111oi_2 ignored - should be in library
** WARN** [679] specify paths in top level module sky130_fd_sc_hd__a2111oi_4 ignored - should be in library
** WARN** [679] specify paths in top level module sky130_fd_sc_hd__and2_0 ignored - should be in library
** WARN** [679] specify paths in top level module sky130_fd_sc_hd__and2_4 ignored - should be in library
** WARN** [679] specify paths in top level module sky130_fd_sc_hd__and3_2 ignored - should be in library
** WARN** [679] specify paths in top level module sky130_fd_sc_hd__and3_4 ignored - should be in library
** WARN** [679] specify paths in top level module sky130_fd_sc_hd__and3b_2 ignored - should be in library
** WARN** [679] specify paths in top level module sky130_fd_sc_hd__and3b_4 ignored - should be in library
** WARN** [679] specify paths in top level module sky130_fd_sc_hd__and4_2 ignored - should be in library
** WARN** [679] specify paths in top level module sky130_fd_sc_hd__and4_4 ignored - should be in library
** WARN** [679] specify paths in top level module sky130_fd_sc_hd__and4b_2 ignored - should be in library
** WARN** [679] specify paths in top level module sky130_fd_sc_hd__and4b_4 ignored - should be in library
** WARN** [679] specify paths in top level module sky130_fd_sc_hd__and4bb_2 ignored - should be in library
** WARN** [679] specify paths in top level module sky130_fd_sc_hd__and4bb_4 ignored - should be in library
** WARN** [679] specify paths in top level module sky130_fd_sc_hd__buf_6 ignored - should be in library
** WARN** [679] specify paths in top level module sky130_fd_sc_hd__buf_8 ignored - should be in library
** WARN** [679] specify paths in top level module sky130_fd_sc_hd__buf_12 ignored - should be in library
** WARN** [679] specify paths in top level module sky130_fd_sc_hd__buf_16 ignored - should be in library
** WARN** [679] specify paths in top level module sky130_fd_sc_hd__bufbuf_8 ignored - should be in library
** WARN** [679] specify paths in top level module sky130_fd_sc_hd__bufbuf_16 ignored - should be in library
** WARN** [679] specify paths in top level module sky130_fd_sc_hd__bufinv_8 ignored - should be in library
** WARN** [679] specify paths in top level module sky130_fd_sc_hd__clkdlybuf4s15_1 ignored - should be in library
** WARN** [679] specify paths in top level module sky130_fd_sc_hd__clkdlybuf4s15_2 ignored - should be in library
** WARN** [679] specify paths in top level module sky130_fd_sc_hd__clkdlybuf4s18_1 ignored - should be in library
** WARN** [679] specify paths in top level module sky130_fd_sc_hd__clkdlybuf4s18_2 ignored - should be in library
** WARN** [679] specify paths in top level module sky130_fd_sc_hd__clkdlybuf4s25_1 ignored - should be in library
** WARN** [679] specify paths in top level module sky130_fd_sc_hd__clkdlybuf4s25_2 ignored - should be in library
** WARN** [679] specify paths in top level module sky130_fd_sc_hd__clkdlybuf4s50_1 ignored - should be in library
** WARN** [679] specify paths in top level module sky130_fd_sc_hd__clkdlybuf4s50_2 ignored - should be in library
** WARN** [679] specify paths in top level module sky130_fd_sc_hd__clkinv_1 ignored - should be in library
** WARN** [679] specify paths in top level module sky130_fd_sc_hd__clkinv_16 ignored - should be in library
** WARN** [679] specify paths in top level module sky130_fd_sc_hd__clkinvlp_2 ignored - should be in library
** WARN** [679] specify paths in top level module sky130_fd_sc_hd__dfbbn_1 ignored - should be in library
** WARN** [679] specify paths in top level module sky130_fd_sc_hd__dfbbn_2 ignored - should be in library
** WARN** [679] specify paths in top level module sky130_fd_sc_hd__dfbbp_1 ignored - should be in library
** WARN** [679] specify paths in top level module sky130_fd_sc_hd__dfrbp_1 ignored - should be in library
** WARN** [679] specify paths in top level module sky130_fd_sc_hd__dfrbp_2 ignored - should be in library
** WARN** [679] specify paths in top level module sky130_fd_sc_hd__dfrtn_1 ignored - should be in library
** WARN** [679] specify paths in top level module sky130_fd_sc_hd__dfrtp_1 ignored - should be in library
** WARN** [679] specify paths in top level module sky130_fd_sc_hd__dfrtp_2 ignored - should be in library
** WARN** [679] specify paths in top level module sky130_fd_sc_hd__dfrtp_4 ignored - should be in library
** WARN** [679] specify paths in top level module sky130_fd_sc_hd__dfsbp_1 ignored - should be in library
** WARN** [679] specify paths in top level module sky130_fd_sc_hd__dfsbp_2 ignored - should be in library
** WARN** [679] specify paths in top level module sky130_fd_sc_hd__dfstp_1 ignored - should be in library
** WARN** [679] specify paths in top level module sky130_fd_sc_hd__dfstp_2 ignored - should be in library
** WARN** [679] specify paths in top level module sky130_fd_sc_hd__dfstp_4 ignored - should be in library
** WARN** [679] specify paths in top level module sky130_fd_sc_hd__dfxbp_1 ignored - should be in library
** WARN** [679] specify paths in top level module sky130_fd_sc_hd__dfxbp_2 ignored - should be in library
** WARN** [679] specify paths in top level module sky130_fd_sc_hd__dfxtp_4 ignored - should be in library
** WARN** [679] specify paths in top level module sky130_fd_sc_hd__dlclkp_1 ignored - should be in library
** WARN** [679] specify paths in top level module sky130_fd_sc_hd__dlclkp_2 ignored - should be in library
** WARN** [679] specify paths in top level module sky130_fd_sc_hd__dlclkp_4 ignored - should be in library
** WARN** [679] specify paths in top level module sky130_fd_sc_hd__dlrbn_1 ignored - should be in library
** WARN** [679] specify paths in top level module sky130_fd_sc_hd__dlrbn_2 ignored - should be in library
** WARN** [679] specify paths in top level module sky130_fd_sc_hd__dlrbp_1 ignored - should be in library
** WARN** [679] specify paths in top level module sky130_fd_sc_hd__dlrbp_2 ignored - should be in library
** WARN** [679] specify paths in top level module sky130_fd_sc_hd__dlrtn_1 ignored - should be in library
** WARN** [679] specify paths in top level module sky130_fd_sc_hd__dlrtn_2 ignored - should be in library
** WARN** [679] specify paths in top level module sky130_fd_sc_hd__dlrtn_4 ignored - should be in library
** WARN** [679] specify paths in top level module sky130_fd_sc_hd__dlrtp_1 ignored - should be in library
** WARN** [679] specify paths in top level module sky130_fd_sc_hd__dlrtp_2 ignored - should be in library
** WARN** [679] specify paths in top level module sky130_fd_sc_hd__dlrtp_4 ignored - should be in library
** WARN** [679] specify paths in top level module sky130_fd_sc_hd__dlxbn_1 ignored - should be in library
** WARN** [679] specify paths in top level module sky130_fd_sc_hd__dlxbn_2 ignored - should be in library
** WARN** [679] specify paths in top level module sky130_fd_sc_hd__dlxbp_1 ignored - should be in library
** WARN** [679] specify paths in top level module sky130_fd_sc_hd__dlxtn_1 ignored - should be in library
** WARN** [679] specify paths in top level module sky130_fd_sc_hd__dlxtn_2 ignored - should be in library
** WARN** [679] specify paths in top level module sky130_fd_sc_hd__dlxtn_4 ignored - should be in library
** WARN** [679] specify paths in top level module sky130_fd_sc_hd__dlxtp_1 ignored - should be in library
** WARN** [679] specify paths in top level module sky130_fd_sc_hd__dlygate4sd1_1 ignored - should be in library
** WARN** [679] specify paths in top level module sky130_fd_sc_hd__dlygate4sd2_1 ignored - should be in library
** WARN** [679] specify paths in top level module sky130_fd_sc_hd__dlymetal6s4s_1 ignored - should be in library
** WARN** [679] specify paths in top level module sky130_fd_sc_hd__dlymetal6s6s_1 ignored - should be in library
** WARN** [679] specify paths in top level module sky130_fd_sc_hd__ebufn_1 ignored - should be in library
** WARN** [679] specify paths in top level module sky130_fd_sc_hd__ebufn_2 ignored - should be in library
** WARN** [679] specify paths in top level module sky130_fd_sc_hd__ebufn_4 ignored - should be in library
** WARN** [679] specify paths in top level module sky130_fd_sc_hd__ebufn_8 ignored - should be in library
** WARN** [679] specify paths in top level module sky130_fd_sc_hd__edfxbp_1 ignored - should be in library
** WARN** [679] specify paths in top level module sky130_fd_sc_hd__edfxtp_1 ignored - should be in library
** WARN** [679] specify paths in top level module sky130_fd_sc_hd__einvn_0 ignored - should be in library
** WARN** [679] specify paths in top level module sky130_fd_sc_hd__einvn_1 ignored - should be in library
** WARN** [679] specify paths in top level module sky130_fd_sc_hd__einvn_2 ignored - should be in library
** WARN** [679] specify paths in top level module sky130_fd_sc_hd__einvn_4 ignored - should be in library
** WARN** [679] specify paths in top level module sky130_fd_sc_hd__einvn_8 ignored - should be in library
** WARN** [679] specify paths in top level module sky130_fd_sc_hd__einvp_1 ignored - should be in library
** WARN** [679] specify paths in top level module sky130_fd_sc_hd__einvp_2 ignored - should be in library
** WARN** [679] specify paths in top level module sky130_fd_sc_hd__einvp_4 ignored - should be in library
** WARN** [679] specify paths in top level module sky130_fd_sc_hd__einvp_8 ignored - should be in library
** WARN** [679] specify paths in top level module sky130_fd_sc_hd__fa_1 ignored - should be in library
** WARN** [679] specify paths in top level module sky130_fd_sc_hd__fa_2 ignored - should be in library
** WARN** [679] specify paths in top level module sky130_fd_sc_hd__fa_4 ignored - should be in library
** WARN** [679] specify paths in top level module sky130_fd_sc_hd__fah_1 ignored - should be in library
** WARN** [679] specify paths in top level module sky130_fd_sc_hd__fahcin_1 ignored - should be in library
** WARN** [679] specify paths in top level module sky130_fd_sc_hd__fahcon_1 ignored - should be in library
** WARN** [679] specify paths in top level module sky130_fd_sc_hd__ha_1 ignored - should be in library
** WARN** [679] specify paths in top level module sky130_fd_sc_hd__ha_2 ignored - should be in library
** WARN** [679] specify paths in top level module sky130_fd_sc_hd__ha_4 ignored - should be in library
** WARN** [679] specify paths in top level module sky130_fd_sc_hd__inv_1 ignored - should be in library
** WARN** [679] specify paths in top level module sky130_fd_sc_hd__inv_4 ignored - should be in library
** WARN** [679] specify paths in top level module sky130_fd_sc_hd__inv_16 ignored - should be in library
** WARN** [679] specify paths in top level module sky130_fd_sc_hd__lpflow_bleeder_1 ignored - should be in library
** WARN** [679] specify paths in top level module sky130_fd_sc_hd__lpflow_clkbufkapwr_1 ignored - should be in library
** WARN** [679] specify paths in top level module sky130_fd_sc_hd__lpflow_clkbufkapwr_2 ignored - should be in library
** WARN** [679] specify paths in top level module sky130_fd_sc_hd__lpflow_clkbufkapwr_4 ignored - should be in library
** WARN** [679] specify paths in top level module sky130_fd_sc_hd__lpflow_clkbufkapwr_8 ignored - should be in library
** WARN** [679] specify paths in top level module sky130_fd_sc_hd__lpflow_clkbufkapwr_16 ignored - should be in library
** WARN** [679] specify paths in top level module sky130_fd_sc_hd__lpflow_clkinvkapwr_1 ignored - should be in library
** WARN** [679] specify paths in top level module sky130_fd_sc_hd__lpflow_clkinvkapwr_2 ignored - should be in library
** WARN** [679] specify paths in top level module sky130_fd_sc_hd__lpflow_clkinvkapwr_4 ignored - should be in library
** WARN** [679] specify paths in top level module sky130_fd_sc_hd__lpflow_clkinvkapwr_8 ignored - should be in library
** WARN** [679] specify paths in top level module sky130_fd_sc_hd__lpflow_clkinvkapwr_16 ignored - should be in library
** WARN** [679] specify paths in top level module sky130_fd_sc_hd__lpflow_inputiso0n_1 ignored - should be in library
** WARN** [679] specify paths in top level module sky130_fd_sc_hd__lpflow_inputiso0p_1 ignored - should be in library
** WARN** [679] specify paths in top level module sky130_fd_sc_hd__lpflow_inputiso1n_1 ignored - should be in library
** WARN** [679] specify paths in top level module sky130_fd_sc_hd__lpflow_inputiso1p_1 ignored - should be in library
** WARN** [679] specify paths in top level module sky130_fd_sc_hd__lpflow_inputisolatch_1 ignored - should be in library
** WARN** [679] specify paths in top level module sky130_fd_sc_hd__lpflow_isobufsrc_1 ignored - should be in library
** WARN** [679] specify paths in top level module sky130_fd_sc_hd__lpflow_isobufsrc_2 ignored - should be in library
** WARN** [679] specify paths in top level module sky130_fd_sc_hd__lpflow_isobufsrc_4 ignored - should be in library
** WARN** [679] specify paths in top level module sky130_fd_sc_hd__lpflow_isobufsrc_8 ignored - should be in library
** WARN** [679] specify paths in top level module sky130_fd_sc_hd__lpflow_isobufsrc_16 ignored - should be in library
** WARN** [679] specify paths in top level module sky130_fd_sc_hd__lpflow_isobufsrckapwr_16 ignored - should be in library
** WARN** [679] specify paths in top level module sky130_fd_sc_hd__lpflow_lsbuf_lh_hl_isowell_tap_1 ignored - should be in library
** WARN** [679] specify paths in top level module sky130_fd_sc_hd__lpflow_lsbuf_lh_hl_isowell_tap_2 ignored - should be in library
** WARN** [679] specify paths in top level module sky130_fd_sc_hd__lpflow_lsbuf_lh_hl_isowell_tap_4 ignored - should be in library
** WARN** [679] specify paths in top level module sky130_fd_sc_hd__lpflow_lsbuf_lh_isowell_4 ignored - should be in library
** WARN** [679] specify paths in top level module sky130_fd_sc_hd__lpflow_lsbuf_lh_isowell_tap_1 ignored - should be in library
** WARN** [679] specify paths in top level module sky130_fd_sc_hd__lpflow_lsbuf_lh_isowell_tap_2 ignored - should be in library
** WARN** [679] specify paths in top level module sky130_fd_sc_hd__lpflow_lsbuf_lh_isowell_tap_4 ignored - should be in library
** WARN** [679] specify paths in top level module sky130_fd_sc_hd__maj3_1 ignored - should be in library
** WARN** [679] specify paths in top level module sky130_fd_sc_hd__maj3_2 ignored - should be in library
** WARN** [679] specify paths in top level module sky130_fd_sc_hd__maj3_4 ignored - should be in library
** WARN** [679] specify paths in top level module sky130_fd_sc_hd__mux2_2 ignored - should be in library
** WARN** [679] specify paths in top level module sky130_fd_sc_hd__mux2_4 ignored - should be in library
** WARN** [679] specify paths in top level module sky130_fd_sc_hd__mux2_8 ignored - should be in library
** WARN** [679] specify paths in top level module sky130_fd_sc_hd__mux2i_1 ignored - should be in library
** WARN** [679] specify paths in top level module sky130_fd_sc_hd__mux2i_2 ignored - should be in library
** WARN** [679] specify paths in top level module sky130_fd_sc_hd__mux2i_4 ignored - should be in library
** WARN** [679] specify paths in top level module sky130_fd_sc_hd__mux4_1 ignored - should be in library
** WARN** [679] specify paths in top level module sky130_fd_sc_hd__mux4_2 ignored - should be in library
** WARN** [679] specify paths in top level module sky130_fd_sc_hd__mux4_4 ignored - should be in library
** WARN** [679] specify paths in top level module sky130_fd_sc_hd__nand2_4 ignored - should be in library
** WARN** [679] specify paths in top level module sky130_fd_sc_hd__nand2_8 ignored - should be in library
** WARN** [679] specify paths in top level module sky130_fd_sc_hd__nand2b_2 ignored - should be in library
** WARN** [679] specify paths in top level module sky130_fd_sc_hd__nand2b_4 ignored - should be in library
** WARN** [679] specify paths in top level module sky130_fd_sc_hd__nand3_4 ignored - should be in library
** WARN** [679] specify paths in top level module sky130_fd_sc_hd__nand3b_2 ignored - should be in library
** WARN** [679] specify paths in top level module sky130_fd_sc_hd__nand3b_4 ignored - should be in library
** WARN** [679] specify paths in top level module sky130_fd_sc_hd__nand4_4 ignored - should be in library
** WARN** [679] specify paths in top level module sky130_fd_sc_hd__nand4b_2 ignored - should be in library
** WARN** [679] specify paths in top level module sky130_fd_sc_hd__nand4b_4 ignored - should be in library
** WARN** [679] specify paths in top level module sky130_fd_sc_hd__nand4bb_1 ignored - should be in library
** WARN** [679] specify paths in top level module sky130_fd_sc_hd__nand4bb_2 ignored - should be in library
** WARN** [679] specify paths in top level module sky130_fd_sc_hd__nand4bb_4 ignored - should be in library
** WARN** [679] specify paths in top level module sky130_fd_sc_hd__nor2_4 ignored - should be in library
** WARN** [679] specify paths in top level module sky130_fd_sc_hd__nor2_8 ignored - should be in library
** WARN** [679] specify paths in top level module sky130_fd_sc_hd__nor2b_1 ignored - should be in library
** WARN** [679] specify paths in top level module sky130_fd_sc_hd__nor2b_2 ignored - should be in library
** WARN** [679] specify paths in top level module sky130_fd_sc_hd__nor2b_4 ignored - should be in library
** WARN** [679] specify paths in top level module sky130_fd_sc_hd__nor3_2 ignored - should be in library
** WARN** [679] specify paths in top level module sky130_fd_sc_hd__nor3_4 ignored - should be in library
** WARN** [679] specify paths in top level module sky130_fd_sc_hd__nor3b_2 ignored - should be in library
** WARN** [679] specify paths in top level module sky130_fd_sc_hd__nor3b_4 ignored - should be in library
** WARN** [679] specify paths in top level module sky130_fd_sc_hd__nor4_2 ignored - should be in library
** WARN** [679] specify paths in top level module sky130_fd_sc_hd__nor4_4 ignored - should be in library
** WARN** [679] specify paths in top level module sky130_fd_sc_hd__nor4b_1 ignored - should be in library
** WARN** [679] specify paths in top level module sky130_fd_sc_hd__nor4b_2 ignored - should be in library
** WARN** [679] specify paths in top level module sky130_fd_sc_hd__nor4b_4 ignored - should be in library
** WARN** [679] specify paths in top level module sky130_fd_sc_hd__nor4bb_1 ignored - should be in library
** WARN** [679] specify paths in top level module sky130_fd_sc_hd__nor4bb_2 ignored - should be in library
** WARN** [679] specify paths in top level module sky130_fd_sc_hd__nor4bb_4 ignored - should be in library
** WARN** [679] specify paths in top level module sky130_fd_sc_hd__o2bb2a_2 ignored - should be in library
** WARN** [679] specify paths in top level module sky130_fd_sc_hd__o2bb2a_4 ignored - should be in library
** WARN** [679] specify paths in top level module sky130_fd_sc_hd__o2bb2ai_1 ignored - should be in library
** WARN** [679] specify paths in top level module sky130_fd_sc_hd__o2bb2ai_2 ignored - should be in library
** WARN** [679] specify paths in top level module sky130_fd_sc_hd__o2bb2ai_4 ignored - should be in library
** WARN** [679] specify paths in top level module sky130_fd_sc_hd__o21a_2 ignored - should be in library
** WARN** [679] specify paths in top level module sky130_fd_sc_hd__o21a_4 ignored - should be in library
** WARN** [679] specify paths in top level module sky130_fd_sc_hd__o21ai_0 ignored - should be in library
** WARN** [679] specify paths in top level module sky130_fd_sc_hd__o21ba_2 ignored - should be in library
** WARN** [679] specify paths in top level module sky130_fd_sc_hd__o21ba_4 ignored - should be in library
** WARN** [679] specify paths in top level module sky130_fd_sc_hd__o21bai_4 ignored - should be in library
** WARN** [679] specify paths in top level module sky130_fd_sc_hd__o22a_2 ignored - should be in library
** WARN** [679] specify paths in top level module sky130_fd_sc_hd__o22a_4 ignored - should be in library
** WARN** [679] specify paths in top level module sky130_fd_sc_hd__o22ai_4 ignored - should be in library
** WARN** [679] specify paths in top level module sky130_fd_sc_hd__o31a_2 ignored - should be in library
** WARN** [679] specify paths in top level module sky130_fd_sc_hd__o31a_4 ignored - should be in library
** WARN** [679] specify paths in top level module sky130_fd_sc_hd__o31ai_4 ignored - should be in library
** WARN** [679] specify paths in top level module sky130_fd_sc_hd__o32a_2 ignored - should be in library
** WARN** [679] specify paths in top level module sky130_fd_sc_hd__o32a_4 ignored - should be in library
** WARN** [679] specify paths in top level module sky130_fd_sc_hd__o32ai_1 ignored - should be in library
** WARN** [679] specify paths in top level module sky130_fd_sc_hd__o41a_2 ignored - should be in library
** WARN** [679] specify paths in top level module sky130_fd_sc_hd__o41a_4 ignored - should be in library
** WARN** [679] specify paths in top level module sky130_fd_sc_hd__o41ai_1 ignored - should be in library
** WARN** [679] specify paths in top level module sky130_fd_sc_hd__o41ai_2 ignored - should be in library
** WARN** [679] specify paths in top level module sky130_fd_sc_hd__o41ai_4 ignored - should be in library
** WARN** [679] specify paths in top level module sky130_fd_sc_hd__o211a_2 ignored - should be in library
** WARN** [679] specify paths in top level module sky130_fd_sc_hd__o211a_4 ignored - should be in library
** WARN** [679] specify paths in top level module sky130_fd_sc_hd__o221a_1 ignored - should be in library
** WARN** [679] specify paths in top level module sky130_fd_sc_hd__o221a_2 ignored - should be in library
** WARN** [679] specify paths in top level module sky130_fd_sc_hd__o221a_4 ignored - should be in library
** WARN** [679] specify paths in top level module sky130_fd_sc_hd__o221ai_1 ignored - should be in library
** WARN** [679] specify paths in top level module sky130_fd_sc_hd__o221ai_2 ignored - should be in library
** WARN** [679] specify paths in top level module sky130_fd_sc_hd__o221ai_4 ignored - should be in library
** WARN** [679] specify paths in top level module sky130_fd_sc_hd__o311a_2 ignored - should be in library
** WARN** [679] specify paths in top level module sky130_fd_sc_hd__o311a_4 ignored - should be in library
** WARN** [679] specify paths in top level module sky130_fd_sc_hd__o311ai_0 ignored - should be in library
** WARN** [679] specify paths in top level module sky130_fd_sc_hd__o311ai_1 ignored - should be in library
** WARN** [679] specify paths in top level module sky130_fd_sc_hd__o311ai_4 ignored - should be in library
** WARN** [679] specify paths in top level module sky130_fd_sc_hd__o2111a_2 ignored - should be in library
** WARN** [679] specify paths in top level module sky130_fd_sc_hd__o2111a_4 ignored - should be in library
** WARN** [679] specify paths in top level module sky130_fd_sc_hd__o2111ai_1 ignored - should be in library
** WARN** [679] specify paths in top level module sky130_fd_sc_hd__o2111ai_2 ignored - should be in library
** WARN** [679] specify paths in top level module sky130_fd_sc_hd__o2111ai_4 ignored - should be in library
** WARN** [679] specify paths in top level module sky130_fd_sc_hd__or2_0 ignored - should be in library
** WARN** [679] specify paths in top level module sky130_fd_sc_hd__or2_2 ignored - should be in library
** WARN** [679] specify paths in top level module sky130_fd_sc_hd__or2_4 ignored - should be in library
** WARN** [679] specify paths in top level module sky130_fd_sc_hd__or2b_1 ignored - should be in library
** WARN** [679] specify paths in top level module sky130_fd_sc_hd__or2b_2 ignored - should be in library
** WARN** [679] specify paths in top level module sky130_fd_sc_hd__or2b_4 ignored - should be in library
** WARN** [679] specify paths in top level module sky130_fd_sc_hd__or3_4 ignored - should be in library
** WARN** [679] specify paths in top level module sky130_fd_sc_hd__or3b_4 ignored - should be in library
** WARN** [679] specify paths in top level module sky130_fd_sc_hd__or4_4 ignored - should be in library
** WARN** [679] specify paths in top level module sky130_fd_sc_hd__or4b_2 ignored - should be in library
** WARN** [679] specify paths in top level module sky130_fd_sc_hd__or4b_4 ignored - should be in library
** WARN** [679] specify paths in top level module sky130_fd_sc_hd__or4bb_1 ignored - should be in library
** WARN** [679] specify paths in top level module sky130_fd_sc_hd__or4bb_2 ignored - should be in library
** WARN** [679] specify paths in top level module sky130_fd_sc_hd__or4bb_4 ignored - should be in library
** WARN** [679] specify paths in top level module sky130_fd_sc_hd__probe_p_8 ignored - should be in library
** WARN** [679] specify paths in top level module sky130_fd_sc_hd__probec_p_8 ignored - should be in library
** WARN** [679] specify paths in top level module sky130_fd_sc_hd__sdfbbn_1 ignored - should be in library
** WARN** [679] specify paths in top level module sky130_fd_sc_hd__sdfbbn_2 ignored - should be in library
** WARN** [679] specify paths in top level module sky130_fd_sc_hd__sdfbbp_1 ignored - should be in library
** WARN** [679] specify paths in top level module sky130_fd_sc_hd__sdfrbp_1 ignored - should be in library
** WARN** [679] specify paths in top level module sky130_fd_sc_hd__sdfrbp_2 ignored - should be in library
** WARN** [679] specify paths in top level module sky130_fd_sc_hd__sdfrtn_1 ignored - should be in library
** WARN** [679] specify paths in top level module sky130_fd_sc_hd__sdfrtp_1 ignored - should be in library
** WARN** [679] specify paths in top level module sky130_fd_sc_hd__sdfrtp_2 ignored - should be in library
** WARN** [679] specify paths in top level module sky130_fd_sc_hd__sdfrtp_4 ignored - should be in library
** WARN** [679] specify paths in top level module sky130_fd_sc_hd__sdfsbp_1 ignored - should be in library
** WARN** [679] specify paths in top level module sky130_fd_sc_hd__sdfsbp_2 ignored - should be in library
** WARN** [679] specify paths in top level module sky130_fd_sc_hd__sdfstp_1 ignored - should be in library
** WARN** [679] specify paths in top level module sky130_fd_sc_hd__sdfstp_2 ignored - should be in library
** WARN** [679] specify paths in top level module sky130_fd_sc_hd__sdfstp_4 ignored - should be in library
** WARN** [679] specify paths in top level module sky130_fd_sc_hd__sdfxbp_1 ignored - should be in library
** WARN** [679] specify paths in top level module sky130_fd_sc_hd__sdfxbp_2 ignored - should be in library
** WARN** [679] specify paths in top level module sky130_fd_sc_hd__sdfxtp_1 ignored - should be in library
** WARN** [679] specify paths in top level module sky130_fd_sc_hd__sdfxtp_2 ignored - should be in library
** WARN** [679] specify paths in top level module sky130_fd_sc_hd__sdfxtp_4 ignored - should be in library
** WARN** [679] specify paths in top level module sky130_fd_sc_hd__sdlclkp_1 ignored - should be in library
** WARN** [679] specify paths in top level module sky130_fd_sc_hd__sdlclkp_2 ignored - should be in library
** WARN** [679] specify paths in top level module sky130_fd_sc_hd__sdlclkp_4 ignored - should be in library
** WARN** [679] specify paths in top level module sky130_fd_sc_hd__sedfxbp_1 ignored - should be in library
** WARN** [679] specify paths in top level module sky130_fd_sc_hd__sedfxbp_2 ignored - should be in library
** WARN** [679] specify paths in top level module sky130_fd_sc_hd__sedfxtp_1 ignored - should be in library
** WARN** [679] specify paths in top level module sky130_fd_sc_hd__sedfxtp_2 ignored - should be in library
** WARN** [679] specify paths in top level module sky130_fd_sc_hd__sedfxtp_4 ignored - should be in library
** WARN** [679] specify paths in top level module sky130_fd_sc_hd__xnor2_4 ignored - should be in library
** WARN** [679] specify paths in top level module sky130_fd_sc_hd__xnor3_1 ignored - should be in library
** WARN** [679] specify paths in top level module sky130_fd_sc_hd__xnor3_2 ignored - should be in library
** WARN** [679] specify paths in top level module sky130_fd_sc_hd__xnor3_4 ignored - should be in library
** WARN** [679] specify paths in top level module sky130_fd_sc_hd__xor2_4 ignored - should be in library
** WARN** [679] specify paths in top level module sky130_fd_sc_hd__xor3_1 ignored - should be in library
** WARN** [679] specify paths in top level module sky130_fd_sc_hd__xor3_2 ignored - should be in library
** WARN** [679] specify paths in top level module sky130_fd_sc_hd__xor3_4 ignored - should be in library
**final/MMU__nom_tt_025C_1v80.sdf(9) WARN** [662] (VOLTAGE value missing in rtriple field "typ"
**final/MMU__nom_tt_025C_1v80.sdf(11) WARN** [662] (TEMPERATURE value missing in rtriple field "typ"
**final/MMU__nom_tt_025C_1v80.sdf(18) WARN** [3106] SDF (INTERCONNECT form source port clk is not an output or inout port of module MMU - works because annotated as (PORT form MIPD delay
**final/MMU__nom_tt_025C_1v80.sdf(19) WARN** [3106] SDF (INTERCONNECT form source port clk is not an output or inout port of module MMU - works because annotated as (PORT form MIPD delay
**final/MMU__nom_tt_025C_1v80.sdf(20) WARN** [3106] SDF (INTERCONNECT form source port control is not an output or inout port of module MMU - works because annotated as (PORT form MIPD delay
**final/MMU__nom_tt_025C_1v80.sdf(21) WARN** [3106] SDF (INTERCONNECT form source port control is not an output or inout port of module MMU - works because annotated as (PORT form MIPD delay
**final/MMU__nom_tt_025C_1v80.sdf(22) WARN** [3106] SDF (INTERCONNECT form source port data_arr is not an output or inout port of module MMU - works because annotated as (PORT form MIPD delay
**final/MMU__nom_tt_025C_1v80.sdf(23) WARN** [3106] SDF (INTERCONNECT form source port data_arr is not an output or inout port of module MMU - works because annotated as (PORT form MIPD delay
**final/MMU__nom_tt_025C_1v80.sdf(24) WARN** [3106] SDF (INTERCONNECT form source port data_arr is not an output or inout port of module MMU - works because annotated as (PORT form MIPD delay
**final/MMU__nom_tt_025C_1v80.sdf(25) WARN** [3106] SDF (INTERCONNECT form source port data_arr is not an output or inout port of module MMU - works because annotated as (PORT form MIPD delay
**final/MMU__nom_tt_025C_1v80.sdf(26) WARN** [3106] SDF (INTERCONNECT form source port data_arr is not an output or inout port of module MMU - works because annotated as (PORT form MIPD delay
**final/MMU__nom_tt_025C_1v80.sdf(27) WARN** [3106] SDF (INTERCONNECT form source port data_arr is not an output or inout port of module MMU - works because annotated as (PORT form MIPD delay
**final/MMU__nom_tt_025C_1v80.sdf(28) WARN** [3106] SDF (INTERCONNECT form source port data_arr is not an output or inout port of module MMU - works because annotated as (PORT form MIPD delay
**final/MMU__nom_tt_025C_1v80.sdf(29) WARN** [3106] SDF (INTERCONNECT form source port data_arr is not an output or inout port of module MMU - works because annotated as (PORT form MIPD delay
**final/MMU__nom_tt_025C_1v80.sdf(30) WARN** [3106] SDF (INTERCONNECT form source port data_arr is not an output or inout port of module MMU - works because annotated as (PORT form MIPD delay
**final/MMU__nom_tt_025C_1v80.sdf(31) WARN** [3106] SDF (INTERCONNECT form source port data_arr is not an output or inout port of module MMU - works because annotated as (PORT form MIPD delay
**final/MMU__nom_tt_025C_1v80.sdf(32) WARN** [3106] SDF (INTERCONNECT form source port data_arr is not an output or inout port of module MMU - works because annotated as (PORT form MIPD delay
**final/MMU__nom_tt_025C_1v80.sdf(33) WARN** [3106] SDF (INTERCONNECT form source port data_arr is not an output or inout port of module MMU - works because annotated as (PORT form MIPD delay
**final/MMU__nom_tt_025C_1v80.sdf(34) WARN** [3106] SDF (INTERCONNECT form source port data_arr is not an output or inout port of module MMU - works because annotated as (PORT form MIPD delay
**final/MMU__nom_tt_025C_1v80.sdf(35) WARN** [3106] SDF (INTERCONNECT form source port data_arr is not an output or inout port of module MMU - works because annotated as (PORT form MIPD delay
**final/MMU__nom_tt_025C_1v80.sdf(36) WARN** [3106] SDF (INTERCONNECT form source port data_arr is not an output or inout port of module MMU - works because annotated as (PORT form MIPD delay
**final/MMU__nom_tt_025C_1v80.sdf(37) WARN** [3106] SDF (INTERCONNECT form source port data_arr is not an output or inout port of module MMU - works because annotated as (PORT form MIPD delay
**final/MMU__nom_tt_025C_1v80.sdf(38) WARN** [3106] SDF (INTERCONNECT form source port data_arr is not an output or inout port of module MMU - works because annotated as (PORT form MIPD delay
**final/MMU__nom_tt_025C_1v80.sdf(39) WARN** [3106] SDF (INTERCONNECT form source port data_arr is not an output or inout port of module MMU - works because annotated as (PORT form MIPD delay
**final/MMU__nom_tt_025C_1v80.sdf(40) WARN** [3106] SDF (INTERCONNECT form source port data_arr is not an output or inout port of module MMU - works because annotated as (PORT form MIPD delay
**final/MMU__nom_tt_025C_1v80.sdf(41) WARN** [3106] SDF (INTERCONNECT form source port data_arr is not an output or inout port of module MMU - works because annotated as (PORT form MIPD delay
**final/MMU__nom_tt_025C_1v80.sdf(42) WARN** [3106] SDF (INTERCONNECT form source port data_arr is not an output or inout port of module MMU - works because annotated as (PORT form MIPD delay
**final/MMU__nom_tt_025C_1v80.sdf(43) WARN** [3106] SDF (INTERCONNECT form source port data_arr is not an output or inout port of module MMU - works because annotated as (PORT form MIPD delay
**final/MMU__nom_tt_025C_1v80.sdf(44) WARN** [3106] SDF (INTERCONNECT form source port data_arr is not an output or inout port of module MMU - works because annotated as (PORT form MIPD delay
**final/MMU__nom_tt_025C_1v80.sdf(45) WARN** [3106] SDF (INTERCONNECT form source port data_arr is not an output or inout port of module MMU - works because annotated as (PORT form MIPD delay
**final/MMU__nom_tt_025C_1v80.sdf(46) WARN** [3106] SDF (INTERCONNECT form source port data_arr is not an output or inout port of module MMU - works because annotated as (PORT form MIPD delay
**final/MMU__nom_tt_025C_1v80.sdf(47) WARN** [3106] SDF (INTERCONNECT form source port data_arr is not an output or inout port of module MMU - works because annotated as (PORT form MIPD delay
**final/MMU__nom_tt_025C_1v80.sdf(48) WARN** [3106] SDF (INTERCONNECT form source port data_arr is not an output or inout port of module MMU - works because annotated as (PORT form MIPD delay
**final/MMU__nom_tt_025C_1v80.sdf(49) WARN** [3106] SDF (INTERCONNECT form source port data_arr is not an output or inout port of module MMU - works because annotated as (PORT form MIPD delay
**final/MMU__nom_tt_025C_1v80.sdf(50) WARN** [3106] SDF (INTERCONNECT form source port data_arr is not an output or inout port of module MMU - works because annotated as (PORT form MIPD delay
**final/MMU__nom_tt_025C_1v80.sdf(51) WARN** [3106] SDF (INTERCONNECT form source port data_arr is not an output or inout port of module MMU - works because annotated as (PORT form MIPD delay
**final/MMU__nom_tt_025C_1v80.sdf(52) WARN** [3106] SDF (INTERCONNECT form source port data_arr is not an output or inout port of module MMU - works because annotated as (PORT form MIPD delay
**final/MMU__nom_tt_025C_1v80.sdf(53) WARN** [3106] SDF (INTERCONNECT form source port data_arr is not an output or inout port of module MMU - works because annotated as (PORT form MIPD delay
**final/MMU__nom_tt_025C_1v80.sdf(54) WARN** [3106] SDF (INTERCONNECT form source port data_arr is not an output or inout port of module MMU - works because annotated as (PORT form MIPD delay
**final/MMU__nom_tt_025C_1v80.sdf(55) WARN** [3106] SDF (INTERCONNECT form source port data_arr is not an output or inout port of module MMU - works because annotated as (PORT form MIPD delay
**final/MMU__nom_tt_025C_1v80.sdf(56) WARN** [3106] SDF (INTERCONNECT form source port data_arr is not an output or inout port of module MMU - works because annotated as (PORT form MIPD delay
**final/MMU__nom_tt_025C_1v80.sdf(57) WARN** [3106] SDF (INTERCONNECT form source port data_arr is not an output or inout port of module MMU - works because annotated as (PORT form MIPD delay
**final/MMU__nom_tt_025C_1v80.sdf(58) WARN** [3106] SDF (INTERCONNECT form source port data_arr is not an output or inout port of module MMU - works because annotated as (PORT form MIPD delay
**final/MMU__nom_tt_025C_1v80.sdf(59) WARN** [3106] SDF (INTERCONNECT form source port data_arr is not an output or inout port of module MMU - works because annotated as (PORT form MIPD delay
**final/MMU__nom_tt_025C_1v80.sdf(60) WARN** [3106] SDF (INTERCONNECT form source port data_arr is not an output or inout port of module MMU - works because annotated as (PORT form MIPD delay
**final/MMU__nom_tt_025C_1v80.sdf(61) WARN** [3106] SDF (INTERCONNECT form source port data_arr is not an output or inout port of module MMU - works because annotated as (PORT form MIPD delay
**final/MMU__nom_tt_025C_1v80.sdf(62) WARN** [3106] SDF (INTERCONNECT form source port data_arr is not an output or inout port of module MMU - works because annotated as (PORT form MIPD delay
**final/MMU__nom_tt_025C_1v80.sdf(63) WARN** [3106] SDF (INTERCONNECT form source port data_arr is not an output or inout port of module MMU - works because annotated as (PORT form MIPD delay
**final/MMU__nom_tt_025C_1v80.sdf(64) WARN** [3106] SDF (INTERCONNECT form source port data_arr is not an output or inout port of module MMU - works because annotated as (PORT form MIPD delay
**final/MMU__nom_tt_025C_1v80.sdf(65) WARN** [3106] SDF (INTERCONNECT form source port data_arr is not an output or inout port of module MMU - works because annotated as (PORT form MIPD delay
**final/MMU__nom_tt_025C_1v80.sdf(66) WARN** [3106] SDF (INTERCONNECT form source port data_arr is not an output or inout port of module MMU - works because annotated as (PORT form MIPD delay
**final/MMU__nom_tt_025C_1v80.sdf(67) WARN** [3106] SDF (INTERCONNECT form source port data_arr is not an output or inout port of module MMU - works because annotated as (PORT form MIPD delay
**final/MMU__nom_tt_025C_1v80.sdf(68) WARN** [3106] SDF (INTERCONNECT form source port data_arr is not an output or inout port of module MMU - works because annotated as (PORT form MIPD delay
**final/MMU__nom_tt_025C_1v80.sdf(69) WARN** [3106] SDF (INTERCONNECT form source port data_arr is not an output or inout port of module MMU - works because annotated as (PORT form MIPD delay
**final/MMU__nom_tt_025C_1v80.sdf(70) WARN** [3106] SDF (INTERCONNECT form source port data_arr is not an output or inout port of module MMU - works because annotated as (PORT form MIPD delay
**final/MMU__nom_tt_025C_1v80.sdf(71) WARN** [3106] SDF (INTERCONNECT form source port data_arr is not an output or inout port of module MMU - works because annotated as (PORT form MIPD delay
**final/MMU__nom_tt_025C_1v80.sdf(72) WARN** [3106] SDF (INTERCONNECT form source port data_arr is not an output or inout port of module MMU - works because annotated as (PORT form MIPD delay
**final/MMU__nom_tt_025C_1v80.sdf(73) WARN** [3106] SDF (INTERCONNECT form source port data_arr is not an output or inout port of module MMU - works because annotated as (PORT form MIPD delay
**final/MMU__nom_tt_025C_1v80.sdf(74) WARN** [3106] SDF (INTERCONNECT form source port data_arr is not an output or inout port of module MMU - works because annotated as (PORT form MIPD delay
**final/MMU__nom_tt_025C_1v80.sdf(75) WARN** [3106] SDF (INTERCONNECT form source port data_arr is not an output or inout port of module MMU - works because annotated as (PORT form MIPD delay
**final/MMU__nom_tt_025C_1v80.sdf(76) WARN** [3106] SDF (INTERCONNECT form source port data_arr is not an output or inout port of module MMU - works because annotated as (PORT form MIPD delay
**final/MMU__nom_tt_025C_1v80.sdf(77) WARN** [3106] SDF (INTERCONNECT form source port data_arr is not an output or inout port of module MMU - works because annotated as (PORT form MIPD delay
**final/MMU__nom_tt_025C_1v80.sdf(78) WARN** [3106] SDF (INTERCONNECT form source port data_arr is not an output or inout port of module MMU - works because annotated as (PORT form MIPD delay
**final/MMU__nom_tt_025C_1v80.sdf(79) WARN** [3106] SDF (INTERCONNECT form source port data_arr is not an output or inout port of module MMU - works because annotated as (PORT form MIPD delay
**final/MMU__nom_tt_025C_1v80.sdf(80) WARN** [3106] SDF (INTERCONNECT form source port data_arr is not an output or inout port of module MMU - works because annotated as (PORT form MIPD delay
**final/MMU__nom_tt_025C_1v80.sdf(81) WARN** [3106] SDF (INTERCONNECT form source port data_arr is not an output or inout port of module MMU - works because annotated as (PORT form MIPD delay
**final/MMU__nom_tt_025C_1v80.sdf(82) WARN** [3106] SDF (INTERCONNECT form source port data_arr is not an output or inout port of module MMU - works because annotated as (PORT form MIPD delay
**final/MMU__nom_tt_025C_1v80.sdf(83) WARN** [3106] SDF (INTERCONNECT form source port data_arr is not an output or inout port of module MMU - works because annotated as (PORT form MIPD delay
**final/MMU__nom_tt_025C_1v80.sdf(84) WARN** [3106] SDF (INTERCONNECT form source port data_arr is not an output or inout port of module MMU - works because annotated as (PORT form MIPD delay
**final/MMU__nom_tt_025C_1v80.sdf(85) WARN** [3106] SDF (INTERCONNECT form source port data_arr is not an output or inout port of module MMU - works because annotated as (PORT form MIPD delay
**final/MMU__nom_tt_025C_1v80.sdf(86) WARN** [3106] SDF (INTERCONNECT form source port wt_arr is not an output or inout port of module MMU - works because annotated as (PORT form MIPD delay
**final/MMU__nom_tt_025C_1v80.sdf(87) WARN** [3106] SDF (INTERCONNECT form source port wt_arr is not an output or inout port of module MMU - works because annotated as (PORT form MIPD delay
**final/MMU__nom_tt_025C_1v80.sdf(88) WARN** [3106] SDF (INTERCONNECT form source port wt_arr is not an output or inout port of module MMU - works because annotated as (PORT form MIPD delay
**final/MMU__nom_tt_025C_1v80.sdf(89) WARN** [3106] SDF (INTERCONNECT form source port wt_arr is not an output or inout port of module MMU - works because annotated as (PORT form MIPD delay
**final/MMU__nom_tt_025C_1v80.sdf(90) WARN** [3106] SDF (INTERCONNECT form source port wt_arr is not an output or inout port of module MMU - works because annotated as (PORT form MIPD delay
**final/MMU__nom_tt_025C_1v80.sdf(91) WARN** [3106] SDF (INTERCONNECT form source port wt_arr is not an output or inout port of module MMU - works because annotated as (PORT form MIPD delay
**final/MMU__nom_tt_025C_1v80.sdf(92) WARN** [3106] SDF (INTERCONNECT form source port wt_arr is not an output or inout port of module MMU - works because annotated as (PORT form MIPD delay
**final/MMU__nom_tt_025C_1v80.sdf(93) WARN** [3106] SDF (INTERCONNECT form source port wt_arr is not an output or inout port of module MMU - works because annotated as (PORT form MIPD delay
**final/MMU__nom_tt_025C_1v80.sdf(94) WARN** [3106] SDF (INTERCONNECT form source port wt_arr is not an output or inout port of module MMU - works because annotated as (PORT form MIPD delay
**final/MMU__nom_tt_025C_1v80.sdf(95) WARN** [3106] SDF (INTERCONNECT form source port wt_arr is not an output or inout port of module MMU - works because annotated as (PORT form MIPD delay
**final/MMU__nom_tt_025C_1v80.sdf(96) WARN** [3106] SDF (INTERCONNECT form source port wt_arr is not an output or inout port of module MMU - works because annotated as (PORT form MIPD delay
**final/MMU__nom_tt_025C_1v80.sdf(97) WARN** [3106] SDF (INTERCONNECT form source port wt_arr is not an output or inout port of module MMU - works because annotated as (PORT form MIPD delay
**final/MMU__nom_tt_025C_1v80.sdf(98) WARN** [3106] SDF (INTERCONNECT form source port wt_arr is not an output or inout port of module MMU - works because annotated as (PORT form MIPD delay
**final/MMU__nom_tt_025C_1v80.sdf(99) WARN** [3106] SDF (INTERCONNECT form source port wt_arr is not an output or inout port of module MMU - works because annotated as (PORT form MIPD delay
**final/MMU__nom_tt_025C_1v80.sdf(100) WARN** [3106] SDF (INTERCONNECT form source port wt_arr is not an output or inout port of module MMU - works because annotated as (PORT form MIPD delay
**final/MMU__nom_tt_025C_1v80.sdf(101) WARN** [3106] SDF (INTERCONNECT form source port wt_arr is not an output or inout port of module MMU - works because annotated as (PORT form MIPD delay
**final/MMU__nom_tt_025C_1v80.sdf(102) WARN** [3106] SDF (INTERCONNECT form source port wt_arr is not an output or inout port of module MMU - works because annotated as (PORT form MIPD delay
**final/MMU__nom_tt_025C_1v80.sdf(103) WARN** [3106] SDF (INTERCONNECT form source port wt_arr is not an output or inout port of module MMU - works because annotated as (PORT form MIPD delay
**final/MMU__nom_tt_025C_1v80.sdf(104) WARN** [3106] SDF (INTERCONNECT form source port wt_arr is not an output or inout port of module MMU - works because annotated as (PORT form MIPD delay
**final/MMU__nom_tt_025C_1v80.sdf(105) WARN** [3106] SDF (INTERCONNECT form source port wt_arr is not an output or inout port of module MMU - works because annotated as (PORT form MIPD delay
**final/MMU__nom_tt_025C_1v80.sdf(106) WARN** [3106] SDF (INTERCONNECT form source port wt_arr is not an output or inout port of module MMU - works because annotated as (PORT form MIPD delay
**final/MMU__nom_tt_025C_1v80.sdf(107) WARN** [3106] SDF (INTERCONNECT form source port wt_arr is not an output or inout port of module MMU - works because annotated as (PORT form MIPD delay
**final/MMU__nom_tt_025C_1v80.sdf(108) WARN** [3106] SDF (INTERCONNECT form source port wt_arr is not an output or inout port of module MMU - works because annotated as (PORT form MIPD delay
**final/MMU__nom_tt_025C_1v80.sdf(109) WARN** [3106] SDF (INTERCONNECT form source port wt_arr is not an output or inout port of module MMU - works because annotated as (PORT form MIPD delay
**final/MMU__nom_tt_025C_1v80.sdf(110) WARN** [3106] SDF (INTERCONNECT form source port wt_arr is not an output or inout port of module MMU - works because annotated as (PORT form MIPD delay
**final/MMU__nom_tt_025C_1v80.sdf(111) WARN** [3106] SDF (INTERCONNECT form source port wt_arr is not an output or inout port of module MMU - works because annotated as (PORT form MIPD delay
**final/MMU__nom_tt_025C_1v80.sdf(112) WARN** [3106] SDF (INTERCONNECT form source port wt_arr is not an output or inout port of module MMU - works because annotated as (PORT form MIPD delay
**final/MMU__nom_tt_025C_1v80.sdf(113) WARN** [3106] SDF (INTERCONNECT form source port wt_arr is not an output or inout port of module MMU - works because annotated as (PORT form MIPD delay
**final/MMU__nom_tt_025C_1v80.sdf(114) WARN** [3106] SDF (INTERCONNECT form source port wt_arr is not an output or inout port of module MMU - works because annotated as (PORT form MIPD delay
**final/MMU__nom_tt_025C_1v80.sdf(115) WARN** [3106] SDF (INTERCONNECT form source port wt_arr is not an output or inout port of module MMU - works because annotated as (PORT form MIPD delay
**final/MMU__nom_tt_025C_1v80.sdf(116) WARN** [3106] SDF (INTERCONNECT form source port wt_arr is not an output or inout port of module MMU - works because annotated as (PORT form MIPD delay
**final/MMU__nom_tt_025C_1v80.sdf(117) WARN** [3106] SDF (INTERCONNECT form source port wt_arr is not an output or inout port of module MMU - works because annotated as (PORT form MIPD delay
**final/MMU__nom_tt_025C_1v80.sdf(118) WARN** [3106] SDF (INTERCONNECT form source port wt_arr is not an output or inout port of module MMU - works because annotated as (PORT form MIPD delay
**final/MMU__nom_tt_025C_1v80.sdf(119) WARN** [3106] SDF (INTERCONNECT form source port wt_arr is not an output or inout port of module MMU - works because annotated as (PORT form MIPD delay
**final/MMU__nom_tt_025C_1v80.sdf(120) WARN** [3106] SDF (INTERCONNECT form source port wt_arr is not an output or inout port of module MMU - works because annotated as (PORT form MIPD delay
**final/MMU__nom_tt_025C_1v80.sdf(121) WARN** [3106] SDF (INTERCONNECT form source port wt_arr is not an output or inout port of module MMU - works because annotated as (PORT form MIPD delay
**final/MMU__nom_tt_025C_1v80.sdf(122) WARN** [3106] SDF (INTERCONNECT form source port wt_arr is not an output or inout port of module MMU - works because annotated as (PORT form MIPD delay
**final/MMU__nom_tt_025C_1v80.sdf(123) WARN** [3106] SDF (INTERCONNECT form source port wt_arr is not an output or inout port of module MMU - works because annotated as (PORT form MIPD delay
**final/MMU__nom_tt_025C_1v80.sdf(124) WARN** [3106] SDF (INTERCONNECT form source port wt_arr is not an output or inout port of module MMU - works because annotated as (PORT form MIPD delay
**final/MMU__nom_tt_025C_1v80.sdf(125) WARN** [3106] SDF (INTERCONNECT form source port wt_arr is not an output or inout port of module MMU - works because annotated as (PORT form MIPD delay
**final/MMU__nom_tt_025C_1v80.sdf(126) WARN** [3106] SDF (INTERCONNECT form source port wt_arr is not an output or inout port of module MMU - works because annotated as (PORT form MIPD delay
**final/MMU__nom_tt_025C_1v80.sdf(127) WARN** [3106] SDF (INTERCONNECT form source port wt_arr is not an output or inout port of module MMU - works because annotated as (PORT form MIPD delay
**final/MMU__nom_tt_025C_1v80.sdf(128) WARN** [3106] SDF (INTERCONNECT form source port wt_arr is not an output or inout port of module MMU - works because annotated as (PORT form MIPD delay
**final/MMU__nom_tt_025C_1v80.sdf(129) WARN** [3106] SDF (INTERCONNECT form source port wt_arr is not an output or inout port of module MMU - works because annotated as (PORT form MIPD delay
**final/MMU__nom_tt_025C_1v80.sdf(130) WARN** [3106] SDF (INTERCONNECT form source port wt_arr is not an output or inout port of module MMU - works because annotated as (PORT form MIPD delay
**final/MMU__nom_tt_025C_1v80.sdf(131) WARN** [3106] SDF (INTERCONNECT form source port wt_arr is not an output or inout port of module MMU - works because annotated as (PORT form MIPD delay
**final/MMU__nom_tt_025C_1v80.sdf(132) WARN** [3106] SDF (INTERCONNECT form source port wt_arr is not an output or inout port of module MMU - works because annotated as (PORT form MIPD delay
**final/MMU__nom_tt_025C_1v80.sdf(133) WARN** [3106] SDF (INTERCONNECT form source port wt_arr is not an output or inout port of module MMU - works because annotated as (PORT form MIPD delay
**final/MMU__nom_tt_025C_1v80.sdf(134) WARN** [3106] SDF (INTERCONNECT form source port wt_arr is not an output or inout port of module MMU - works because annotated as (PORT form MIPD delay
**final/MMU__nom_tt_025C_1v80.sdf(135) WARN** [3106] SDF (INTERCONNECT form source port wt_arr is not an output or inout port of module MMU - works because annotated as (PORT form MIPD delay
**final/MMU__nom_tt_025C_1v80.sdf(136) WARN** [3106] SDF (INTERCONNECT form source port wt_arr is not an output or inout port of module MMU - works because annotated as (PORT form MIPD delay
**final/MMU__nom_tt_025C_1v80.sdf(137) WARN** [3106] SDF (INTERCONNECT form source port wt_arr is not an output or inout port of module MMU - works because annotated as (PORT form MIPD delay
**final/MMU__nom_tt_025C_1v80.sdf(138) WARN** [3106] SDF (INTERCONNECT form source port wt_arr is not an output or inout port of module MMU - works because annotated as (PORT form MIPD delay
**final/MMU__nom_tt_025C_1v80.sdf(139) WARN** [3106] SDF (INTERCONNECT form source port wt_arr is not an output or inout port of module MMU - works because annotated as (PORT form MIPD delay
**final/MMU__nom_tt_025C_1v80.sdf(140) WARN** [3106] SDF (INTERCONNECT form source port wt_arr is not an output or inout port of module MMU - works because annotated as (PORT form MIPD delay
**final/MMU__nom_tt_025C_1v80.sdf(141) WARN** [3106] SDF (INTERCONNECT form source port wt_arr is not an output or inout port of module MMU - works because annotated as (PORT form MIPD delay
**final/MMU__nom_tt_025C_1v80.sdf(142) WARN** [3106] SDF (INTERCONNECT form source port wt_arr is not an output or inout port of module MMU - works because annotated as (PORT form MIPD delay
**final/MMU__nom_tt_025C_1v80.sdf(143) WARN** [3106] SDF (INTERCONNECT form source port wt_arr is not an output or inout port of module MMU - works because annotated as (PORT form MIPD delay
**final/MMU__nom_tt_025C_1v80.sdf(144) WARN** [3106] SDF (INTERCONNECT form source port wt_arr is not an output or inout port of module MMU - works because annotated as (PORT form MIPD delay
**final/MMU__nom_tt_025C_1v80.sdf(145) WARN** [3106] SDF (INTERCONNECT form source port wt_arr is not an output or inout port of module MMU - works because annotated as (PORT form MIPD delay
**final/MMU__nom_tt_025C_1v80.sdf(146) WARN** [3106] SDF (INTERCONNECT form source port wt_arr is not an output or inout port of module MMU - works because annotated as (PORT form MIPD delay
**final/MMU__nom_tt_025C_1v80.sdf(147) WARN** [3106] SDF (INTERCONNECT form source port wt_arr is not an output or inout port of module MMU - works because annotated as (PORT form MIPD delay
**final/MMU__nom_tt_025C_1v80.sdf(148) WARN** [3106] SDF (INTERCONNECT form source port wt_arr is not an output or inout port of module MMU - works because annotated as (PORT form MIPD delay
**final/MMU__nom_tt_025C_1v80.sdf(149) WARN** [3106] SDF (INTERCONNECT form source port wt_arr is not an output or inout port of module MMU - works because annotated as (PORT form MIPD delay
**final/MMU__nom_tt_025C_1v80.sdf(21409) WARN** [678] (DEVICE or (INTERCONNECT flattened gate driver of X does not have a driverfor bit 39
**final/MMU__nom_tt_025C_1v80.sdf(21409) ERROR** [1509] SDF (INTERCONNECT destination out port port acc_out in MMU annotated as (DEVICE delay does not have flattened gate driver

**final/MMU__nom_tt_025C_1v80.sdf(21410) WARN** [678] (DEVICE or (INTERCONNECT flattened gate driver of X does not have a driverfor bit 3
**final/MMU__nom_tt_025C_1v80.sdf(21410) ERROR** [1509] SDF (INTERCONNECT destination out port port acc_out in MMU annotated as (DEVICE delay does not have flattened gate driver

**final/MMU__nom_tt_025C_1v80.sdf(21411) WARN** [678] (DEVICE or (INTERCONNECT flattened gate driver of X does not have a driverfor bit 40
**final/MMU__nom_tt_025C_1v80.sdf(21411) ERROR** [1509] SDF (INTERCONNECT destination out port port acc_out in MMU annotated as (DEVICE delay does not have flattened gate driver

**final/MMU__nom_tt_025C_1v80.sdf(21412) WARN** [678] (DEVICE or (INTERCONNECT flattened gate driver of X does not have a driverfor bit 41
**final/MMU__nom_tt_025C_1v80.sdf(21412) ERROR** [1509] SDF (INTERCONNECT destination out port port acc_out in MMU annotated as (DEVICE delay does not have flattened gate driver

**final/MMU__nom_tt_025C_1v80.sdf(21413) WARN** [678] (DEVICE or (INTERCONNECT flattened gate driver of X does not have a driverfor bit 42
**final/MMU__nom_tt_025C_1v80.sdf(21413) ERROR** [1509] SDF (INTERCONNECT destination out port port acc_out in MMU annotated as (DEVICE delay does not have flattened gate driver

**final/MMU__nom_tt_025C_1v80.sdf(21414) WARN** [678] (DEVICE or (INTERCONNECT flattened gate driver of X does not have a driverfor bit 43
**final/MMU__nom_tt_025C_1v80.sdf(21414) ERROR** [1509] SDF (INTERCONNECT destination out port port acc_out in MMU annotated as (DEVICE delay does not have flattened gate driver

**final/MMU__nom_tt_025C_1v80.sdf(21415) WARN** [678] (DEVICE or (INTERCONNECT flattened gate driver of X does not have a driverfor bit 44
**final/MMU__nom_tt_025C_1v80.sdf(21415) ERROR** [1509] SDF (INTERCONNECT destination out port port acc_out in MMU annotated as (DEVICE delay does not have flattened gate driver

**final/MMU__nom_tt_025C_1v80.sdf(21416) WARN** [678] (DEVICE or (INTERCONNECT flattened gate driver of X does not have a driverfor bit 45
**final/MMU__nom_tt_025C_1v80.sdf(21416) ERROR** [1509] SDF (INTERCONNECT destination out port port acc_out in MMU annotated as (DEVICE delay does not have flattened gate driver

**final/MMU__nom_tt_025C_1v80.sdf(21417) WARN** [678] (DEVICE or (INTERCONNECT flattened gate driver of X does not have a driverfor bit 46
**final/MMU__nom_tt_025C_1v80.sdf(21417) ERROR** [1509] SDF (INTERCONNECT destination out port port acc_out in MMU annotated as (DEVICE delay does not have flattened gate driver

**final/MMU__nom_tt_025C_1v80.sdf(21418) WARN** [678] (DEVICE or (INTERCONNECT flattened gate driver of X does not have a driverfor bit 47
**final/MMU__nom_tt_025C_1v80.sdf(21418) ERROR** [1509] SDF (INTERCONNECT destination out port port acc_out in MMU annotated as (DEVICE delay does not have flattened gate driver

**final/MMU__nom_tt_025C_1v80.sdf(21419) WARN** [678] (DEVICE or (INTERCONNECT flattened gate driver of X does not have a driverfor bit 48
**final/MMU__nom_tt_025C_1v80.sdf(21419) ERROR** [1509] SDF (INTERCONNECT destination out port port acc_out in MMU annotated as (DEVICE delay does not have flattened gate driver

**final/MMU__nom_tt_025C_1v80.sdf(21420) WARN** [678] (DEVICE or (INTERCONNECT flattened gate driver of X does not have a driverfor bit 49
**final/MMU__nom_tt_025C_1v80.sdf(21420) ERROR** [1509] SDF (INTERCONNECT destination out port port acc_out in MMU annotated as (DEVICE delay does not have flattened gate driver

**final/MMU__nom_tt_025C_1v80.sdf(21421) WARN** [678] (DEVICE or (INTERCONNECT flattened gate driver of X does not have a driverfor bit 4
**final/MMU__nom_tt_025C_1v80.sdf(21421) ERROR** [1509] SDF (INTERCONNECT destination out port port acc_out in MMU annotated as (DEVICE delay does not have flattened gate driver

**final/MMU__nom_tt_025C_1v80.sdf(21422) WARN** [678] (DEVICE or (INTERCONNECT flattened gate driver of X does not have a driverfor bit 50
**final/MMU__nom_tt_025C_1v80.sdf(21422) ERROR** [1509] SDF (INTERCONNECT destination out port port acc_out in MMU annotated as (DEVICE delay does not have flattened gate driver

**final/MMU__nom_tt_025C_1v80.sdf(21423) WARN** [678] (DEVICE or (INTERCONNECT flattened gate driver of X does not have a driverfor bit 5
**final/MMU__nom_tt_025C_1v80.sdf(21423) ERROR** [1509] SDF (INTERCONNECT destination out port port acc_out in MMU annotated as (DEVICE delay does not have flattened gate driver

**final/MMU__nom_tt_025C_1v80.sdf(21424) WARN** [678] (DEVICE or (INTERCONNECT flattened gate driver of X does not have a driverfor bit 64
**final/MMU__nom_tt_025C_1v80.sdf(21424) ERROR** [1509] SDF (INTERCONNECT destination out port port acc_out in MMU annotated as (DEVICE delay does not have flattened gate driver

**final/MMU__nom_tt_025C_1v80.sdf(21425) WARN** [678] (DEVICE or (INTERCONNECT flattened gate driver of X does not have a driverfor bit 65
**final/MMU__nom_tt_025C_1v80.sdf(21425) ERROR** [1509] SDF (INTERCONNECT destination out port port acc_out in MMU annotated as (DEVICE delay does not have flattened gate driver

**final/MMU__nom_tt_025C_1v80.sdf(21426) WARN** [678] (DEVICE or (INTERCONNECT flattened gate driver of X does not have a driverfor bit 66
**final/MMU__nom_tt_025C_1v80.sdf(21426) ERROR** [1509] SDF (INTERCONNECT destination out port port acc_out in MMU annotated as (DEVICE delay does not have flattened gate driver

**final/MMU__nom_tt_025C_1v80.sdf(21427) WARN** [678] (DEVICE or (INTERCONNECT flattened gate driver of X does not have a driverfor bit 67
**final/MMU__nom_tt_025C_1v80.sdf(21427) ERROR** [1509] SDF (INTERCONNECT destination out port port acc_out in MMU annotated as (DEVICE delay does not have flattened gate driver

**final/MMU__nom_tt_025C_1v80.sdf(21428) WARN** [678] (DEVICE or (INTERCONNECT flattened gate driver of X does not have a driverfor bit 68
**final/MMU__nom_tt_025C_1v80.sdf(21428) ERROR** [1509] SDF (INTERCONNECT destination out port port acc_out in MMU annotated as (DEVICE delay does not have flattened gate driver

**final/MMU__nom_tt_025C_1v80.sdf(21429) WARN** [678] (DEVICE or (INTERCONNECT flattened gate driver of X does not have a driverfor bit 69
**final/MMU__nom_tt_025C_1v80.sdf(21429) ERROR** [1509] SDF (INTERCONNECT destination out port port acc_out in MMU annotated as (DEVICE delay does not have flattened gate driver

**final/MMU__nom_tt_025C_1v80.sdf(21430) WARN** [678] (DEVICE or (INTERCONNECT flattened gate driver of X does not have a driverfor bit 6
**final/MMU__nom_tt_025C_1v80.sdf(21430) ERROR** [1509] SDF (INTERCONNECT destination out port port acc_out in MMU annotated as (DEVICE delay does not have flattened gate driver

**final/MMU__nom_tt_025C_1v80.sdf(21431) WARN** [678] (DEVICE or (INTERCONNECT flattened gate driver of X does not have a driverfor bit 70
**final/MMU__nom_tt_025C_1v80.sdf(21431) ERROR** [1509] SDF (INTERCONNECT destination out port port acc_out in MMU annotated as (DEVICE delay does not have flattened gate driver

**final/MMU__nom_tt_025C_1v80.sdf(21432) WARN** [678] (DEVICE or (INTERCONNECT flattened gate driver of X does not have a driverfor bit 71
**final/MMU__nom_tt_025C_1v80.sdf(21432) ERROR** [1509] SDF (INTERCONNECT destination out port port acc_out in MMU annotated as (DEVICE delay does not have flattened gate driver

**final/MMU__nom_tt_025C_1v80.sdf(21433) WARN** [678] (DEVICE or (INTERCONNECT flattened gate driver of X does not have a driverfor bit 72
**final/MMU__nom_tt_025C_1v80.sdf(21433) ERROR** [1509] SDF (INTERCONNECT destination out port port acc_out in MMU annotated as (DEVICE delay does not have flattened gate driver

**final/MMU__nom_tt_025C_1v80.sdf(21434) WARN** [678] (DEVICE or (INTERCONNECT flattened gate driver of X does not have a driverfor bit 73
**final/MMU__nom_tt_025C_1v80.sdf(21434) ERROR** [1509] SDF (INTERCONNECT destination out port port acc_out in MMU annotated as (DEVICE delay does not have flattened gate driver

**final/MMU__nom_tt_025C_1v80.sdf(21435) WARN** [678] (DEVICE or (INTERCONNECT flattened gate driver of X does not have a driverfor bit 74
**final/MMU__nom_tt_025C_1v80.sdf(21435) ERROR** [1509] SDF (INTERCONNECT destination out port port acc_out in MMU annotated as (DEVICE delay does not have flattened gate driver

**final/MMU__nom_tt_025C_1v80.sdf(21436) WARN** [678] (DEVICE or (INTERCONNECT flattened gate driver of X does not have a driverfor bit 75
**final/MMU__nom_tt_025C_1v80.sdf(21436) ERROR** [1509] SDF (INTERCONNECT destination out port port acc_out in MMU annotated as (DEVICE delay does not have flattened gate driver

**final/MMU__nom_tt_025C_1v80.sdf(21437) WARN** [678] (DEVICE or (INTERCONNECT flattened gate driver of X does not have a driverfor bit 76
**final/MMU__nom_tt_025C_1v80.sdf(21437) ERROR** [1509] SDF (INTERCONNECT destination out port port acc_out in MMU annotated as (DEVICE delay does not have flattened gate driver

**final/MMU__nom_tt_025C_1v80.sdf(21438) WARN** [678] (DEVICE or (INTERCONNECT flattened gate driver of X does not have a driverfor bit 77
**final/MMU__nom_tt_025C_1v80.sdf(21438) ERROR** [1509] SDF (INTERCONNECT destination out port port acc_out in MMU annotated as (DEVICE delay does not have flattened gate driver

**final/MMU__nom_tt_025C_1v80.sdf(21439) WARN** [678] (DEVICE or (INTERCONNECT flattened gate driver of X does not have a driverfor bit 78
**final/MMU__nom_tt_025C_1v80.sdf(21439) ERROR** [1509] SDF (INTERCONNECT destination out port port acc_out in MMU annotated as (DEVICE delay does not have flattened gate driver

**final/MMU__nom_tt_025C_1v80.sdf(21440) WARN** [678] (DEVICE or (INTERCONNECT flattened gate driver of X does not have a driverfor bit 79
**final/MMU__nom_tt_025C_1v80.sdf(21440) ERROR** [1509] SDF (INTERCONNECT destination out port port acc_out in MMU annotated as (DEVICE delay does not have flattened gate driver

**final/MMU__nom_tt_025C_1v80.sdf(21441) WARN** [678] (DEVICE or (INTERCONNECT flattened gate driver of X does not have a driverfor bit 7
**final/MMU__nom_tt_025C_1v80.sdf(21441) ERROR** [1509] SDF (INTERCONNECT destination out port port acc_out in MMU annotated as (DEVICE delay does not have flattened gate driver

**final/MMU__nom_tt_025C_1v80.sdf(21442) WARN** [678] (DEVICE or (INTERCONNECT flattened gate driver of X does not have a driverfor bit 80
**final/MMU__nom_tt_025C_1v80.sdf(21442) ERROR** [1509] SDF (INTERCONNECT destination out port port acc_out in MMU annotated as (DEVICE delay does not have flattened gate driver

**final/MMU__nom_tt_025C_1v80.sdf(21443) WARN** [678] (DEVICE or (INTERCONNECT flattened gate driver of X does not have a driverfor bit 81
**final/MMU__nom_tt_025C_1v80.sdf(21443) ERROR** [1509] SDF (INTERCONNECT destination out port port acc_out in MMU annotated as (DEVICE delay does not have flattened gate driver

**final/MMU__nom_tt_025C_1v80.sdf(21444) WARN** [678] (DEVICE or (INTERCONNECT flattened gate driver of X does not have a driverfor bit 82
**final/MMU__nom_tt_025C_1v80.sdf(21444) ERROR** [1509] SDF (INTERCONNECT destination out port port acc_out in MMU annotated as (DEVICE delay does not have flattened gate driver

**final/MMU__nom_tt_025C_1v80.sdf(21445) WARN** [678] (DEVICE or (INTERCONNECT flattened gate driver of X does not have a driverfor bit 8
**final/MMU__nom_tt_025C_1v80.sdf(21445) ERROR** [1509] SDF (INTERCONNECT destination out port port acc_out in MMU annotated as (DEVICE delay does not have flattened gate driver

**final/MMU__nom_tt_025C_1v80.sdf(21446) WARN** [678] (DEVICE or (INTERCONNECT flattened gate driver of X does not have a driverfor bit 96
**final/MMU__nom_tt_025C_1v80.sdf(21446) ERROR** [1509] SDF (INTERCONNECT destination out port port acc_out in MMU annotated as (DEVICE delay does not have flattened gate driver

**final/MMU__nom_tt_025C_1v80.sdf(21447) WARN** [678] (DEVICE or (INTERCONNECT flattened gate driver of X does not have a driverfor bit 97
**final/MMU__nom_tt_025C_1v80.sdf(21447) ERROR** [1509] SDF (INTERCONNECT destination out port port acc_out in MMU annotated as (DEVICE delay does not have flattened gate driver

**final/MMU__nom_tt_025C_1v80.sdf(21448) WARN** [678] (DEVICE or (INTERCONNECT flattened gate driver of X does not have a driverfor bit 98
**final/MMU__nom_tt_025C_1v80.sdf(21448) ERROR** [1509] SDF (INTERCONNECT destination out port port acc_out in MMU annotated as (DEVICE delay does not have flattened gate driver

**final/MMU__nom_tt_025C_1v80.sdf(21449) WARN** [678] (DEVICE or (INTERCONNECT flattened gate driver of X does not have a driverfor bit 99
**final/MMU__nom_tt_025C_1v80.sdf(21449) ERROR** [1509] SDF (INTERCONNECT destination out port port acc_out in MMU annotated as (DEVICE delay does not have flattened gate driver

**final/MMU__nom_tt_025C_1v80.sdf(21450) WARN** [678] (DEVICE or (INTERCONNECT flattened gate driver of X does not have a driverfor bit 9
**final/MMU__nom_tt_025C_1v80.sdf(21450) ERROR** [1509] SDF (INTERCONNECT destination out port port acc_out in MMU annotated as (DEVICE delay does not have flattened gate driver

**final/MMU__nom_tt_025C_1v80.sdf(21452) WARN** [678] (DEVICE or (INTERCONNECT flattened gate driver of X does not have a driverfor bit 100
**final/MMU__nom_tt_025C_1v80.sdf(21452) ERROR** [1509] SDF (INTERCONNECT destination out port port acc_out in MMU annotated as (DEVICE delay does not have flattened gate driver

**final/MMU__nom_tt_025C_1v80.sdf(21453) WARN** [678] (DEVICE or (INTERCONNECT flattened gate driver of X does not have a driverfor bit 101
**final/MMU__nom_tt_025C_1v80.sdf(21453) ERROR** [1509] SDF (INTERCONNECT destination out port port acc_out in MMU annotated as (DEVICE delay does not have flattened gate driver

**final/MMU__nom_tt_025C_1v80.sdf(21454) WARN** [678] (DEVICE or (INTERCONNECT flattened gate driver of X does not have a driverfor bit 102
**final/MMU__nom_tt_025C_1v80.sdf(21454) ERROR** [1509] SDF (INTERCONNECT destination out port port acc_out in MMU annotated as (DEVICE delay does not have flattened gate driver

**final/MMU__nom_tt_025C_1v80.sdf(21455) WARN** [678] (DEVICE or (INTERCONNECT flattened gate driver of X does not have a driverfor bit 103
**final/MMU__nom_tt_025C_1v80.sdf(21455) ERROR** [1509] SDF (INTERCONNECT destination out port port acc_out in MMU annotated as (DEVICE delay does not have flattened gate driver

**final/MMU__nom_tt_025C_1v80.sdf(21456) WARN** [678] (DEVICE or (INTERCONNECT flattened gate driver of X does not have a driverfor bit 104
**final/MMU__nom_tt_025C_1v80.sdf(21456) ERROR** [1509] SDF (INTERCONNECT destination out port port acc_out in MMU annotated as (DEVICE delay does not have flattened gate driver

**final/MMU__nom_tt_025C_1v80.sdf(21457) WARN** [678] (DEVICE or (INTERCONNECT flattened gate driver of X does not have a driverfor bit 105
**final/MMU__nom_tt_025C_1v80.sdf(21457) ERROR** [1509] SDF (INTERCONNECT destination out port port acc_out in MMU annotated as (DEVICE delay does not have flattened gate driver

**final/MMU__nom_tt_025C_1v80.sdf(21458) WARN** [678] (DEVICE or (INTERCONNECT flattened gate driver of X does not have a driverfor bit 106
**final/MMU__nom_tt_025C_1v80.sdf(21458) ERROR** [1509] SDF (INTERCONNECT destination out port port acc_out in MMU annotated as (DEVICE delay does not have flattened gate driver

**final/MMU__nom_tt_025C_1v80.sdf(21459) WARN** [678] (DEVICE or (INTERCONNECT flattened gate driver of X does not have a driverfor bit 107
**final/MMU__nom_tt_025C_1v80.sdf(21459) ERROR** [1509] SDF (INTERCONNECT destination out port port acc_out in MMU annotated as (DEVICE delay does not have flattened gate driver

**final/MMU__nom_tt_025C_1v80.sdf(21460) WARN** [678] (DEVICE or (INTERCONNECT flattened gate driver of X does not have a driverfor bit 108
**final/MMU__nom_tt_025C_1v80.sdf(21460) ERROR** [1509] SDF (INTERCONNECT destination out port port acc_out in MMU annotated as (DEVICE delay does not have flattened gate driver

**final/MMU__nom_tt_025C_1v80.sdf(21461) WARN** [678] (DEVICE or (INTERCONNECT flattened gate driver of X does not have a driverfor bit 109
**final/MMU__nom_tt_025C_1v80.sdf(21461) ERROR** [1509] SDF (INTERCONNECT destination out port port acc_out in MMU annotated as (DEVICE delay does not have flattened gate driver

**final/MMU__nom_tt_025C_1v80.sdf(21462) WARN** [678] (DEVICE or (INTERCONNECT flattened gate driver of X does not have a driverfor bit 10
**final/MMU__nom_tt_025C_1v80.sdf(21462) ERROR** [1509] SDF (INTERCONNECT destination out port port acc_out in MMU annotated as (DEVICE delay does not have flattened gate driver

**final/MMU__nom_tt_025C_1v80.sdf(21463) WARN** [678] (DEVICE or (INTERCONNECT flattened gate driver of X does not have a driverfor bit 110
**final/MMU__nom_tt_025C_1v80.sdf(21463) ERROR** [1509] SDF (INTERCONNECT destination out port port acc_out in MMU annotated as (DEVICE delay does not have flattened gate driver

**final/MMU__nom_tt_025C_1v80.sdf(21464) WARN** [678] (DEVICE or (INTERCONNECT flattened gate driver of X does not have a driverfor bit 111
**final/MMU__nom_tt_025C_1v80.sdf(21464) ERROR** [1509] SDF (INTERCONNECT destination out port port acc_out in MMU annotated as (DEVICE delay does not have flattened gate driver

**final/MMU__nom_tt_025C_1v80.sdf(21465) WARN** [678] (DEVICE or (INTERCONNECT flattened gate driver of X does not have a driverfor bit 112
**final/MMU__nom_tt_025C_1v80.sdf(21465) ERROR** [1509] SDF (INTERCONNECT destination out port port acc_out in MMU annotated as (DEVICE delay does not have flattened gate driver

**final/MMU__nom_tt_025C_1v80.sdf(21466) WARN** [678] (DEVICE or (INTERCONNECT flattened gate driver of X does not have a driverfor bit 113
**final/MMU__nom_tt_025C_1v80.sdf(21466) ERROR** [1509] SDF (INTERCONNECT destination out port port acc_out in MMU annotated as (DEVICE delay does not have flattened gate driver

**final/MMU__nom_tt_025C_1v80.sdf(21467) WARN** [678] (DEVICE or (INTERCONNECT flattened gate driver of X does not have a driverfor bit 114
**final/MMU__nom_tt_025C_1v80.sdf(21467) ERROR** [1509] SDF (INTERCONNECT destination out port port acc_out in MMU annotated as (DEVICE delay does not have flattened gate driver

**final/MMU__nom_tt_025C_1v80.sdf(21468) WARN** [678] (DEVICE or (INTERCONNECT flattened gate driver of X does not have a driverfor bit 11
**final/MMU__nom_tt_025C_1v80.sdf(21468) ERROR** [1509] SDF (INTERCONNECT destination out port port acc_out in MMU annotated as (DEVICE delay does not have flattened gate driver

**final/MMU__nom_tt_025C_1v80.sdf(21469) WARN** [678] (DEVICE or (INTERCONNECT flattened gate driver of X does not have a driverfor bit 12
**final/MMU__nom_tt_025C_1v80.sdf(21469) ERROR** [1509] SDF (INTERCONNECT destination out port port acc_out in MMU annotated as (DEVICE delay does not have flattened gate driver

**final/MMU__nom_tt_025C_1v80.sdf(21470) WARN** [678] (DEVICE or (INTERCONNECT flattened gate driver of X does not have a driverfor bit 13
**final/MMU__nom_tt_025C_1v80.sdf(21470) ERROR** [1509] SDF (INTERCONNECT destination out port port acc_out in MMU annotated as (DEVICE delay does not have flattened gate driver

**final/MMU__nom_tt_025C_1v80.sdf(21471) WARN** [678] (DEVICE or (INTERCONNECT flattened gate driver of X does not have a driverfor bit 14
**final/MMU__nom_tt_025C_1v80.sdf(21471) ERROR** [1509] SDF (INTERCONNECT destination out port port acc_out in MMU annotated as (DEVICE delay does not have flattened gate driver

**final/MMU__nom_tt_025C_1v80.sdf(21472) WARN** [678] (DEVICE or (INTERCONNECT flattened gate driver of X does not have a driverfor bit 15
**final/MMU__nom_tt_025C_1v80.sdf(21472) ERROR** [1509] SDF (INTERCONNECT destination out port port acc_out in MMU annotated as (DEVICE delay does not have flattened gate driver

**final/MMU__nom_tt_025C_1v80.sdf(21473) WARN** [678] (DEVICE or (INTERCONNECT flattened gate driver of X does not have a driverfor bit 16
**final/MMU__nom_tt_025C_1v80.sdf(21473) ERROR** [1509] SDF (INTERCONNECT destination out port port acc_out in MMU annotated as (DEVICE delay does not have flattened gate driver

**final/MMU__nom_tt_025C_1v80.sdf(21474) WARN** [678] (DEVICE or (INTERCONNECT flattened gate driver of X does not have a driverfor bit 17
**final/MMU__nom_tt_025C_1v80.sdf(21474) ERROR** [1509] SDF (INTERCONNECT destination out port port acc_out in MMU annotated as (DEVICE delay does not have flattened gate driver

**final/MMU__nom_tt_025C_1v80.sdf(21475) WARN** [678] (DEVICE or (INTERCONNECT flattened gate driver of X does not have a driverfor bit 18
**final/MMU__nom_tt_025C_1v80.sdf(21475) ERROR** [1509] SDF (INTERCONNECT destination out port port acc_out in MMU annotated as (DEVICE delay does not have flattened gate driver

**final/MMU__nom_tt_025C_1v80.sdf(21476) WARN** [678] (DEVICE or (INTERCONNECT flattened gate driver of X does not have a driverfor bit 1
**final/MMU__nom_tt_025C_1v80.sdf(21476) ERROR** [1509] SDF (INTERCONNECT destination out port port acc_out in MMU annotated as (DEVICE delay does not have flattened gate driver

**final/MMU__nom_tt_025C_1v80.sdf(21477) WARN** [678] (DEVICE or (INTERCONNECT flattened gate driver of X does not have a driverfor bit 2
**final/MMU__nom_tt_025C_1v80.sdf(21477) ERROR** [1509] SDF (INTERCONNECT destination out port port acc_out in MMU annotated as (DEVICE delay does not have flattened gate driver

**final/MMU__nom_tt_025C_1v80.sdf(21478) WARN** [678] (DEVICE or (INTERCONNECT flattened gate driver of X does not have a driverfor bit 32
**final/MMU__nom_tt_025C_1v80.sdf(21478) ERROR** [1509] SDF (INTERCONNECT destination out port port acc_out in MMU annotated as (DEVICE delay does not have flattened gate driver

**final/MMU__nom_tt_025C_1v80.sdf(21479) WARN** [678] (DEVICE or (INTERCONNECT flattened gate driver of X does not have a driverfor bit 33
**final/MMU__nom_tt_025C_1v80.sdf(21479) ERROR** [1509] SDF (INTERCONNECT destination out port port acc_out in MMU annotated as (DEVICE delay does not have flattened gate driver

**final/MMU__nom_tt_025C_1v80.sdf(21480) WARN** [678] (DEVICE or (INTERCONNECT flattened gate driver of X does not have a driverfor bit 34
**final/MMU__nom_tt_025C_1v80.sdf(21480) ERROR** [1509] SDF (INTERCONNECT destination out port port acc_out in MMU annotated as (DEVICE delay does not have flattened gate driver

**final/MMU__nom_tt_025C_1v80.sdf(21481) WARN** [678] (DEVICE or (INTERCONNECT flattened gate driver of X does not have a driverfor bit 35
**final/MMU__nom_tt_025C_1v80.sdf(21481) ERROR** [1509] SDF (INTERCONNECT destination out port port acc_out in MMU annotated as (DEVICE delay does not have flattened gate driver

**final/MMU__nom_tt_025C_1v80.sdf(21482) WARN** [678] (DEVICE or (INTERCONNECT flattened gate driver of X does not have a driverfor bit 36
**final/MMU__nom_tt_025C_1v80.sdf(21482) ERROR** [1509] SDF (INTERCONNECT destination out port port acc_out in MMU annotated as (DEVICE delay does not have flattened gate driver

**final/MMU__nom_tt_025C_1v80.sdf(21483) WARN** [678] (DEVICE or (INTERCONNECT flattened gate driver of X does not have a driverfor bit 37
**final/MMU__nom_tt_025C_1v80.sdf(21483) ERROR** [1509] SDF (INTERCONNECT destination out port port acc_out in MMU annotated as (DEVICE delay does not have flattened gate driver

**final/MMU__nom_tt_025C_1v80.sdf(21484) WARN** [678] (DEVICE or (INTERCONNECT flattened gate driver of X does not have a driverfor bit 38
**final/MMU__nom_tt_025C_1v80.sdf(21484) ERROR** [1509] SDF (INTERCONNECT destination out port port acc_out in MMU annotated as (DEVICE delay does not have flattened gate driver

  **75 SDF errors during $sdf_annotate of "final/MMU__nom_tt_025C_1v80.sdf" context scope tb_MMU.UUT

[OUTPUT] time=260000 y3=X, y2=X, y1=X, y0=X
[OUTPUT] time=760000 y3=X, y2=X, y1=X, y0=X
[OUTPUT] time=1260000 y3=0, y2=0, y1=0, y0=0
[OUTPUT] time=1760000 y3=0, y2=0, y1=0, y0=0
[OUTPUT] time=2260000 y3=0, y2=0, y1=0, y0=0
[OUTPUT] time=2760000 y3=0, y2=0, y1=0, y0=0
[OUTPUT] time=3260000 y3=0, y2=0, y1=0, y0=0
[OUTPUT] time=3760000 y3=0, y2=0, y1=0, y0=0
[OUTPUT] time=4260000 y3=0, y2=0, y1=0, y0=0
[OUTPUT] time=4760000 y3=0, y2=0, y1=0, y0=8
[OUTPUT] time=5260000 y3=0, y2=0, y1=7, y0=21
[OUTPUT] time=5760000 y3=0, y2=7, y1=18, y0=27
[OUTPUT] time=6260000 y3=11, y2=17, y1=19, y0=27
[OUTPUT] time=6760000 y3=29, y2=15, y1=19, y0=32
[OUTPUT] time=7260000 y3=36, y2=19, y1=24, y0=99
[OUTPUT] time=7760000 y3=42, y2=21, y1=79, y0=32
[OUTPUT] time=8260000 y3=44, y2=69, y1=24, y0=70
[OUTPUT] time=8760000 y3=132, y2=21, y1=54, y0=0
[OUTPUT] time=9260000 y3=44, y2=59, y1=0, y0=0
[OUTPUT] time=9760000 y3=106, y2=0, y1=0, y0=0
[OUTPUT] time=10260000 y3=0, y2=0, y1=0, y0=0
[OUTPUT] time=10760000 y3=0, y2=0, y1=0, y0=0
[OUTPUT] time=11260000 y3=0, y2=0, y1=0, y0=0
[OUTPUT] time=11760000 y3=0, y2=0, y1=0, y0=0
[OUTPUT] time=12260000 y3=0, y2=0, y1=0, y0=0
[OUTPUT] time=12760000 y3=0, y2=0, y1=0, y0=0
[OUTPUT] time=13260000 y3=0, y2=0, y1=0, y0=0
[OUTPUT] time=13760000 y3=0, y2=0, y1=0, y0=0
[OUTPUT] time=14260000 y3=0, y2=0, y1=0, y0=0
[OUTPUT] time=14760000 y3=0, y2=0, y1=0, y0=0
[OUTPUT] time=15260000 y3=0, y2=0, y1=0, y0=0
[OUTPUT] time=15760000 y3=0, y2=0, y1=0, y0=0
[OUTPUT] time=16260000 y3=0, y2=0, y1=0, y0=0
[OUTPUT] time=16760000 y3=0, y2=0, y1=0, y0=0
[OUTPUT] time=17260000 y3=0, y2=0, y1=0, y0=0
[OUTPUT] time=17760000 y3=0, y2=0, y1=0, y0=0
[OUTPUT] time=18260000 y3=0, y2=0, y1=0, y0=0
[OUTPUT] time=18760000 y3=0, y2=0, y1=0, y0=0
[OUTPUT] time=19260000 y3=0, y2=0, y1=0, y0=0
[OUTPUT] time=19760000 y3=0, y2=0, y1=0, y0=0
[OUTPUT] time=20260000 y3=0, y2=0, y1=0, y0=0
[OUTPUT] time=20760000 y3=0, y2=0, y1=0, y0=0
[OUTPUT] time=21260000 y3=0, y2=0, y1=0, y0=0
[OUTPUT] time=21760000 y3=0, y2=0, y1=0, y0=0
[OUTPUT] time=22260000 y3=0, y2=0, y1=0, y0=0
Halted at location **sim/tb_MMU.v(117) time 22750000 ps from call to $finish.
  There were 0 error(s), 2385 warning(s), and 10614 inform(s).
