
===========================================================================
report_checks -unconstrained
===========================================================================
======================= nom_tt_025C_1v80 Corner ===================================

Startpoint: control (input port clocked by clk)
Endpoint: _13107_ (rising edge-triggered flip-flop clocked by clk)
Path Group: clk
Path Type: max

Fanout         Cap        Slew       Delay        Time   Description
---------------------------------------------------------------------------------------------
                                  0.000000    0.000000   clock clk (rise edge)
                                  0.000000    0.000000   clock network delay (propagated)
                                  4.000000    4.000000 ^ input external delay
   514    1.998990    8.875858    6.080061   10.080062 ^ control (in)
                                                         control (net)
                      8.876256    0.000000   10.080062 ^ _06395_/A (sky130_fd_sc_hd__inv_2)
   260    0.841232    1.843245    7.844932   17.924994 v _06395_/Y (sky130_fd_sc_hd__inv_2)
                                                         _06393_ (net)
                      1.843245    0.009564   17.934557 v _06524_/A (sky130_fd_sc_hd__and2_2)
    12    0.052561    0.172392    0.889814   18.824371 v _06524_/X (sky130_fd_sc_hd__and2_2)
                                                         _00055_ (net)
                      0.172396    0.001203   18.825575 v _06931_/B (sky130_fd_sc_hd__nand2_2)
     2    0.014743    0.105590    0.155861   18.981436 ^ _06931_/Y (sky130_fd_sc_hd__nand2_2)
                                                         _00805_ (net)
                      0.105590    0.000027   18.981462 ^ _06935_/A (sky130_fd_sc_hd__xnor2_2)
     2    0.013729    0.226401    0.154557   19.136019 ^ _06935_/Y (sky130_fd_sc_hd__xnor2_2)
                                                         _00809_ (net)
                      0.226401    0.000025   19.136044 ^ _06937_/B (sky130_fd_sc_hd__xor2_2)
     2    0.011555    0.188324    0.215110   19.351154 ^ _06937_/X (sky130_fd_sc_hd__xor2_2)
                                                         _00811_ (net)
                      0.188324    0.000043   19.351196 ^ _06938_/B (sky130_fd_sc_hd__xnor2_2)
     2    0.010542    0.189670    0.155081   19.506277 ^ _06938_/Y (sky130_fd_sc_hd__xnor2_2)
                                                         _00812_ (net)
                      0.189670    0.000016   19.506294 ^ _06940_/B (sky130_fd_sc_hd__xor2_2)
     2    0.013753    0.212462    0.228621   19.734915 ^ _06940_/X (sky130_fd_sc_hd__xor2_2)
                                                         _00814_ (net)
                      0.212462    0.000044   19.734959 ^ _06942_/B (sky130_fd_sc_hd__xnor2_2)
     2    0.013540    0.224223    0.169726   19.904684 ^ _06942_/Y (sky130_fd_sc_hd__xnor2_2)
                                                         _00816_ (net)
                      0.224223    0.000018   19.904703 ^ _06944_/B (sky130_fd_sc_hd__xor2_2)
     2    0.012465    0.198307    0.222142   20.126844 ^ _06944_/X (sky130_fd_sc_hd__xor2_2)
                                                         _00818_ (net)
                      0.198307    0.000044   20.126888 ^ _06946_/A (sky130_fd_sc_hd__xor2_2)
     4    0.010947    0.078597    0.121673   20.248562 v _06946_/X (sky130_fd_sc_hd__xor2_2)
                                                         _00820_ (net)
                      0.078597    0.000028   20.248590 v _06949_/B (sky130_fd_sc_hd__nand2_2)
     3    0.011615    0.077564    0.103215   20.351807 ^ _06949_/Y (sky130_fd_sc_hd__nand2_2)
                                                         _00823_ (net)
                      0.077564    0.000007   20.351812 ^ _06979_/B1_N (sky130_fd_sc_hd__a21bo_2)
     2    0.006147    0.042901    0.232028   20.583841 v _06979_/X (sky130_fd_sc_hd__a21bo_2)
                                                         _00852_ (net)
                      0.042901    0.000021   20.583862 v _07039_/B1 (sky130_fd_sc_hd__a21o_2)
     2    0.004633    0.039806    0.186722   20.770584 v _07039_/X (sky130_fd_sc_hd__a21o_2)
                                                         _00910_ (net)
                      0.039806    0.000004   20.770588 v _07042_/A2 (sky130_fd_sc_hd__o2111a_2)
     2    0.008253    0.052915    0.257733   21.028320 v _07042_/X (sky130_fd_sc_hd__o2111a_2)
                                                         _00913_ (net)
                      0.052915    0.000069   21.028391 v _07062_/B (sky130_fd_sc_hd__or3_2)
     2    0.004203    0.083128    0.452832   21.481222 v _07062_/X (sky130_fd_sc_hd__or3_2)
                                                         _00932_ (net)
                      0.083128    0.000007   21.481230 v _07066_/A1 (sky130_fd_sc_hd__a31o_2)
     3    0.008791    0.051545    0.230500   21.711729 v _07066_/X (sky130_fd_sc_hd__a31o_2)
                                                         _00936_ (net)
                      0.051545    0.000032   21.711761 v _07080_/B (sky130_fd_sc_hd__and2_2)
     1    0.002316    0.035658    0.182844   21.894606 v _07080_/X (sky130_fd_sc_hd__and2_2)
                                                         _00949_ (net)
                      0.035658    0.000002   21.894608 v _07081_/B1 (sky130_fd_sc_hd__a211o_2)
     4    0.014259    0.076956    0.341714   22.236322 v _07081_/X (sky130_fd_sc_hd__a211o_2)
                                                         _00950_ (net)
                      0.076956    0.000046   22.236368 v _07087_/A2 (sky130_fd_sc_hd__o211ai_2)
     3    0.009930    0.186747    0.191671   22.428040 ^ _07087_/Y (sky130_fd_sc_hd__o211ai_2)
                                                         _00955_ (net)
                      0.186747    0.000032   22.428070 ^ _07091_/A2 (sky130_fd_sc_hd__a21oi_2)
     3    0.010864    0.079669    0.104171   22.532242 v _07091_/Y (sky130_fd_sc_hd__a21oi_2)
                                                         _00958_ (net)
                      0.079669    0.000043   22.532284 v _07095_/B (sky130_fd_sc_hd__and2_2)
     2    0.006225    0.045866    0.210862   22.743147 v _07095_/X (sky130_fd_sc_hd__and2_2)
                                                         _00242_ (net)
                      0.045866    0.000009   22.743156 v _07096_/C (sky130_fd_sc_hd__nor3_2)
     1    0.001924    0.440365    0.083569   22.826725 ^ _07096_/Y (sky130_fd_sc_hd__nor3_2)
                                                         _00241_ (net)
                      0.440365    0.000004   22.826727 ^ _13107_/D (sky130_fd_sc_hd__dfxtp_2)
                                             22.826727   data arrival time

                                 20.000000   20.000000   clock clk (rise edge)
                                  0.000000   20.000000   clock source latency
   580    1.506785    6.693928    4.565584   24.565584 ^ clk (in)
                                                         clk (net)
                      6.694079    0.000000   24.565584 ^ _13107_/CLK (sky130_fd_sc_hd__dfxtp_2)
                                 -0.250000   24.315584   clock uncertainty
                                  0.000000   24.315584   clock reconvergence pessimism
                                  0.136727   24.452311   library setup time
                                             24.452311   data required time
---------------------------------------------------------------------------------------------
                                             24.452311   data required time
                                            -22.826727   data arrival time
---------------------------------------------------------------------------------------------
                                              1.625583   slack (MET)




===========================================================================
report_checks --slack_max -0.01
============================================================================
======================= nom_tt_025C_1v80 Corner ===================================

No paths found.


===========================================================================
 report_check_types -max_slew -max_cap -max_fanout -violators
============================================================================
======================= nom_tt_025C_1v80 Corner ===================================

max slew

Pin                                        Limit        Slew       Slack
------------------------------------------------------------------------
_07995_/A                               0.750000    8.878946   -8.128946 (VIOLATED)
_08028_/B1                              0.750000    8.878948   -8.128948 (VIOLATED)
_08193_/A                               0.750000    8.878949   -8.128949 (VIOLATED)
_07932_/A                               0.750000    8.878932   -8.128932 (VIOLATED)
_07933_/A1                              0.750000    8.878929   -8.128929 (VIOLATED)
_07936_/A                               0.750000    8.878934   -8.128934 (VIOLATED)
_07945_/A1                              0.750000    8.878934   -8.128934 (VIOLATED)
_07946_/A                               0.750000    8.878936   -8.128936 (VIOLATED)
_07951_/A                               0.750000    8.878943   -8.128943 (VIOLATED)
_07965_/A                               0.750000    8.878938   -8.128938 (VIOLATED)
_07968_/B1                              0.750000    8.878941   -8.128941 (VIOLATED)
_06685_/S                               0.750000    8.878919   -8.128919 (VIOLATED)
_09704_/A                               0.750000    8.878919   -8.128919 (VIOLATED)
_06686_/S                               0.750000    8.878909   -8.128909 (VIOLATED)
_09749_/A                               0.750000    8.878907   -8.128906 (VIOLATED)
_06687_/S                               0.750000    8.878898   -8.128898 (VIOLATED)
_09785_/A1                              0.750000    8.878890   -8.128890 (VIOLATED)
_09786_/A_N                             0.750000    8.878891   -8.128891 (VIOLATED)
_09787_/A                               0.750000    8.878890   -8.128890 (VIOLATED)
_09791_/A                               0.750000    8.878888   -8.128888 (VIOLATED)
_09824_/C1                              0.750000    8.878891   -8.128891 (VIOLATED)
_06688_/S                               0.750000    8.878864   -8.128864 (VIOLATED)
_06689_/S                               0.750000    8.878863   -8.128863 (VIOLATED)
_09863_/B1                              0.750000    8.878864   -8.128864 (VIOLATED)
_09890_/D1                              0.750000    8.878841   -8.128841 (VIOLATED)
_09895_/B1                              0.750000    8.878843   -8.128843 (VIOLATED)
_09921_/B1                              0.750000    8.878821   -8.128821 (VIOLATED)
_09939_/B1                              0.750000    8.878785   -8.128785 (VIOLATED)
_06690_/S                               0.750000    8.878734   -8.128734 (VIOLATED)
_06691_/S                               0.750000    8.878733   -8.128733 (VIOLATED)
_06692_/S                               0.750000    8.878735   -8.128735 (VIOLATED)
_09957_/B1                              0.750000    8.878736   -8.128736 (VIOLATED)
_09965_/B1                              0.750000    8.878736   -8.128736 (VIOLATED)
_09160_/A                               0.750000    8.878695   -8.128695 (VIOLATED)
_09169_/A1                              0.750000    8.878691   -8.128691 (VIOLATED)
_09170_/A                               0.750000    8.878692   -8.128692 (VIOLATED)
_09189_/A                               0.750000    8.878693   -8.128693 (VIOLATED)
_09192_/B1                              0.750000    8.878694   -8.128694 (VIOLATED)
_09219_/B1                              0.750000    8.878695   -8.128695 (VIOLATED)
_09156_/A                               0.750000    8.878681   -8.128681 (VIOLATED)
_09157_/A1                              0.750000    8.878673   -8.128673 (VIOLATED)
_10780_/A                               0.750000    8.878630   -8.128630 (VIOLATED)
_10795_/A                               0.750000    8.878621   -8.128621 (VIOLATED)
_10815_/B1                              0.750000    8.878596   -8.128596 (VIOLATED)
_06637_/S                               0.750000    8.878565   -8.128565 (VIOLATED)
_06638_/S                               0.750000    8.878565   -8.128565 (VIOLATED)
_09573_/A                               0.750000    8.878571   -8.128570 (VIOLATED)
_09569_/A                               0.750000    8.878556   -8.128556 (VIOLATED)
_09602_/A                               0.750000    8.878564   -8.128564 (VIOLATED)
_09605_/B1                              0.750000    8.878565   -8.128565 (VIOLATED)
_09633_/A                               0.750000    8.878571   -8.128570 (VIOLATED)
_09570_/A1                              0.750000    8.878554   -8.128554 (VIOLATED)
_09582_/A1                              0.750000    8.878561   -8.128561 (VIOLATED)
_09583_/A                               0.750000    8.878562   -8.128562 (VIOLATED)
_09588_/A                               0.750000    8.878570   -8.128570 (VIOLATED)
_06677_/S                               0.750000    8.878543   -8.128543 (VIOLATED)
_06678_/S                               0.750000    8.878543   -8.128543 (VIOLATED)
_10838_/A                               0.750000    8.878545   -8.128545 (VIOLATED)
_11169_/A                               0.750000    8.878545   -8.128544 (VIOLATED)
_06679_/S                               0.750000    8.878534   -8.128534 (VIOLATED)
_06680_/S                               0.750000    8.878531   -8.128531 (VIOLATED)
_06681_/S                               0.750000    8.878519   -8.128519 (VIOLATED)
_11229_/A                               0.750000    8.878524   -8.128524 (VIOLATED)
_11262_/B1                              0.750000    8.878523   -8.128523 (VIOLATED)
_11292_/A1                              0.750000    8.878525   -8.128525 (VIOLATED)
_11293_/A                               0.750000    8.878525   -8.128525 (VIOLATED)
_11296_/B1                              0.750000    8.878522   -8.128522 (VIOLATED)
_11337_/A1                              0.750000    8.878523   -8.128523 (VIOLATED)
_11338_/A                               0.750000    8.878523   -8.128523 (VIOLATED)
_11341_/B1                              0.750000    8.878519   -8.128519 (VIOLATED)
_11377_/A1                              0.750000    8.878520   -8.128520 (VIOLATED)
_11378_/A                               0.750000    8.878519   -8.128519 (VIOLATED)
_06682_/S                               0.750000    8.878508   -8.128508 (VIOLATED)
_11381_/B1                              0.750000    8.878515   -8.128515 (VIOLATED)
_10776_/A                               0.750000    8.878502   -8.128502 (VIOLATED)
_10777_/A1                              0.750000    8.878502   -8.128502 (VIOLATED)
_10789_/A1                              0.750000    8.878501   -8.128501 (VIOLATED)
_10790_/A                               0.750000    8.878501   -8.128501 (VIOLATED)
_11417_/B1                              0.750000    8.878507   -8.128507 (VIOLATED)
_10833_/B1                              0.750000    8.878497   -8.128497 (VIOLATED)
_10871_/B1                              0.750000    8.878499   -8.128499 (VIOLATED)
_11449_/B1                              0.750000    8.878489   -8.128489 (VIOLATED)
_10905_/B1                              0.750000    8.878477   -8.128477 (VIOLATED)
_10901_/A1                              0.750000    8.878465   -8.128465 (VIOLATED)
_10902_/A                               0.750000    8.878465   -8.128465 (VIOLATED)
_11482_/B1                              0.750000    8.878469   -8.128469 (VIOLATED)
_06683_/S                               0.750000    8.878451   -8.128451 (VIOLATED)
_10946_/B1                              0.750000    8.878442   -8.128442 (VIOLATED)
_11511_/B1                              0.750000    8.878444   -8.128444 (VIOLATED)
_11445_/A1                              0.750000    8.878409   -8.128409 (VIOLATED)
_11446_/A                               0.750000    8.878409   -8.128409 (VIOLATED)
_11478_/C1                              0.750000    8.878408   -8.128408 (VIOLATED)
_11506_/B1                              0.750000    8.878407   -8.128407 (VIOLATED)
_11530_/A1                              0.750000    8.878404   -8.128404 (VIOLATED)
_11531_/A                               0.750000    8.878407   -8.128407 (VIOLATED)
_06684_/S                               0.750000    8.878373   -8.128373 (VIOLATED)
_11534_/A                               0.750000    8.878373   -8.128373 (VIOLATED)
_11551_/B1                              0.750000    8.878366   -8.128366 (VIOLATED)
_11554_/B1                              0.750000    8.878371   -8.128371 (VIOLATED)
_06639_/S                               0.750000    8.878355   -8.128355 (VIOLATED)
_06640_/S                               0.750000    8.878355   -8.128355 (VIOLATED)
_06641_/S                               0.750000    8.878354   -8.128354 (VIOLATED)
_06642_/S                               0.750000    8.878340   -8.128340 (VIOLATED)
_06621_/S                               0.750000    8.878291   -8.128291 (VIOLATED)
_06661_/S                               0.750000    8.878261   -8.128260 (VIOLATED)
_11165_/A                               0.750000    8.878263   -8.128263 (VIOLATED)
_11166_/A1                              0.750000    8.878262   -8.128262 (VIOLATED)
_11178_/A1                              0.750000    8.878265   -8.128265 (VIOLATED)
_11179_/A                               0.750000    8.878266   -8.128266 (VIOLATED)
_11184_/A                               0.750000    8.878268   -8.128268 (VIOLATED)
_11203_/B1                              0.750000    8.878267   -8.128267 (VIOLATED)
_11221_/B1                              0.750000    8.878268   -8.128268 (VIOLATED)
_06623_/S                               0.750000    8.878247   -8.128247 (VIOLATED)
_06669_/S                               0.750000    8.878253   -8.128253 (VIOLATED)
_10942_/A1                              0.750000    8.878247   -8.128247 (VIOLATED)
_10943_/A                               0.750000    8.878248   -8.128248 (VIOLATED)
_10982_/A1                              0.750000    8.878247   -8.128246 (VIOLATED)
_10983_/A                               0.750000    8.878247   -8.128246 (VIOLATED)
_10986_/B1                              0.750000    8.878244   -8.128244 (VIOLATED)
_11022_/B1                              0.750000    8.878244   -8.128244 (VIOLATED)
_11049_/A1                              0.750000    8.878245   -8.128245 (VIOLATED)
_11050_/A                               0.750000    8.878244   -8.128244 (VIOLATED)
_11053_/B1                              0.750000    8.878243   -8.128243 (VIOLATED)
_11085_/B1                              0.750000    8.878242   -8.128242 (VIOLATED)
_12489_/A                               0.750000    8.878249   -8.128249 (VIOLATED)
_12529_/B1                              0.750000    8.878249   -8.128249 (VIOLATED)
_06670_/S                               0.750000    8.878241   -8.128241 (VIOLATED)
_11109_/A                               0.750000    8.878239   -8.128239 (VIOLATED)
_11110_/A1                              0.750000    8.878239   -8.128239 (VIOLATED)
_11113_/B1                              0.750000    8.878241   -8.128241 (VIOLATED)
_06624_/S                               0.750000    8.878209   -8.128209 (VIOLATED)
_06643_/S                               0.750000    8.878202   -8.128202 (VIOLATED)
_06673_/S                               0.750000    8.878206   -8.128206 (VIOLATED)
_11143_/B1                              0.750000    8.878211   -8.128211 (VIOLATED)
_11152_/B1                              0.750000    8.878204   -8.128204 (VIOLATED)
_11155_/B1                              0.750000    8.878199   -8.128199 (VIOLATED)
_12625_/A                               0.750000    8.878204   -8.128204 (VIOLATED)
_12691_/B1                              0.750000    8.878203   -8.128203 (VIOLATED)
_06674_/S                               0.750000    8.878194   -8.128194 (VIOLATED)
_06671_/S                               0.750000    8.878182   -8.128181 (VIOLATED)
_12177_/A                               0.750000    8.878187   -8.128187 (VIOLATED)
_06622_/S                               0.750000    8.878164   -8.128164 (VIOLATED)
_06644_/S                               0.750000    8.878169   -8.128169 (VIOLATED)
_06672_/S                               0.750000    8.878169   -8.128169 (VIOLATED)
_12200_/B1                              0.750000    8.878167   -8.128167 (VIOLATED)
_06675_/S                               0.750000    8.878144   -8.128144 (VIOLATED)
_12741_/A                               0.750000    8.878151   -8.128151 (VIOLATED)
_12764_/A                               0.750000    8.878150   -8.128150 (VIOLATED)
_12780_/A                               0.750000    8.878149   -8.128149 (VIOLATED)
_12786_/A                               0.750000    8.878148   -8.128148 (VIOLATED)
_06605_/S                               0.750000    8.878125   -8.128125 (VIOLATED)
_06606_/S                               0.750000    8.878124   -8.128124 (VIOLATED)
_06676_/S                               0.750000    8.878130   -8.128130 (VIOLATED)
_12222_/A                               0.750000    8.878131   -8.128131 (VIOLATED)
_11135_/A                               0.750000    8.878121   -8.128121 (VIOLATED)
_06542_/S                               0.750000    8.878104   -8.128104 (VIOLATED)
_06625_/S                               0.750000    8.878074   -8.128074 (VIOLATED)
_10380_/A                               0.750000    8.878051   -8.128051 (VIOLATED)
_10381_/A1                              0.750000    8.878050   -8.128050 (VIOLATED)
_12319_/A                               0.750000    8.878017   -8.128017 (VIOLATED)
_10393_/A1                              0.750000    8.877990   -8.127990 (VIOLATED)
_10394_/A                               0.750000    8.877996   -8.127996 (VIOLATED)
_06626_/S                               0.750000    8.877970   -8.127970 (VIOLATED)
_10413_/A                               0.750000    8.877962   -8.127962 (VIOLATED)
_12387_/B1                              0.750000    8.877927   -8.127927 (VIOLATED)
_10416_/B1                              0.750000    8.877918   -8.127918 (VIOLATED)
_06627_/S                               0.750000    8.877860   -8.127860 (VIOLATED)
_06573_/S                               0.750000    8.877851   -8.127851 (VIOLATED)
_10384_/A                               0.750000    8.877852   -8.127852 (VIOLATED)
_10399_/A                               0.750000    8.877852   -8.127852 (VIOLATED)
_10443_/B1                              0.750000    8.877831   -8.127831 (VIOLATED)
_06628_/S                               0.750000    8.877772   -8.127772 (VIOLATED)
_10478_/A                               0.750000    8.877769   -8.127769 (VIOLATED)
_06574_/S                               0.750000    8.877748   -8.127748 (VIOLATED)
_10472_/A                               0.750000    8.877711   -8.127711 (VIOLATED)
_10474_/A1                              0.750000    8.877711   -8.127711 (VIOLATED)
_12437_/A                               0.750000    8.877719   -8.127719 (VIOLATED)
_12460_/A                               0.750000    8.877696   -8.127696 (VIOLATED)
_06575_/S                               0.750000    8.877680   -8.127680 (VIOLATED)
_12475_/A                               0.750000    8.877658   -8.127658 (VIOLATED)
_12485_/B1                              0.750000    8.877635   -8.127635 (VIOLATED)
_08064_/A                               0.750000    8.877603   -8.127603 (VIOLATED)
_08107_/B1                              0.750000    8.877602   -8.127602 (VIOLATED)
_08187_/A                               0.750000    8.877599   -8.127599 (VIOLATED)
_08219_/A1                              0.750000    8.877598   -8.127598 (VIOLATED)
_08220_/A                               0.750000    8.877598   -8.127598 (VIOLATED)
_08250_/B1                              0.750000    8.877593   -8.127593 (VIOLATED)
_08255_/B1                              0.750000    8.877597   -8.127597 (VIOLATED)
_08302_/A                               0.750000    8.877583   -8.127583 (VIOLATED)
_10553_/B1                              0.750000    8.877588   -8.127588 (VIOLATED)
_06576_/S                               0.750000    8.877574   -8.127574 (VIOLATED)
_08327_/B1                              0.750000    8.877573   -8.127573 (VIOLATED)
_09971_/A                               0.750000    8.877565   -8.127565 (VIOLATED)
_07531_/A1                              0.750000    8.877556   -8.127556 (VIOLATED)
_07532_/A                               0.750000    8.877558   -8.127558 (VIOLATED)
_07551_/A                               0.750000    8.877559   -8.127559 (VIOLATED)
_07518_/A                               0.750000    8.877545   -8.127545 (VIOLATED)
_07519_/A1                              0.750000    8.877542   -8.127542 (VIOLATED)
_09175_/A                               0.750000    8.877549   -8.127549 (VIOLATED)
_06653_/S                               0.750000    8.877533   -8.127533 (VIOLATED)
_06577_/S                               0.750000    8.877519   -8.127519 (VIOLATED)
_06654_/S                               0.750000    8.877525   -8.127525 (VIOLATED)
_06655_/S                               0.750000    8.877509   -8.127509 (VIOLATED)
_06545_/S                               0.750000    8.877496   -8.127496 (VIOLATED)
_06656_/S                               0.750000    8.877498   -8.127498 (VIOLATED)
_06662_/S                               0.750000    8.877499   -8.127499 (VIOLATED)
_06663_/S                               0.750000    8.877499   -8.127499 (VIOLATED)
_06664_/S                               0.750000    8.877498   -8.127497 (VIOLATED)
_06665_/S                               0.750000    8.877498   -8.127498 (VIOLATED)
_06666_/S                               0.750000    8.877491   -8.127491 (VIOLATED)
_06668_/S                               0.750000    8.877497   -8.127496 (VIOLATED)
_07522_/A                               0.750000    8.877491   -8.127491 (VIOLATED)
_08308_/B1                              0.750000    8.877497   -8.127496 (VIOLATED)
_08324_/A                               0.750000    8.877496   -8.127496 (VIOLATED)
_08334_/A                               0.750000    8.877495   -8.127495 (VIOLATED)
_08340_/A                               0.750000    8.877492   -8.127492 (VIOLATED)
_09248_/A                               0.750000    8.877498   -8.127498 (VIOLATED)
_09250_/A1                              0.750000    8.877498   -8.127498 (VIOLATED)
_06657_/S                               0.750000    8.877480   -8.127480 (VIOLATED)
_06667_/S                               0.750000    8.877485   -8.127485 (VIOLATED)
_07537_/A                               0.750000    8.877487   -8.127487 (VIOLATED)
_07554_/B1                              0.750000    8.877488   -8.127488 (VIOLATED)
_07580_/B1                              0.750000    8.877480   -8.127480 (VIOLATED)
_08344_/A                               0.750000    8.877486   -8.127486 (VIOLATED)
_09254_/A                               0.750000    8.877495   -8.127495 (VIOLATED)
_07610_/B1                              0.750000    8.877474   -8.127474 (VIOLATED)
_07614_/B1                              0.750000    8.877471   -8.127470 (VIOLATED)
_06658_/S                               0.750000    8.877461   -8.127461 (VIOLATED)
_06547_/S                               0.750000    8.877449   -8.127449 (VIOLATED)
_07697_/A                               0.750000    8.877458   -8.127458 (VIOLATED)
_06578_/S                               0.750000    8.877447   -8.127447 (VIOLATED)
_07777_/B1                              0.750000    8.877441   -8.127441 (VIOLATED)
_06608_/S                               0.750000    8.877433   -8.127432 (VIOLATED)
_06612_/S                               0.750000    8.877436   -8.127436 (VIOLATED)
_09370_/A1                              0.750000    8.877440   -8.127440 (VIOLATED)
_09371_/A                               0.750000    8.877441   -8.127441 (VIOLATED)
_06611_/S                               0.750000    8.877422   -8.127422 (VIOLATED)
_07805_/A                               0.750000    8.877430   -8.127430 (VIOLATED)
_07836_/A1                              0.750000    8.877419   -8.127419 (VIOLATED)
_06607_/S                               0.750000    8.877409   -8.127409 (VIOLATED)
_06609_/S                               0.750000    8.877408   -8.127408 (VIOLATED)
_07838_/B                               0.750000    8.877416   -8.127416 (VIOLATED)
_06610_/S                               0.750000    8.877404   -8.127404 (VIOLATED)
_07868_/A                               0.750000    8.877405   -8.127405 (VIOLATED)
_09446_/A1                              0.750000    8.877409   -8.127409 (VIOLATED)
_09447_/A                               0.750000    8.877409   -8.127409 (VIOLATED)
_10632_/C1                              0.750000    8.877418   -8.127418 (VIOLATED)
_10669_/B1                              0.750000    8.877410   -8.127410 (VIOLATED)
_07891_/A                               0.750000    8.877394   -8.127393 (VIOLATED)
_09450_/B1                              0.750000    8.877400   -8.127400 (VIOLATED)
_06543_/S                               0.750000    8.877382   -8.127382 (VIOLATED)
_09483_/B1                              0.750000    8.877386   -8.127386 (VIOLATED)
_06544_/S                               0.750000    8.877378   -8.127378 (VIOLATED)
_07900_/A                               0.750000    8.877376   -8.127376 (VIOLATED)
_07901_/A1                              0.750000    8.877376   -8.127376 (VIOLATED)
_07906_/A                               0.750000    8.877378   -8.127378 (VIOLATED)
_07916_/B1                              0.750000    8.877374   -8.127374 (VIOLATED)
_07922_/A                               0.750000    8.877372   -8.127372 (VIOLATED)
_07925_/A                               0.750000    8.877366   -8.127366 (VIOLATED)
_09478_/A                               0.750000    8.877372   -8.127372 (VIOLATED)
_09507_/A                               0.750000    8.877371   -8.127371 (VIOLATED)
_09511_/B1                              0.750000    8.877371   -8.127371 (VIOLATED)
_06548_/S                               0.750000    8.877353   -8.127353 (VIOLATED)
_06579_/S                               0.750000    8.877357   -8.127357 (VIOLATED)
_06580_/S                               0.750000    8.877348   -8.127348 (VIOLATED)
_09533_/B1                              0.750000    8.877346   -8.127346 (VIOLATED)
_09529_/A                               0.750000    8.877335   -8.127335 (VIOLATED)
_09543_/B1                              0.750000    8.877334   -8.127334 (VIOLATED)
_10701_/B1                              0.750000    8.877333   -8.127333 (VIOLATED)
_07108_/A                               0.750000    8.877316   -8.127316 (VIOLATED)
_09557_/B1                              0.750000    8.877319   -8.127319 (VIOLATED)
_06546_/S                               0.750000    8.877305   -8.127305 (VIOLATED)
_06659_/S                               0.750000    8.877308   -8.127308 (VIOLATED)
_10665_/A1                              0.750000    8.877310   -8.127310 (VIOLATED)
_10666_/A                               0.750000    8.877310   -8.127310 (VIOLATED)
_10697_/C1                              0.750000    8.877309   -8.127309 (VIOLATED)
_10725_/B1                              0.750000    8.877307   -8.127307 (VIOLATED)
_06660_/S                               0.750000    8.877293   -8.127293 (VIOLATED)
_10746_/B1                              0.750000    8.877301   -8.127301 (VIOLATED)
_06480_/S                               0.750000    8.877249   -8.127249 (VIOLATED)
_07123_/A                               0.750000    8.877254   -8.127254 (VIOLATED)
_07144_/B1                              0.750000    8.877247   -8.127247 (VIOLATED)
_07161_/B1                              0.750000    8.877241   -8.127241 (VIOLATED)
_08751_/A                               0.750000    8.877239   -8.127239 (VIOLATED)
_07117_/A1                              0.750000    8.877223   -8.127223 (VIOLATED)
_07118_/A                               0.750000    8.877227   -8.127227 (VIOLATED)
_08766_/A                               0.750000    8.877225   -8.127225 (VIOLATED)
_10743_/A                               0.750000    8.877231   -8.127231 (VIOLATED)
_07104_/A                               0.750000    8.877207   -8.127207 (VIOLATED)
_08747_/A                               0.750000    8.877214   -8.127214 (VIOLATED)
_08748_/A1                              0.750000    8.877214   -8.127214 (VIOLATED)
_08760_/A1                              0.750000    8.877214   -8.127214 (VIOLATED)
_08761_/A                               0.750000    8.877213   -8.127213 (VIOLATED)
_08780_/A                               0.750000    8.877213   -8.127213 (VIOLATED)
_08783_/B1                              0.750000    8.877218   -8.127218 (VIOLATED)
_10742_/A1                              0.750000    8.877213   -8.127212 (VIOLATED)
_06479_/S                               0.750000    8.877195   -8.127195 (VIOLATED)
_07105_/A1                              0.750000    8.877201   -8.127201 (VIOLATED)
_08810_/B1                              0.750000    8.877183   -8.127183 (VIOLATED)
_06472_/A_N                             0.750000    8.877172   -8.127172 (VIOLATED)
_10763_/B1                              0.750000    8.877173   -8.127172 (VIOLATED)
_06471_/A_N                             0.750000    8.877147   -8.127147 (VIOLATED)
_06557_/S                               0.750000    8.877138   -8.127138 (VIOLATED)
_06558_/S                               0.750000    8.877137   -8.127137 (VIOLATED)
_11864_/A                               0.750000    8.877139   -8.127139 (VIOLATED)
_11905_/B1                              0.750000    8.877143   -8.127143 (VIOLATED)
_11933_/A                               0.750000    8.877143   -8.127143 (VIOLATED)
_11967_/A                               0.750000    8.877143   -8.127143 (VIOLATED)
_06469_/A_N                             0.750000    8.877127   -8.127127 (VIOLATED)
_06470_/A_N                             0.750000    8.877126   -8.127126 (VIOLATED)
_06559_/S                               0.750000    8.877134   -8.127134 (VIOLATED)
_06541_/S                               0.750000    8.877125   -8.127125 (VIOLATED)
_06560_/S                               0.750000    8.877131   -8.127131 (VIOLATED)
_06561_/S                               0.750000    8.877130   -8.127130 (VIOLATED)
_06562_/S                               0.750000    8.877124   -8.127124 (VIOLATED)
_06589_/S                               0.750000    8.877127   -8.127127 (VIOLATED)
_06483_/S                               0.750000    8.877113   -8.127113 (VIOLATED)
_06563_/S                               0.750000    8.877122   -8.127121 (VIOLATED)
_06564_/S                               0.750000    8.877126   -8.127126 (VIOLATED)
_11586_/A_N                             0.750000    8.877126   -8.127126 (VIOLATED)
_11587_/A_N                             0.750000    8.877126   -8.127126 (VIOLATED)
_12006_/A                               0.750000    8.877132   -8.127132 (VIOLATED)
_12077_/B1                              0.750000    8.877131   -8.127131 (VIOLATED)
_12104_/A                               0.750000    8.877131   -8.127131 (VIOLATED)
_12128_/A                               0.750000    8.877131   -8.127131 (VIOLATED)
_12149_/A                               0.750000    8.877131   -8.127131 (VIOLATED)
_12169_/B1                              0.750000    8.877131   -8.127131 (VIOLATED)
_08845_/A                               0.750000    8.877097   -8.127097 (VIOLATED)
_09983_/A                               0.750000    8.877106   -8.127106 (VIOLATED)
_10016_/B1                              0.750000    8.877095   -8.127095 (VIOLATED)
_08839_/A                               0.750000    8.877081   -8.127081 (VIOLATED)
_08841_/A1                              0.750000    8.877081   -8.127081 (VIOLATED)
_09999_/A                               0.750000    8.877076   -8.127076 (VIOLATED)
_06590_/S                               0.750000    8.877062   -8.127062 (VIOLATED)
_10081_/B1                              0.750000    8.877058   -8.127058 (VIOLATED)
_06478_/S                               0.750000    8.877049   -8.127049 (VIOLATED)
_06482_/S                               0.750000    8.877052   -8.127052 (VIOLATED)
_10115_/B1                              0.750000    8.877030   -8.127030 (VIOLATED)
_06477_/S                               0.750000    8.877013   -8.127013 (VIOLATED)
_10156_/B1                              0.750000    8.877016   -8.127016 (VIOLATED)
_08883_/A                               0.750000    8.877000   -8.127000 (VIOLATED)
_06484_/S                               0.750000    8.876974   -8.126974 (VIOLATED)
_06509_/S                               0.750000    8.876980   -8.126980 (VIOLATED)
_08926_/B1                              0.750000    8.876958   -8.126958 (VIOLATED)
_06510_/S                               0.750000    8.876944   -8.126944 (VIOLATED)
_06591_/S                               0.750000    8.876926   -8.126926 (VIOLATED)
_06481_/S                               0.750000    8.876917   -8.126917 (VIOLATED)
_06592_/S                               0.750000    8.876904   -8.126904 (VIOLATED)
_10195_/B1                              0.750000    8.876906   -8.126906 (VIOLATED)
_08965_/A                               0.750000    8.876876   -8.126876 (VIOLATED)
_08963_/A1                              0.750000    8.876863   -8.126863 (VIOLATED)
_08964_/A                               0.750000    8.876861   -8.126861 (VIOLATED)
_10234_/B1                              0.750000    8.876866   -8.126866 (VIOLATED)
_06593_/S                               0.750000    8.876825   -8.126825 (VIOLATED)
_08391_/A_N                             0.750000    8.876827   -8.126827 (VIOLATED)
_08392_/A_N                             0.750000    8.876827   -8.126827 (VIOLATED)
_08420_/A_N                             0.750000    8.876827   -8.126827 (VIOLATED)
_08969_/A                               0.750000    8.876825   -8.126825 (VIOLATED)
_06502_/A_N                             0.750000    8.876799   -8.126798 (VIOLATED)
_06511_/S                               0.750000    8.876805   -8.126805 (VIOLATED)
_09041_/B1                              0.750000    8.876801   -8.126801 (VIOLATED)
_06512_/S                               0.750000    8.876776   -8.126776 (VIOLATED)
_06594_/S                               0.750000    8.876779   -8.126779 (VIOLATED)
_06485_/A_N                             0.750000    8.876756   -8.126756 (VIOLATED)
_06486_/A_N                             0.750000    8.876758   -8.126758 (VIOLATED)
_06487_/A_N                             0.750000    8.876754   -8.126754 (VIOLATED)
_06488_/A_N                             0.750000    8.876754   -8.126754 (VIOLATED)
_06493_/S                               0.750000    8.876760   -8.126759 (VIOLATED)
_06494_/S                               0.750000    8.876760   -8.126759 (VIOLATED)
_06495_/S                               0.750000    8.876759   -8.126759 (VIOLATED)
_06500_/S                               0.750000    8.876766   -8.126766 (VIOLATED)
_06496_/S                               0.750000    8.876758   -8.126758 (VIOLATED)
_06497_/S                               0.750000    8.876756   -8.126756 (VIOLATED)
_09072_/B1                              0.750000    8.876759   -8.126759 (VIOLATED)
_09977_/A_N                             0.750000    8.876760   -8.126759 (VIOLATED)
_09985_/A_N                             0.750000    8.876759   -8.126759 (VIOLATED)
_10000_/A_N                             0.750000    8.876760   -8.126759 (VIOLATED)
_10001_/A_N                             0.750000    8.876760   -8.126759 (VIOLATED)
_10002_/A_N                             0.750000    8.876760   -8.126759 (VIOLATED)
_10004_/A_N                             0.750000    8.876759   -8.126759 (VIOLATED)
_10019_/A_N                             0.750000    8.876760   -8.126759 (VIOLATED)
_10020_/A_N                             0.750000    8.876760   -8.126759 (VIOLATED)
_10021_/A_N                             0.750000    8.876760   -8.126759 (VIOLATED)
_10022_/A_N                             0.750000    8.876760   -8.126759 (VIOLATED)
_10051_/A_N                             0.750000    8.876757   -8.126757 (VIOLATED)
_10053_/A_N                             0.750000    8.876760   -8.126759 (VIOLATED)
_10089_/A_N                             0.750000    8.876757   -8.126757 (VIOLATED)
_10121_/A_N                             0.750000    8.876749   -8.126749 (VIOLATED)
_10122_/A_N                             0.750000    8.876748   -8.126748 (VIOLATED)
_10123_/A_N                             0.750000    8.876744   -8.126744 (VIOLATED)
_10124_/A_N                             0.750000    8.876745   -8.126745 (VIOLATED)
_10166_/A_N                             0.750000    8.876745   -8.126745 (VIOLATED)
_10164_/A_N                             0.750000    8.876736   -8.126736 (VIOLATED)
_10209_/A_N                             0.750000    8.876737   -8.126737 (VIOLATED)
_10270_/B1                              0.750000    8.876742   -8.126742 (VIOLATED)
_06498_/S                               0.750000    8.876727   -8.126727 (VIOLATED)
_06499_/S                               0.750000    8.876731   -8.126731 (VIOLATED)
_06513_/S                               0.750000    8.876726   -8.126726 (VIOLATED)
_09099_/B1                              0.750000    8.876718   -8.126718 (VIOLATED)
_06503_/A_N                             0.750000    8.876709   -8.126708 (VIOLATED)
_08418_/A_N                             0.750000    8.876709   -8.126708 (VIOLATED)
_09037_/A                               0.750000    8.876699   -8.126699 (VIOLATED)
_09068_/A                               0.750000    8.876699   -8.126699 (VIOLATED)
_06489_/A_N                             0.750000    8.876684   -8.126684 (VIOLATED)
_06596_/S                               0.750000    8.876682   -8.126682 (VIOLATED)
_09121_/B1                              0.750000    8.876677   -8.126677 (VIOLATED)
_10297_/B1                              0.750000    8.876664   -8.126664 (VIOLATED)
_06490_/A_N                             0.750000    8.876642   -8.126642 (VIOLATED)
_06501_/A_N                             0.750000    8.876646   -8.126646 (VIOLATED)
_06595_/S                               0.750000    8.876643   -8.126642 (VIOLATED)
_09095_/A                               0.750000    8.876643   -8.126642 (VIOLATED)
_09096_/A1                              0.750000    8.876643   -8.126642 (VIOLATED)
_09118_/A1                              0.750000    8.876644   -8.126644 (VIOLATED)
_09119_/A                               0.750000    8.876641   -8.126641 (VIOLATED)
_08486_/A_N                             0.750000    8.876632   -8.126632 (VIOLATED)
_06491_/A_N                             0.750000    8.876621   -8.126621 (VIOLATED)
_09144_/B1                              0.750000    8.876604   -8.126604 (VIOLATED)
_09141_/A1                              0.750000    8.876588   -8.126588 (VIOLATED)
_08452_/A_N                             0.750000    8.876575   -8.126575 (VIOLATED)
_08487_/A_N                             0.750000    8.876575   -8.126575 (VIOLATED)
_08529_/A_N                             0.750000    8.876566   -8.126565 (VIOLATED)
_09140_/A                               0.750000    8.876571   -8.126571 (VIOLATED)
_08527_/A_N                             0.750000    8.876535   -8.126535 (VIOLATED)
_08456_/A_N                             0.750000    8.876522   -8.126522 (VIOLATED)
_10326_/A                               0.750000    8.876530   -8.126530 (VIOLATED)
_10348_/B1                              0.750000    8.876530   -8.126530 (VIOLATED)
_08566_/A_N                             0.750000    8.876514   -8.126514 (VIOLATED)
_06504_/A_N                             0.750000    8.876492   -8.126492 (VIOLATED)
_06514_/S                               0.750000    8.876487   -8.126487 (VIOLATED)
_06704_/A                               0.750000    8.876489   -8.126489 (VIOLATED)
_10365_/A                               0.750000    8.876472   -8.126472 (VIOLATED)
_06698_/A_N                             0.750000    8.876445   -8.126445 (VIOLATED)
_06515_/S                               0.750000    8.876413   -8.126413 (VIOLATED)
_06721_/A_N                             0.750000    8.876413   -8.126413 (VIOLATED)
_06506_/A_N                             0.750000    8.876399   -8.126399 (VIOLATED)
_06507_/A_N                             0.750000    8.876399   -8.126399 (VIOLATED)
_06516_/S                               0.750000    8.876405   -8.126405 (VIOLATED)
_06722_/A_N                             0.750000    8.876402   -8.126402 (VIOLATED)
_06725_/A_N                             0.750000    8.876408   -8.126408 (VIOLATED)
_06518_/A_N                             0.750000    8.876378   -8.126378 (VIOLATED)
_06519_/A_N                             0.750000    8.876378   -8.126378 (VIOLATED)
_06706_/A_N                             0.750000    8.876378   -8.126378 (VIOLATED)
_06737_/B1                              0.750000    8.876379   -8.126379 (VIOLATED)
_06740_/A_N                             0.750000    8.876385   -8.126384 (VIOLATED)
_06741_/A_N                             0.750000    8.876377   -8.126377 (VIOLATED)
_06767_/B1                              0.750000    8.876379   -8.126379 (VIOLATED)
_06505_/A_N                             0.750000    8.876348   -8.126348 (VIOLATED)
_06723_/A_N                             0.750000    8.876345   -8.126345 (VIOLATED)
_06743_/A_N                             0.750000    8.876341   -8.126341 (VIOLATED)
_06517_/A_N                             0.750000    8.876329   -8.126329 (VIOLATED)
_06742_/A_N                             0.750000    8.876326   -8.126326 (VIOLATED)
_06774_/A_N                             0.750000    8.876328   -8.126328 (VIOLATED)
_06772_/A_N                             0.750000    8.876271   -8.126271 (VIOLATED)
_06809_/A_N                             0.750000    8.876271   -8.126271 (VIOLATED)
_07168_/A                               0.750000    8.876268   -8.126268 (VIOLATED)
_07197_/A                               0.750000    8.876268   -8.126268 (VIOLATED)
_07200_/A1                              0.750000    8.876268   -8.126268 (VIOLATED)
_07202_/A                               0.750000    8.876268   -8.126268 (VIOLATED)
_07234_/A1                              0.750000    8.876267   -8.126267 (VIOLATED)
_07235_/A                               0.750000    8.876267   -8.126267 (VIOLATED)
_07238_/B1                              0.750000    8.876267   -8.126267 (VIOLATED)
_06395_/A                               0.750000    8.876256   -8.126255 (VIOLATED)
_07320_/A1                              0.750000    8.876256   -8.126256 (VIOLATED)
_07321_/A                               0.750000    8.876256   -8.126256 (VIOLATED)
_07360_/D1                              0.750000    8.876253   -8.126253 (VIOLATED)
_07392_/A                               0.750000    8.876243   -8.126243 (VIOLATED)
_07396_/B1                              0.750000    8.876245   -8.126245 (VIOLATED)
_07424_/B1                              0.750000    8.876244   -8.126244 (VIOLATED)
_07449_/B1                              0.750000    8.876236   -8.126236 (VIOLATED)
_07454_/B1                              0.750000    8.876239   -8.126239 (VIOLATED)
_07471_/B1                              0.750000    8.876235   -8.126235 (VIOLATED)
_07476_/B1                              0.750000    8.876239   -8.126239 (VIOLATED)
_07498_/B1                              0.750000    8.876225   -8.126225 (VIOLATED)
_06521_/A_N                             0.750000    8.876214   -8.126214 (VIOLATED)
_06522_/A_N                             0.750000    8.876211   -8.126211 (VIOLATED)
_06523_/A_N                             0.750000    8.876210   -8.126210 (VIOLATED)
_07507_/B1                              0.750000    8.876218   -8.126218 (VIOLATED)
_06720_/A                               0.750000    8.876191   -8.126190 (VIOLATED)
_06836_/B1                              0.750000    8.876177   -8.126177 (VIOLATED)
_06878_/B1                              0.750000    8.876141   -8.126141 (VIOLATED)
_06955_/B1                              0.750000    8.876090   -8.126090 (VIOLATED)
_07048_/B1                              0.750000    8.876003   -8.126003 (VIOLATED)
_07069_/B1                              0.750000    8.875983   -8.125983 (VIOLATED)
_06520_/A_N                             0.750000    8.875961   -8.125961 (VIOLATED)
_06525_/S                               0.750000    8.875965   -8.125965 (VIOLATED)
_06526_/S                               0.750000    8.875963   -8.125963 (VIOLATED)
_06527_/S                               0.750000    8.875960   -8.125960 (VIOLATED)
_06528_/S                               0.750000    8.875958   -8.125957 (VIOLATED)
_08356_/A                               0.750000    8.875965   -8.125965 (VIOLATED)
_08371_/A                               0.750000    8.875965   -8.125965 (VIOLATED)
_08388_/B1                              0.750000    8.875964   -8.125964 (VIOLATED)
_06529_/S                               0.750000    8.875956   -8.125956 (VIOLATED)
_06805_/A_N                             0.750000    8.875962   -8.125962 (VIOLATED)
_06843_/A_N                             0.750000    8.875962   -8.125962 (VIOLATED)
_06845_/A_N                             0.750000    8.875962   -8.125962 (VIOLATED)
_06886_/A_N                             0.750000    8.875962   -8.125962 (VIOLATED)
_06888_/A_N                             0.750000    8.875962   -8.125962 (VIOLATED)
_06925_/A_N                             0.750000    8.875961   -8.125961 (VIOLATED)
_08413_/B1                              0.750000    8.875963   -8.125963 (VIOLATED)
_08481_/B1                              0.750000    8.875961   -8.125961 (VIOLATED)
_08519_/B1                              0.750000    8.875960   -8.125960 (VIOLATED)
_06530_/S                               0.750000    8.875950   -8.125950 (VIOLATED)
_08558_/B1                              0.750000    8.875958   -8.125957 (VIOLATED)
_10766_/B1                              0.750000    8.875965   -8.125965 (VIOLATED)
_06531_/S                               0.750000    8.875948   -8.125948 (VIOLATED)
_06532_/S                               0.750000    8.875946   -8.125946 (VIOLATED)
_07082_/B1                              0.750000    8.875955   -8.125955 (VIOLATED)
_08594_/B1                              0.750000    8.875954   -8.125954 (VIOLATED)
_08660_/B1                              0.750000    8.875945   -8.125944 (VIOLATED)
_08687_/B1                              0.750000    8.875941   -8.125941 (VIOLATED)
_07092_/B1                              0.750000    8.875933   -8.125932 (VIOLATED)
_08710_/A                               0.750000    8.875937   -8.125937 (VIOLATED)
_08735_/B1                              0.750000    8.875910   -8.125910 (VIOLATED)
_07096_/A                               0.750000    8.875900   -8.125900 (VIOLATED)
control                                 0.750000    8.875858   -8.125858 (VIOLATED)
_13073_/CLK                             0.750000    6.696743   -5.946743 (VIOLATED)
_13074_/CLK                             0.750000    6.696744   -5.946743 (VIOLATED)
_13075_/CLK                             0.750000    6.696745   -5.946745 (VIOLATED)
_13076_/CLK                             0.750000    6.696746   -5.946746 (VIOLATED)
_13080_/CLK                             0.750000    6.696741   -5.946741 (VIOLATED)
_13152_/CLK                             0.750000    6.696746   -5.946746 (VIOLATED)
_13156_/CLK                             0.750000    6.696748   -5.946748 (VIOLATED)
_13157_/CLK                             0.750000    6.696748   -5.946748 (VIOLATED)
_13158_/CLK                             0.750000    6.696748   -5.946748 (VIOLATED)
_13149_/CLK                             0.750000    6.696740   -5.946740 (VIOLATED)
_13151_/CLK                             0.750000    6.696744   -5.946744 (VIOLATED)
_13071_/CLK                             0.750000    6.696733   -5.946733 (VIOLATED)
_13072_/CLK                             0.750000    6.696735   -5.946735 (VIOLATED)
_13081_/CLK                             0.750000    6.696738   -5.946738 (VIOLATED)
_13150_/CLK                             0.750000    6.696738   -5.946738 (VIOLATED)
_13082_/CLK                             0.750000    6.696731   -5.946731 (VIOLATED)
_13147_/CLK                             0.750000    6.696723   -5.946723 (VIOLATED)
_13148_/CLK                             0.750000    6.696726   -5.946726 (VIOLATED)
_13220_/CLK                             0.750000    6.696714   -5.946714 (VIOLATED)
_13221_/CLK                             0.750000    6.696707   -5.946707 (VIOLATED)
_13222_/CLK                             0.750000    6.696711   -5.946711 (VIOLATED)
_13223_/CLK                             0.750000    6.696712   -5.946712 (VIOLATED)
_13224_/CLK                             0.750000    6.696703   -5.946703 (VIOLATED)
_13225_/CLK                             0.750000    6.696692   -5.946692 (VIOLATED)
_13006_/CLK                             0.750000    6.696681   -5.946681 (VIOLATED)
_13007_/CLK                             0.750000    6.696669   -5.946669 (VIOLATED)
_13008_/CLK                             0.750000    6.696655   -5.946655 (VIOLATED)
_12998_/CLK                             0.750000    6.696648   -5.946648 (VIOLATED)
_12999_/CLK                             0.750000    6.696648   -5.946647 (VIOLATED)
_13000_/CLK                             0.750000    6.696646   -5.946646 (VIOLATED)
_13001_/CLK                             0.750000    6.696645   -5.946645 (VIOLATED)
_13289_/CLK                             0.750000    6.696649   -5.946649 (VIOLATED)
_13290_/CLK                             0.750000    6.696649   -5.946649 (VIOLATED)
_13002_/CLK                             0.750000    6.696641   -5.946641 (VIOLATED)
_13009_/CLK                             0.750000    6.696645   -5.946645 (VIOLATED)
_13293_/CLK                             0.750000    6.696646   -5.946646 (VIOLATED)
_13294_/CLK                             0.750000    6.696646   -5.946646 (VIOLATED)
_13295_/CLK                             0.750000    6.696645   -5.946645 (VIOLATED)
_13296_/CLK                             0.750000    6.696643   -5.946643 (VIOLATED)
_13003_/CLK                             0.750000    6.696633   -5.946633 (VIOLATED)
_13228_/CLK                             0.750000    6.696635   -5.946635 (VIOLATED)
_13297_/CLK                             0.750000    6.696639   -5.946639 (VIOLATED)
_13229_/CLK                             0.750000    6.696628   -5.946627 (VIOLATED)
_13298_/CLK                             0.750000    6.696631   -5.946631 (VIOLATED)
_13299_/CLK                             0.750000    6.696624   -5.946624 (VIOLATED)
_13004_/CLK                             0.750000    6.696613   -5.946613 (VIOLATED)
_13010_/CLK                             0.750000    6.696618   -5.946618 (VIOLATED)
_13300_/CLK                             0.750000    6.696618   -5.946618 (VIOLATED)
_13230_/CLK                             0.750000    6.696607   -5.946607 (VIOLATED)
_13301_/CLK                             0.750000    6.696607   -5.946607 (VIOLATED)
_13231_/CLK                             0.750000    6.696592   -5.946592 (VIOLATED)
_13302_/CLK                             0.750000    6.696591   -5.946591 (VIOLATED)
_13005_/CLK                             0.750000    6.696585   -5.946585 (VIOLATED)
_13303_/CLK                             0.750000    6.696586   -5.946586 (VIOLATED)
_12950_/CLK                             0.750000    6.696578   -5.946578 (VIOLATED)
_12951_/CLK                             0.750000    6.696579   -5.946579 (VIOLATED)
_12952_/CLK                             0.750000    6.696579   -5.946579 (VIOLATED)
_13232_/CLK                             0.750000    6.696572   -5.946572 (VIOLATED)
_13304_/CLK                             0.750000    6.696575   -5.946575 (VIOLATED)
_13305_/CLK                             0.750000    6.696568   -5.946568 (VIOLATED)
_13233_/CLK                             0.750000    6.696542   -5.946542 (VIOLATED)
_12982_/CLK                             0.750000    6.696536   -5.946536 (VIOLATED)
_13291_/CLK                             0.750000    6.696541   -5.946541 (VIOLATED)
_13292_/CLK                             0.750000    6.696541   -5.946541 (VIOLATED)
_13354_/CLK                             0.750000    6.696537   -5.946537 (VIOLATED)
_12990_/CLK                             0.750000    6.696531   -5.946530 (VIOLATED)
_13338_/CLK                             0.750000    6.696531   -5.946531 (VIOLATED)
_13355_/CLK                             0.750000    6.696535   -5.946535 (VIOLATED)
_13356_/CLK                             0.750000    6.696534   -5.946534 (VIOLATED)
_13357_/CLK                             0.750000    6.696533   -5.946533 (VIOLATED)
_12942_/CLK                             0.750000    6.696525   -5.946524 (VIOLATED)
_12991_/CLK                             0.750000    6.696523   -5.946523 (VIOLATED)
_13358_/CLK                             0.750000    6.696528   -5.946528 (VIOLATED)
_13359_/CLK                             0.750000    6.696525   -5.946525 (VIOLATED)
_12940_/CLK                             0.750000    6.696514   -5.946514 (VIOLATED)
_12941_/CLK                             0.750000    6.696515   -5.946515 (VIOLATED)
_13234_/CLK                             0.750000    6.696514   -5.946514 (VIOLATED)
_13235_/CLK                             0.750000    6.696514   -5.946514 (VIOLATED)
_13360_/CLK                             0.750000    6.696520   -5.946520 (VIOLATED)
_13361_/CLK                             0.750000    6.696515   -5.946515 (VIOLATED)
_12939_/CLK                             0.750000    6.696506   -5.946506 (VIOLATED)
_12966_/CLK                             0.750000    6.696507   -5.946507 (VIOLATED)
_12971_/CLK                             0.750000    6.696507   -5.946507 (VIOLATED)
_12972_/CLK                             0.750000    6.696508   -5.946508 (VIOLATED)
_12973_/CLK                             0.750000    6.696508   -5.946508 (VIOLATED)
_12944_/CLK                             0.750000    6.696501   -5.946501 (VIOLATED)
_12967_/CLK                             0.750000    6.696506   -5.946506 (VIOLATED)
_12994_/CLK                             0.750000    6.696507   -5.946507 (VIOLATED)
_13202_/CLK                             0.750000    6.696506   -5.946506 (VIOLATED)
_13362_/CLK                             0.750000    6.696510   -5.946510 (VIOLATED)
_12995_/CLK                             0.750000    6.696497   -5.946497 (VIOLATED)
_13013_/CLK                             0.750000    6.696503   -5.946503 (VIOLATED)
_13363_/CLK                             0.750000    6.696501   -5.946501 (VIOLATED)
_12918_/CLK                             0.750000    6.696483   -5.946483 (VIOLATED)
_12992_/CLK                             0.750000    6.696489   -5.946489 (VIOLATED)
_13012_/CLK                             0.750000    6.696488   -5.946488 (VIOLATED)
_13339_/CLK                             0.750000    6.696487   -5.946487 (VIOLATED)
_12943_/CLK                             0.750000    6.696477   -5.946477 (VIOLATED)
_12993_/CLK                             0.750000    6.696478   -5.946478 (VIOLATED)
_13011_/CLK                             0.750000    6.696480   -5.946480 (VIOLATED)
_13364_/CLK                             0.750000    6.696483   -5.946483 (VIOLATED)
_13365_/CLK                             0.750000    6.696482   -5.946482 (VIOLATED)
_12938_/CLK                             0.750000    6.696470   -5.946470 (VIOLATED)
_12945_/CLK                             0.750000    6.696470   -5.946470 (VIOLATED)
_13340_/CLK                             0.750000    6.696474   -5.946474 (VIOLATED)
_13366_/CLK                             0.750000    6.696473   -5.946472 (VIOLATED)
_13341_/CLK                             0.750000    6.696460   -5.946459 (VIOLATED)
_13367_/CLK                             0.750000    6.696462   -5.946462 (VIOLATED)
_12926_/CLK                             0.750000    6.696447   -5.946447 (VIOLATED)
_12927_/CLK                             0.750000    6.696445   -5.946445 (VIOLATED)
_12934_/CLK                             0.750000    6.696448   -5.946448 (VIOLATED)
_12935_/CLK                             0.750000    6.696446   -5.946446 (VIOLATED)
_12936_/CLK                             0.750000    6.696448   -5.946448 (VIOLATED)
_12937_/CLK                             0.750000    6.696448   -5.946448 (VIOLATED)
_12996_/CLK                             0.750000    6.696447   -5.946447 (VIOLATED)
_13368_/CLK                             0.750000    6.696450   -5.946450 (VIOLATED)
_12957_/CLK                             0.750000    6.696440   -5.946440 (VIOLATED)
_12997_/CLK                             0.750000    6.696443   -5.946443 (VIOLATED)
_13342_/CLK                             0.750000    6.696441   -5.946441 (VIOLATED)
_13369_/CLK                             0.750000    6.696441   -5.946441 (VIOLATED)
_12863_/CLK                             0.750000    6.696427   -5.946427 (VIOLATED)
_13273_/CLK                             0.750000    6.696424   -5.946424 (VIOLATED)
_12956_/CLK                             0.750000    6.696415   -5.946415 (VIOLATED)
_13343_/CLK                             0.750000    6.696419   -5.946419 (VIOLATED)
_12946_/CLK                             0.750000    6.696395   -5.946395 (VIOLATED)
_13274_/CLK                             0.750000    6.696400   -5.946400 (VIOLATED)
_13345_/CLK                             0.750000    6.696401   -5.946401 (VIOLATED)
_12870_/CLK                             0.750000    6.696386   -5.946386 (VIOLATED)
_12871_/CLK                             0.750000    6.696386   -5.946386 (VIOLATED)
_12955_/CLK                             0.750000    6.696376   -5.946376 (VIOLATED)
_13276_/CLK                             0.750000    6.696381   -5.946381 (VIOLATED)
_13344_/CLK                             0.750000    6.696379   -5.946379 (VIOLATED)
_13349_/CLK                             0.750000    6.696376   -5.946375 (VIOLATED)
_13350_/CLK                             0.750000    6.696381   -5.946381 (VIOLATED)
_12854_/CLK                             0.750000    6.696362   -5.946362 (VIOLATED)
_13272_/CLK                             0.750000    6.696365   -5.946365 (VIOLATED)
_13275_/CLK                             0.750000    6.696364   -5.946364 (VIOLATED)
_13346_/CLK                             0.750000    6.696366   -5.946366 (VIOLATED)
_12958_/CLK                             0.750000    6.696358   -5.946358 (VIOLATED)
_12959_/CLK                             0.750000    6.696343   -5.946343 (VIOLATED)
_13353_/CLK                             0.750000    6.696324   -5.946324 (VIOLATED)
_12947_/CLK                             0.750000    6.696314   -5.946314 (VIOLATED)
_12954_/CLK                             0.750000    6.696309   -5.946309 (VIOLATED)
_12953_/CLK                             0.750000    6.696296   -5.946296 (VIOLATED)
_13277_/CLK                             0.750000    6.696300   -5.946300 (VIOLATED)
_13347_/CLK                             0.750000    6.696290   -5.946290 (VIOLATED)
_13278_/CLK                             0.750000    6.696271   -5.946271 (VIOLATED)
_12961_/CLK                             0.750000    6.696255   -5.946255 (VIOLATED)
_12948_/CLK                             0.750000    6.696242   -5.946242 (VIOLATED)
_12960_/CLK                             0.750000    6.696240   -5.946240 (VIOLATED)
_13279_/CLK                             0.750000    6.696226   -5.946226 (VIOLATED)
_12855_/CLK                             0.750000    6.696215   -5.946215 (VIOLATED)
_12983_/CLK                             0.750000    6.696221   -5.946221 (VIOLATED)
_12984_/CLK                             0.750000    6.696221   -5.946220 (VIOLATED)
_12985_/CLK                             0.750000    6.696219   -5.946219 (VIOLATED)
_12986_/CLK                             0.750000    6.696220   -5.946220 (VIOLATED)
_12987_/CLK                             0.750000    6.696214   -5.946214 (VIOLATED)
_12989_/CLK                             0.750000    6.696218   -5.946218 (VIOLATED)
_12988_/CLK                             0.750000    6.696209   -5.946209 (VIOLATED)
_13280_/CLK                             0.750000    6.696208   -5.946208 (VIOLATED)
_13348_/CLK                             0.750000    6.696208   -5.946207 (VIOLATED)
_12919_/CLK                             0.750000    6.696195   -5.946194 (VIOLATED)
_12920_/CLK                             0.750000    6.696188   -5.946187 (VIOLATED)
_12962_/CLK                             0.750000    6.696193   -5.946193 (VIOLATED)
_12921_/CLK                             0.750000    6.696182   -5.946182 (VIOLATED)
_12922_/CLK                             0.750000    6.696180   -5.946180 (VIOLATED)
_12963_/CLK                             0.750000    6.696180   -5.946180 (VIOLATED)
_12856_/CLK                             0.750000    6.696171   -5.946171 (VIOLATED)
_12923_/CLK                             0.750000    6.696176   -5.946176 (VIOLATED)
_12924_/CLK                             0.750000    6.696176   -5.946176 (VIOLATED)
_12925_/CLK                             0.750000    6.696176   -5.946176 (VIOLATED)
_13283_/CLK                             0.750000    6.696164   -5.946164 (VIOLATED)
_13351_/CLK                             0.750000    6.696150   -5.946150 (VIOLATED)
_12949_/CLK                             0.750000    6.696132   -5.946132 (VIOLATED)
_13281_/CLK                             0.750000    6.696136   -5.946136 (VIOLATED)
_12857_/CLK                             0.750000    6.696126   -5.946126 (VIOLATED)
_13282_/CLK                             0.750000    6.696114   -5.946114 (VIOLATED)
_12858_/CLK                             0.750000    6.696095   -5.946095 (VIOLATED)
_12964_/CLK                             0.750000    6.696077   -5.946077 (VIOLATED)
_12859_/CLK                             0.750000    6.696063   -5.946063 (VIOLATED)
_12965_/CLK                             0.750000    6.696053   -5.946053 (VIOLATED)
_12795_/CLK                             0.750000    6.696044   -5.946044 (VIOLATED)
_12796_/CLK                             0.750000    6.696045   -5.946045 (VIOLATED)
_12860_/CLK                             0.750000    6.696045   -5.946045 (VIOLATED)
_12861_/CLK                             0.750000    6.696044   -5.946044 (VIOLATED)
_13352_/CLK                             0.750000    6.696043   -5.946043 (VIOLATED)
_13284_/CLK                             0.750000    6.696036   -5.946036 (VIOLATED)
_13326_/CLK                             0.750000    6.696007   -5.946006 (VIOLATED)
_12887_/CLK                             0.750000    6.695999   -5.945999 (VIOLATED)
_13285_/CLK                             0.750000    6.695999   -5.945999 (VIOLATED)
_13322_/CLK                             0.750000    6.695999   -5.945999 (VIOLATED)
_13324_/CLK                             0.750000    6.695997   -5.945997 (VIOLATED)
_13325_/CLK                             0.750000    6.695981   -5.945981 (VIOLATED)
_12794_/CLK                             0.750000    6.695973   -5.945973 (VIOLATED)
_13327_/CLK                             0.750000    6.695961   -5.945961 (VIOLATED)
_12874_/CLK                             0.750000    6.695950   -5.945949 (VIOLATED)
_12873_/CLK                             0.750000    6.695932   -5.945932 (VIOLATED)
_12797_/CLK                             0.750000    6.695915   -5.945915 (VIOLATED)
_12793_/CLK                             0.750000    6.695908   -5.945908 (VIOLATED)
_12875_/CLK                             0.750000    6.695904   -5.945904 (VIOLATED)
_13226_/CLK                             0.750000    6.695906   -5.945906 (VIOLATED)
_13227_/CLK                             0.750000    6.695905   -5.945905 (VIOLATED)
_13323_/CLK                             0.750000    6.695910   -5.945910 (VIOLATED)
_13077_/CLK                             0.750000    6.695899   -5.945899 (VIOLATED)
_13153_/CLK                             0.750000    6.695900   -5.945900 (VIOLATED)
_13154_/CLK                             0.750000    6.695904   -5.945903 (VIOLATED)
_13078_/CLK                             0.750000    6.695887   -5.945887 (VIOLATED)
_13079_/CLK                             0.750000    6.695883   -5.945883 (VIOLATED)
_13155_/CLK                             0.750000    6.695885   -5.945885 (VIOLATED)
_13083_/CLK                             0.750000    6.695877   -5.945877 (VIOLATED)
_13159_/CLK                             0.750000    6.695878   -5.945877 (VIOLATED)
_13328_/CLK                             0.750000    6.695879   -5.945879 (VIOLATED)
_13084_/CLK                             0.750000    6.695870   -5.945870 (VIOLATED)
_13160_/CLK                             0.750000    6.695871   -5.945870 (VIOLATED)
_12876_/CLK                             0.750000    6.695858   -5.945858 (VIOLATED)
_13053_/CLK                             0.750000    6.695856   -5.945856 (VIOLATED)
_13085_/CLK                             0.750000    6.695857   -5.945857 (VIOLATED)
_13161_/CLK                             0.750000    6.695859   -5.945859 (VIOLATED)
_13162_/CLK                             0.750000    6.695859   -5.945859 (VIOLATED)
_12872_/CLK                             0.750000    6.695845   -5.945845 (VIOLATED)
_13052_/CLK                             0.750000    6.695850   -5.945850 (VIOLATED)
_13054_/CLK                             0.750000    6.695839   -5.945838 (VIOLATED)
_13086_/CLK                             0.750000    6.695844   -5.945844 (VIOLATED)
_13087_/CLK                             0.750000    6.695847   -5.945847 (VIOLATED)
_13055_/CLK                             0.750000    6.695826   -5.945825 (VIOLATED)
_13088_/CLK                             0.750000    6.695830   -5.945830 (VIOLATED)
_13089_/CLK                             0.750000    6.695835   -5.945835 (VIOLATED)
_13056_/CLK                             0.750000    6.695815   -5.945815 (VIOLATED)
_12877_/CLK                             0.750000    6.695808   -5.945808 (VIOLATED)
_13128_/CLK                             0.750000    6.695812   -5.945812 (VIOLATED)
_13129_/CLK                             0.750000    6.695812   -5.945812 (VIOLATED)
_13130_/CLK                             0.750000    6.695811   -5.945811 (VIOLATED)
_13163_/CLK                             0.750000    6.695812   -5.945812 (VIOLATED)
_13164_/CLK                             0.750000    6.695809   -5.945809 (VIOLATED)
_13165_/CLK                             0.750000    6.695810   -5.945810 (VIOLATED)
_13206_/CLK                             0.750000    6.695809   -5.945809 (VIOLATED)
_13057_/CLK                             0.750000    6.695801   -5.945801 (VIOLATED)
_13131_/CLK                             0.750000    6.695807   -5.945807 (VIOLATED)
_13132_/CLK                             0.750000    6.695805   -5.945805 (VIOLATED)
_13133_/CLK                             0.750000    6.695801   -5.945800 (VIOLATED)
_13134_/CLK                             0.750000    6.695796   -5.945796 (VIOLATED)
_13207_/CLK                             0.750000    6.695799   -5.945799 (VIOLATED)
_13209_/CLK                             0.750000    6.695798   -5.945798 (VIOLATED)
_13058_/CLK                             0.750000    6.695787   -5.945787 (VIOLATED)
_13135_/CLK                             0.750000    6.695792   -5.945792 (VIOLATED)
_12792_/CLK                             0.750000    6.695770   -5.945770 (VIOLATED)
_12878_/CLK                             0.750000    6.695763   -5.945763 (VIOLATED)
_13059_/CLK                             0.750000    6.695765   -5.945765 (VIOLATED)
_13061_/CLK                             0.750000    6.695748   -5.945748 (VIOLATED)
_13136_/CLK                             0.750000    6.695747   -5.945747 (VIOLATED)
_13137_/CLK                             0.750000    6.695747   -5.945747 (VIOLATED)
_13212_/CLK                             0.750000    6.695748   -5.945748 (VIOLATED)
_12879_/CLK                             0.750000    6.695732   -5.945732 (VIOLATED)
_13060_/CLK                             0.750000    6.695733   -5.945733 (VIOLATED)
_13062_/CLK                             0.750000    6.695714   -5.945714 (VIOLATED)
_13329_/CLK                             0.750000    6.695708   -5.945708 (VIOLATED)
_13330_/CLK                             0.750000    6.695708   -5.945708 (VIOLATED)
_12880_/CLK                             0.750000    6.695698   -5.945698 (VIOLATED)
_13063_/CLK                             0.750000    6.695690   -5.945690 (VIOLATED)
_13064_/CLK                             0.750000    6.695673   -5.945673 (VIOLATED)
_12881_/CLK                             0.750000    6.695663   -5.945663 (VIOLATED)
_13138_/CLK                             0.750000    6.695666   -5.945666 (VIOLATED)
_13139_/CLK                             0.750000    6.695666   -5.945666 (VIOLATED)
_13140_/CLK                             0.750000    6.695665   -5.945665 (VIOLATED)
_13141_/CLK                             0.750000    6.695664   -5.945664 (VIOLATED)
_12882_/CLK                             0.750000    6.695657   -5.945657 (VIOLATED)
_13065_/CLK                             0.750000    6.695654   -5.945654 (VIOLATED)
_13331_/CLK                             0.750000    6.695657   -5.945657 (VIOLATED)
_13332_/CLK                             0.750000    6.695657   -5.945657 (VIOLATED)
_12862_/CLK                             0.750000    6.695621   -5.945621 (VIOLATED)
_12790_/CLK                             0.750000    6.695614   -5.945614 (VIOLATED)
_12791_/CLK                             0.750000    6.695614   -5.945614 (VIOLATED)
_12883_/CLK                             0.750000    6.695619   -5.945618 (VIOLATED)
_12884_/CLK                             0.750000    6.695620   -5.945620 (VIOLATED)
_12885_/CLK                             0.750000    6.695621   -5.945621 (VIOLATED)
_13069_/CLK                             0.750000    6.695615   -5.945615 (VIOLATED)
_13306_/CLK                             0.750000    6.695621   -5.945621 (VIOLATED)
_13307_/CLK                             0.750000    6.695621   -5.945621 (VIOLATED)
_13333_/CLK                             0.750000    6.695621   -5.945621 (VIOLATED)
_13334_/CLK                             0.750000    6.695621   -5.945621 (VIOLATED)
_13335_/CLK                             0.750000    6.695621   -5.945621 (VIOLATED)
_13337_/CLK                             0.750000    6.695622   -5.945622 (VIOLATED)
_13142_/CLK                             0.750000    6.695608   -5.945608 (VIOLATED)
_13145_/CLK                             0.750000    6.695607   -5.945607 (VIOLATED)
_13146_/CLK                             0.750000    6.695607   -5.945607 (VIOLATED)
_13308_/CLK                             0.750000    6.695610   -5.945610 (VIOLATED)
_13309_/CLK                             0.750000    6.695611   -5.945611 (VIOLATED)
_13310_/CLK                             0.750000    6.695612   -5.945612 (VIOLATED)
_13311_/CLK                             0.750000    6.695613   -5.945613 (VIOLATED)
_13312_/CLK                             0.750000    6.695614   -5.945614 (VIOLATED)
_13313_/CLK                             0.750000    6.695614   -5.945614 (VIOLATED)
_13066_/CLK                             0.750000    6.695599   -5.945599 (VIOLATED)
_13070_/CLK                             0.750000    6.695588   -5.945588 (VIOLATED)
_12806_/CLK                             0.750000    6.695580   -5.945580 (VIOLATED)
_12807_/CLK                             0.750000    6.695574   -5.945574 (VIOLATED)
_12814_/CLK                             0.750000    6.695579   -5.945579 (VIOLATED)
_13067_/CLK                             0.750000    6.695575   -5.945575 (VIOLATED)
_13068_/CLK                             0.750000    6.695564   -5.945564 (VIOLATED)
_13315_/CLK                             0.750000    6.695560   -5.945560 (VIOLATED)
_13033_/CLK                             0.750000    6.695549   -5.945549 (VIOLATED)
_13034_/CLK                             0.750000    6.695538   -5.945538 (VIOLATED)
_12808_/CLK                             0.750000    6.695528   -5.945528 (VIOLATED)
_12815_/CLK                             0.750000    6.695529   -5.945528 (VIOLATED)
_13035_/CLK                             0.750000    6.695527   -5.945527 (VIOLATED)
_13109_/CLK                             0.750000    6.695519   -5.945519 (VIOLATED)
_13110_/CLK                             0.750000    6.695518   -5.945518 (VIOLATED)
_13112_/CLK                             0.750000    6.695517   -5.945517 (VIOLATED)
_13143_/CLK                             0.750000    6.695519   -5.945519 (VIOLATED)
_13144_/CLK                             0.750000    6.695519   -5.945519 (VIOLATED)
_13036_/CLK                             0.750000    6.695506   -5.945506 (VIOLATED)
_12816_/CLK                             0.750000    6.695488   -5.945488 (VIOLATED)
_12818_/CLK                             0.750000    6.695463   -5.945463 (VIOLATED)
_12809_/CLK                             0.750000    6.695452   -5.945452 (VIOLATED)
_12817_/CLK                             0.750000    6.695453   -5.945453 (VIOLATED)
_13037_/CLK                             0.750000    6.695440   -5.945440 (VIOLATED)
_13038_/CLK                             0.750000    6.695415   -5.945415 (VIOLATED)
_12810_/CLK                             0.750000    6.695395   -5.945395 (VIOLATED)
_13039_/CLK                             0.750000    6.695368   -5.945368 (VIOLATED)
_13040_/CLK                             0.750000    6.695339   -5.945339 (VIOLATED)
_12811_/CLK                             0.750000    6.695316   -5.945315 (VIOLATED)
_12812_/CLK                             0.750000    6.695315   -5.945315 (VIOLATED)
_13114_/CLK                             0.750000    6.695321   -5.945321 (VIOLATED)
_13115_/CLK                             0.750000    6.695320   -5.945320 (VIOLATED)
_13116_/CLK                             0.750000    6.695318   -5.945318 (VIOLATED)
_12813_/CLK                             0.750000    6.695276   -5.945276 (VIOLATED)
_13041_/CLK                             0.750000    6.695271   -5.945271 (VIOLATED)
_13042_/CLK                             0.750000    6.695271   -5.945271 (VIOLATED)
_13117_/CLK                             0.750000    6.695271   -5.945271 (VIOLATED)
_12824_/CLK                             0.750000    6.695229   -5.945229 (VIOLATED)
_13238_/CLK                             0.750000    6.695230   -5.945230 (VIOLATED)
_13239_/CLK                             0.750000    6.695228   -5.945228 (VIOLATED)
_13240_/CLK                             0.750000    6.695228   -5.945228 (VIOLATED)
_13241_/CLK                             0.750000    6.695225   -5.945225 (VIOLATED)
_13242_/CLK                             0.750000    6.695225   -5.945225 (VIOLATED)
_13243_/CLK                             0.750000    6.695227   -5.945227 (VIOLATED)
_13244_/CLK                             0.750000    6.695224   -5.945224 (VIOLATED)
_13336_/CLK                             0.750000    6.695229   -5.945229 (VIOLATED)
_12968_/CLK                             0.750000    6.695204   -5.945204 (VIOLATED)
_12969_/CLK                             0.750000    6.695203   -5.945203 (VIOLATED)
_12970_/CLK                             0.750000    6.695200   -5.945200 (VIOLATED)
_12974_/CLK                             0.750000    6.695206   -5.945205 (VIOLATED)
_12975_/CLK                             0.750000    6.695204   -5.945204 (VIOLATED)
_12976_/CLK                             0.750000    6.695200   -5.945200 (VIOLATED)
_13203_/CLK                             0.750000    6.695204   -5.945204 (VIOLATED)
_13204_/CLK                             0.750000    6.695209   -5.945209 (VIOLATED)
_13205_/CLK                             0.750000    6.695204   -5.945204 (VIOLATED)
_13236_/CLK                             0.750000    6.695210   -5.945210 (VIOLATED)
_13237_/CLK                             0.750000    6.695210   -5.945210 (VIOLATED)
_12977_/CLK                             0.750000    6.695196   -5.945196 (VIOLATED)
_13245_/CLK                             0.750000    6.695199   -5.945199 (VIOLATED)
_12978_/CLK                             0.750000    6.695190   -5.945190 (VIOLATED)
_13208_/CLK                             0.750000    6.695190   -5.945190 (VIOLATED)
_12979_/CLK                             0.750000    6.695183   -5.945183 (VIOLATED)
_12830_/CLK                             0.750000    6.695172   -5.945172 (VIOLATED)
_13210_/CLK                             0.750000    6.695178   -5.945178 (VIOLATED)
_13211_/CLK                             0.750000    6.695171   -5.945171 (VIOLATED)
_13213_/CLK                             0.750000    6.695158   -5.945158 (VIOLATED)
_13214_/CLK                             0.750000    6.695153   -5.945153 (VIOLATED)
_12831_/CLK                             0.750000    6.695147   -5.945146 (VIOLATED)
_13215_/CLK                             0.750000    6.695145   -5.945145 (VIOLATED)
_12980_/CLK                             0.750000    6.695135   -5.945135 (VIOLATED)
_13216_/CLK                             0.750000    6.695141   -5.945140 (VIOLATED)
_13118_/CLK                             0.750000    6.695133   -5.945133 (VIOLATED)
_13217_/CLK                             0.750000    6.695135   -5.945135 (VIOLATED)
_12907_/CLK                             0.750000    6.695126   -5.945126 (VIOLATED)
_12908_/CLK                             0.750000    6.695127   -5.945127 (VIOLATED)
_12909_/CLK                             0.750000    6.695127   -5.945127 (VIOLATED)
_12981_/CLK                             0.750000    6.695128   -5.945128 (VIOLATED)
_13218_/CLK                             0.750000    6.695129   -5.945129 (VIOLATED)
_13219_/CLK                             0.750000    6.695128   -5.945128 (VIOLATED)
_13316_/CLK                             0.750000    6.695126   -5.945126 (VIOLATED)
_12904_/CLK                             0.750000    6.695120   -5.945120 (VIOLATED)
_12905_/CLK                             0.750000    6.695120   -5.945120 (VIOLATED)
_12903_/CLK                             0.750000    6.695107   -5.945107 (VIOLATED)
_12906_/CLK                             0.750000    6.695112   -5.945112 (VIOLATED)
_13184_/CLK                             0.750000    6.695105   -5.945105 (VIOLATED)
_13185_/CLK                             0.750000    6.695099   -5.945099 (VIOLATED)
_12902_/CLK                             0.750000    6.695090   -5.945090 (VIOLATED)
_13111_/CLK                             0.750000    6.695092   -5.945092 (VIOLATED)
_13186_/CLK                             0.750000    6.695089   -5.945089 (VIOLATED)
_13187_/CLK                             0.750000    6.695091   -5.945091 (VIOLATED)
_13314_/CLK                             0.750000    6.695091   -5.945091 (VIOLATED)
_13317_/CLK                             0.750000    6.695092   -5.945092 (VIOLATED)
_13318_/CLK                             0.750000    6.695092   -5.945092 (VIOLATED)
_12832_/CLK                             0.750000    6.695063   -5.945063 (VIOLATED)
_13188_/CLK                             0.750000    6.695068   -5.945068 (VIOLATED)
_12910_/CLK                             0.750000    6.695052   -5.945052 (VIOLATED)
_12833_/CLK                             0.750000    6.695044   -5.945043 (VIOLATED)
_13189_/CLK                             0.750000    6.695039   -5.945039 (VIOLATED)
_12911_/CLK                             0.750000    6.695030   -5.945030 (VIOLATED)
_12834_/CLK                             0.750000    6.695024   -5.945024 (VIOLATED)
_13113_/CLK                             0.750000    6.695013   -5.945013 (VIOLATED)
_13190_/CLK                             0.750000    6.695004   -5.945004 (VIOLATED)
_13191_/CLK                             0.750000    6.694989   -5.944989 (VIOLATED)
_12912_/CLK                             0.750000    6.694974   -5.944974 (VIOLATED)
_13194_/CLK                             0.750000    6.694978   -5.944978 (VIOLATED)
_13192_/CLK                             0.750000    6.694961   -5.944961 (VIOLATED)
_13193_/CLK                             0.750000    6.694961   -5.944961 (VIOLATED)
_12913_/CLK                             0.750000    6.694953   -5.944952 (VIOLATED)
_12914_/CLK                             0.750000    6.694948   -5.944948 (VIOLATED)
_12915_/CLK                             0.750000    6.694921   -5.944921 (VIOLATED)
_13195_/CLK                             0.750000    6.694926   -5.944926 (VIOLATED)
_12839_/CLK                             0.750000    6.694900   -5.944900 (VIOLATED)
_13197_/CLK                             0.750000    6.694889   -5.944888 (VIOLATED)
_12917_/CLK                             0.750000    6.694880   -5.944880 (VIOLATED)
_12916_/CLK                             0.750000    6.694872   -5.944872 (VIOLATED)
_13196_/CLK                             0.750000    6.694874   -5.944874 (VIOLATED)
_12842_/CLK                             0.750000    6.694835   -5.944835 (VIOLATED)
_13123_/CLK                             0.750000    6.694838   -5.944838 (VIOLATED)
_12841_/CLK                             0.750000    6.694827   -5.944827 (VIOLATED)
_12843_/CLK                             0.750000    6.694814   -5.944814 (VIOLATED)
_13124_/CLK                             0.750000    6.694812   -5.944812 (VIOLATED)
_12844_/CLK                             0.750000    6.694805   -5.944804 (VIOLATED)
_12845_/CLK                             0.750000    6.694799   -5.944799 (VIOLATED)
_12886_/CLK                             0.750000    6.694803   -5.944803 (VIOLATED)
_12888_/CLK                             0.750000    6.694805   -5.944805 (VIOLATED)
_12889_/CLK                             0.750000    6.694803   -5.944803 (VIOLATED)
_12890_/CLK                             0.750000    6.694798   -5.944797 (VIOLATED)
_12891_/CLK                             0.750000    6.694802   -5.944802 (VIOLATED)
_12892_/CLK                             0.750000    6.694798   -5.944797 (VIOLATED)
_12893_/CLK                             0.750000    6.694802   -5.944802 (VIOLATED)
_12894_/CLK                             0.750000    6.694799   -5.944799 (VIOLATED)
_13043_/CLK                             0.750000    6.694801   -5.944801 (VIOLATED)
_13044_/CLK                             0.750000    6.694801   -5.944801 (VIOLATED)
_13045_/CLK                             0.750000    6.694800   -5.944800 (VIOLATED)
_13046_/CLK                             0.750000    6.694800   -5.944800 (VIOLATED)
_13119_/CLK                             0.750000    6.694802   -5.944802 (VIOLATED)
_13120_/CLK                             0.750000    6.694801   -5.944801 (VIOLATED)
_13121_/CLK                             0.750000    6.694801   -5.944801 (VIOLATED)
_13122_/CLK                             0.750000    6.694801   -5.944801 (VIOLATED)
_13255_/CLK                             0.750000    6.694805   -5.944804 (VIOLATED)
_13256_/CLK                             0.750000    6.694802   -5.944802 (VIOLATED)
_13257_/CLK                             0.750000    6.694803   -5.944803 (VIOLATED)
_13286_/CLK                             0.750000    6.694805   -5.944805 (VIOLATED)
_13287_/CLK                             0.750000    6.694805   -5.944804 (VIOLATED)
_13288_/CLK                             0.750000    6.694804   -5.944804 (VIOLATED)
_13258_/CLK                             0.750000    6.694797   -5.944797 (VIOLATED)
_13259_/CLK                             0.750000    6.694798   -5.944797 (VIOLATED)
_12895_/CLK                             0.750000    6.694790   -5.944790 (VIOLATED)
_13047_/CLK                             0.750000    6.694796   -5.944796 (VIOLATED)
_13048_/CLK                             0.750000    6.694796   -5.944796 (VIOLATED)
_13260_/CLK                             0.750000    6.694794   -5.944794 (VIOLATED)
_12896_/CLK                             0.750000    6.694785   -5.944784 (VIOLATED)
_12897_/CLK                             0.750000    6.694772   -5.944772 (VIOLATED)
_13049_/CLK                             0.750000    6.694776   -5.944776 (VIOLATED)
_13261_/CLK                             0.750000    6.694778   -5.944778 (VIOLATED)
_13262_/CLK                             0.750000    6.694776   -5.944776 (VIOLATED)
_12898_/CLK                             0.750000    6.694768   -5.944768 (VIOLATED)
_13050_/CLK                             0.750000    6.694767   -5.944767 (VIOLATED)
_13198_/CLK                             0.750000    6.694768   -5.944768 (VIOLATED)
_13199_/CLK                             0.750000    6.694767   -5.944767 (VIOLATED)
_12899_/CLK                             0.750000    6.694757   -5.944757 (VIOLATED)
_13051_/CLK                             0.750000    6.694759   -5.944759 (VIOLATED)
_13200_/CLK                             0.750000    6.694760   -5.944760 (VIOLATED)
_13263_/CLK                             0.750000    6.694763   -5.944763 (VIOLATED)
_13264_/CLK                             0.750000    6.694755   -5.944755 (VIOLATED)
_12900_/CLK                             0.750000    6.694745   -5.944745 (VIOLATED)
_12901_/CLK                             0.750000    6.694743   -5.944743 (VIOLATED)
_13125_/CLK                             0.750000    6.694746   -5.944746 (VIOLATED)
_13265_/CLK                             0.750000    6.694747   -5.944747 (VIOLATED)
_13126_/CLK                             0.750000    6.694740   -5.944739 (VIOLATED)
_13201_/CLK                             0.750000    6.694739   -5.944739 (VIOLATED)
_12825_/CLK                             0.750000    6.694729   -5.944729 (VIOLATED)
_13127_/CLK                             0.750000    6.694733   -5.944733 (VIOLATED)
_13266_/CLK                             0.750000    6.694735   -5.944735 (VIOLATED)
_12822_/CLK                             0.750000    6.694720   -5.944719 (VIOLATED)
_12823_/CLK                             0.750000    6.694720   -5.944719 (VIOLATED)
_12826_/CLK                             0.750000    6.694721   -5.944721 (VIOLATED)
_13267_/CLK                             0.750000    6.694715   -5.944715 (VIOLATED)
_13268_/CLK                             0.750000    6.694720   -5.944720 (VIOLATED)
_13270_/CLK                             0.750000    6.694720   -5.944719 (VIOLATED)
_12827_/CLK                             0.750000    6.694707   -5.944707 (VIOLATED)
_12828_/CLK                             0.750000    6.694707   -5.944707 (VIOLATED)
_13166_/CLK                             0.750000    6.694707   -5.944707 (VIOLATED)
_13167_/CLK                             0.750000    6.694705   -5.944705 (VIOLATED)
_12829_/CLK                             0.750000    6.694695   -5.944695 (VIOLATED)
_12838_/CLK                             0.750000    6.694697   -5.944697 (VIOLATED)
_12840_/CLK                             0.750000    6.694697   -5.944697 (VIOLATED)
_13168_/CLK                             0.750000    6.694694   -5.944694 (VIOLATED)
_13271_/CLK                             0.750000    6.694698   -5.944698 (VIOLATED)
_12846_/CLK                             0.750000    6.694687   -5.944687 (VIOLATED)
_13269_/CLK                             0.750000    6.694692   -5.944692 (VIOLATED)
_13169_/CLK                             0.750000    6.694683   -5.944683 (VIOLATED)
_13170_/CLK                             0.750000    6.694670   -5.944670 (VIOLATED)
_12847_/CLK                             0.750000    6.694655   -5.944655 (VIOLATED)
_13171_/CLK                             0.750000    6.694656   -5.944655 (VIOLATED)
_13172_/CLK                             0.750000    6.694645   -5.944645 (VIOLATED)
_13016_/CLK                             0.750000    6.694639   -5.944639 (VIOLATED)
_13173_/CLK                             0.750000    6.694639   -5.944639 (VIOLATED)
_12848_/CLK                             0.750000    6.694632   -5.944632 (VIOLATED)
_13015_/CLK                             0.750000    6.694626   -5.944626 (VIOLATED)
_12849_/CLK                             0.750000    6.694613   -5.944613 (VIOLATED)
_13014_/CLK                             0.750000    6.694613   -5.944613 (VIOLATED)
_12850_/CLK                             0.750000    6.694600   -5.944600 (VIOLATED)
_13092_/CLK                             0.750000    6.694587   -5.944587 (VIOLATED)
_13246_/CLK                             0.750000    6.694589   -5.944589 (VIOLATED)
_13248_/CLK                             0.750000    6.694586   -5.944586 (VIOLATED)
_13247_/CLK                             0.750000    6.694572   -5.944572 (VIOLATED)
_13090_/CLK                             0.750000    6.694566   -5.944565 (VIOLATED)
_13091_/CLK                             0.750000    6.694571   -5.944571 (VIOLATED)
_12851_/CLK                             0.750000    6.694557   -5.944557 (VIOLATED)
_12852_/CLK                             0.750000    6.694551   -5.944551 (VIOLATED)
_13017_/CLK                             0.750000    6.694528   -5.944528 (VIOLATED)
_12853_/CLK                             0.750000    6.694507   -5.944507 (VIOLATED)
_12864_/CLK                             0.750000    6.694503   -5.944503 (VIOLATED)
_12928_/CLK                             0.750000    6.694508   -5.944508 (VIOLATED)
_12929_/CLK                             0.750000    6.694510   -5.944510 (VIOLATED)
_12930_/CLK                             0.750000    6.694508   -5.944508 (VIOLATED)
_13093_/CLK                             0.750000    6.694508   -5.944508 (VIOLATED)
_12865_/CLK                             0.750000    6.694501   -5.944501 (VIOLATED)
_12866_/CLK                             0.750000    6.694501   -5.944501 (VIOLATED)
_12931_/CLK                             0.750000    6.694507   -5.944507 (VIOLATED)
_12932_/CLK                             0.750000    6.694509   -5.944509 (VIOLATED)
_12933_/CLK                             0.750000    6.694510   -5.944510 (VIOLATED)
_12800_/CLK                             0.750000    6.694492   -5.944492 (VIOLATED)
_12801_/CLK                             0.750000    6.694494   -5.944494 (VIOLATED)
_12867_/CLK                             0.750000    6.694498   -5.944498 (VIOLATED)
_12868_/CLK                             0.750000    6.694501   -5.944501 (VIOLATED)
_12869_/CLK                             0.750000    6.694500   -5.944499 (VIOLATED)
_13018_/CLK                             0.750000    6.694501   -5.944501 (VIOLATED)
_13019_/CLK                             0.750000    6.694488   -5.944487 (VIOLATED)
_12798_/CLK                             0.750000    6.694480   -5.944480 (VIOLATED)
_12799_/CLK                             0.750000    6.694482   -5.944482 (VIOLATED)
_12803_/CLK                             0.750000    6.694483   -5.944483 (VIOLATED)
_12804_/CLK                             0.750000    6.694487   -5.944487 (VIOLATED)
_12802_/CLK                             0.750000    6.694471   -5.944471 (VIOLATED)
_12805_/CLK                             0.750000    6.694476   -5.944476 (VIOLATED)
_13020_/CLK                             0.750000    6.694465   -5.944465 (VIOLATED)
_12819_/CLK                             0.750000    6.694451   -5.944451 (VIOLATED)
_12820_/CLK                             0.750000    6.694453   -5.944453 (VIOLATED)
_12821_/CLK                             0.750000    6.694457   -5.944457 (VIOLATED)
_13094_/CLK                             0.750000    6.694456   -5.944456 (VIOLATED)
_13095_/CLK                             0.750000    6.694456   -5.944456 (VIOLATED)
_13319_/CLK                             0.750000    6.694449   -5.944449 (VIOLATED)
_13096_/CLK                             0.750000    6.694438   -5.944438 (VIOLATED)
_13249_/CLK                             0.750000    6.694432   -5.944432 (VIOLATED)
_12837_/CLK                             0.750000    6.694414   -5.944414 (VIOLATED)
_13021_/CLK                             0.750000    6.694409   -5.944409 (VIOLATED)
_13320_/CLK                             0.750000    6.694412   -5.944412 (VIOLATED)
_13321_/CLK                             0.750000    6.694409   -5.944409 (VIOLATED)
_12835_/CLK                             0.750000    6.694398   -5.944398 (VIOLATED)
_12836_/CLK                             0.750000    6.694404   -5.944404 (VIOLATED)
_13022_/CLK                             0.750000    6.694391   -5.944390 (VIOLATED)
_13097_/CLK                             0.750000    6.694391   -5.944391 (VIOLATED)
_13253_/CLK                             0.750000    6.694394   -5.944394 (VIOLATED)
_13098_/CLK                             0.750000    6.694365   -5.944365 (VIOLATED)
_13252_/CLK                             0.750000    6.694355   -5.944355 (VIOLATED)
_13254_/CLK                             0.750000    6.694355   -5.944355 (VIOLATED)
_13251_/CLK                             0.750000    6.694349   -5.944349 (VIOLATED)
_13023_/CLK                             0.750000    6.694333   -5.944333 (VIOLATED)
_13099_/CLK                             0.750000    6.694318   -5.944318 (VIOLATED)
_13250_/CLK                             0.750000    6.694311   -5.944311 (VIOLATED)
_13024_/CLK                             0.750000    6.694304   -5.944304 (VIOLATED)
_13174_/CLK                             0.750000    6.694300   -5.944299 (VIOLATED)
_13100_/CLK                             0.750000    6.694280   -5.944280 (VIOLATED)
_13025_/CLK                             0.750000    6.694265   -5.944265 (VIOLATED)
_13026_/CLK                             0.750000    6.694246   -5.944246 (VIOLATED)
_13101_/CLK                             0.750000    6.694238   -5.944238 (VIOLATED)
_13102_/CLK                             0.750000    6.694221   -5.944221 (VIOLATED)
_13027_/CLK                             0.750000    6.694201   -5.944201 (VIOLATED)
_13029_/CLK                             0.750000    6.694190   -5.944190 (VIOLATED)
_13178_/CLK                             0.750000    6.694196   -5.944196 (VIOLATED)
_13179_/CLK                             0.750000    6.694195   -5.944195 (VIOLATED)
_13180_/CLK                             0.750000    6.694195   -5.944195 (VIOLATED)
_13181_/CLK                             0.750000    6.694195   -5.944195 (VIOLATED)
_13103_/CLK                             0.750000    6.694177   -5.944176 (VIOLATED)
_13175_/CLK                             0.750000    6.694182   -5.944182 (VIOLATED)
_13176_/CLK                             0.750000    6.694182   -5.944182 (VIOLATED)
_13177_/CLK                             0.750000    6.694182   -5.944182 (VIOLATED)
_13028_/CLK                             0.750000    6.694158   -5.944158 (VIOLATED)
_13105_/CLK                             0.750000    6.694158   -5.944158 (VIOLATED)
_13182_/CLK                             0.750000    6.694158   -5.944158 (VIOLATED)
_13104_/CLK                             0.750000    6.694144   -5.944144 (VIOLATED)
_13183_/CLK                             0.750000    6.694141   -5.944141 (VIOLATED)
_13030_/CLK                             0.750000    6.694125   -5.944125 (VIOLATED)
_13106_/CLK                             0.750000    6.694110   -5.944110 (VIOLATED)
_13031_/CLK                             0.750000    6.694102   -5.944102 (VIOLATED)
_13032_/CLK                             0.750000    6.694096   -5.944096 (VIOLATED)
_13107_/CLK                             0.750000    6.694079   -5.944079 (VIOLATED)
_13108_/CLK                             0.750000    6.694076   -5.944076 (VIOLATED)
clk                                     0.750000    6.693928   -5.943928 (VIOLATED)
_09563_/A                               0.750000    3.150626   -2.400626 (VIOLATED)
_09565_/A1                              0.750000    3.150625   -2.400625 (VIOLATED)
_09627_/A1                              0.750000    3.150621   -2.400621 (VIOLATED)
_09628_/A1                              0.750000    3.150620   -2.400621 (VIOLATED)
_09629_/A                               0.750000    3.150621   -2.400621 (VIOLATED)
_09661_/A1                              0.750000    3.150614   -2.400614 (VIOLATED)
_09662_/A1                              0.750000    3.150613   -2.400614 (VIOLATED)
_09663_/A                               0.750000    3.150615   -2.400615 (VIOLATED)
_09698_/A1                              0.750000    3.150604   -2.400605 (VIOLATED)
_09699_/A1                              0.750000    3.150604   -2.400605 (VIOLATED)
_09700_/A                               0.750000    3.150606   -2.400606 (VIOLATED)
_07926_/A                               0.750000    3.150593   -2.400593 (VIOLATED)
_07928_/A1                              0.750000    3.150595   -2.400595 (VIOLATED)
_09667_/A                               0.750000    3.150592   -2.400592 (VIOLATED)
_09744_/A1                              0.750000    3.150591   -2.400591 (VIOLATED)
_09746_/A                               0.750000    3.150594   -2.400594 (VIOLATED)
_09745_/A1                              0.750000    3.150591   -2.400590 (VIOLATED)
_09829_/A                               0.750000    3.150560   -2.400560 (VIOLATED)
_07989_/A1                              0.750000    3.150543   -2.400543 (VIOLATED)
_07990_/A1                              0.750000    3.150543   -2.400543 (VIOLATED)
_07991_/A                               0.750000    3.150543   -2.400543 (VIOLATED)
_09858_/B1                              0.750000    3.150543   -2.400543 (VIOLATED)
_08024_/A1                              0.750000    3.150540   -2.400540 (VIOLATED)
_08025_/A                               0.750000    3.150539   -2.400539 (VIOLATED)
_08060_/A1                              0.750000    3.150531   -2.400531 (VIOLATED)
_08061_/A                               0.750000    3.150531   -2.400531 (VIOLATED)
_08103_/A1                              0.750000    3.150520   -2.400520 (VIOLATED)
_08104_/A                               0.750000    3.150521   -2.400521 (VIOLATED)
_08146_/A                               0.750000    3.150505   -2.400505 (VIOLATED)
_08147_/A1                              0.750000    3.150505   -2.400505 (VIOLATED)
_08148_/A                               0.750000    3.150506   -2.400506 (VIOLATED)
_09916_/A                               0.750000    3.150506   -2.400506 (VIOLATED)
_08225_/A                               0.750000    3.150495   -2.400495 (VIOLATED)
_08152_/A                               0.750000    3.150464   -2.400464 (VIOLATED)
_08280_/A                               0.750000    3.150465   -2.400466 (VIOLATED)
_09951_/B1                              0.750000    3.150467   -2.400467 (VIOLATED)
_08285_/A                               0.750000    3.150463   -2.400463 (VIOLATED)
_09945_/A                               0.750000    3.150460   -2.400460 (VIOLATED)
_09961_/A                               0.750000    3.150448   -2.400448 (VIOLATED)
_09962_/A1                              0.750000    3.150447   -2.400447 (VIOLATED)
_08318_/A                               0.750000    3.150428   -2.400428 (VIOLATED)
_08319_/A1                              0.750000    3.150428   -2.400428 (VIOLATED)
_06634_/A                               0.750000    3.150415   -2.400415 (VIOLATED)
_06635_/A                               0.750000    3.150414   -2.400414 (VIOLATED)
_06636_/A                               0.750000    3.150413   -2.400413 (VIOLATED)
_09150_/A                               0.750000    3.150412   -2.400412 (VIOLATED)
_09152_/A1                              0.750000    3.150410   -2.400411 (VIOLATED)
_12496_/B1                              0.750000    3.150393   -2.400393 (VIOLATED)
_12513_/A                               0.750000    3.150393   -2.400392 (VIOLATED)
_12556_/B1                              0.750000    3.150390   -2.400390 (VIOLATED)
_12588_/A                               0.750000    3.150387   -2.400387 (VIOLATED)
_06645_/A                               0.750000    3.150381   -2.400381 (VIOLATED)
_12659_/A                               0.750000    3.150381   -2.400381 (VIOLATED)
_06646_/A                               0.750000    3.150370   -2.400370 (VIOLATED)
_07514_/A1                              0.750000    3.150370   -2.400370 (VIOLATED)
_12718_/B1                              0.750000    3.150370   -2.400370 (VIOLATED)
_07512_/A                               0.750000    3.150359   -2.400359 (VIOLATED)
_06598_/A                               0.750000    3.150354   -2.400354 (VIOLATED)
_06599_/A                               0.750000    3.150354   -2.400354 (VIOLATED)
_06600_/A                               0.750000    3.150354   -2.400354 (VIOLATED)
_06601_/A                               0.750000    3.150354   -2.400354 (VIOLATED)
_06602_/A                               0.750000    3.150353   -2.400353 (VIOLATED)
_06603_/A                               0.750000    3.150352   -2.400352 (VIOLATED)
_06604_/A                               0.750000    3.150350   -2.400350 (VIOLATED)
_12789_/B1                              0.750000    3.150346   -2.400346 (VIOLATED)
_06597_/A                               0.750000    3.150342   -2.400342 (VIOLATED)
_06647_/A                               0.750000    3.150343   -2.400343 (VIOLATED)
_09214_/A1                              0.750000    3.150330   -2.400330 (VIOLATED)
_09215_/A                               0.750000    3.150330   -2.400330 (VIOLATED)
_09216_/A                               0.750000    3.150330   -2.400330 (VIOLATED)
_11158_/A                               0.750000    3.150329   -2.400329 (VIOLATED)
_11160_/A1                              0.750000    3.150331   -2.400331 (VIOLATED)
_12486_/A                               0.750000    3.150331   -2.400331 (VIOLATED)
_11200_/A                               0.750000    3.150327   -2.400327 (VIOLATED)
_06648_/A                               0.750000    3.150323   -2.400324 (VIOLATED)
_11257_/A                               0.750000    3.150320   -2.400320 (VIOLATED)
_11259_/A1                              0.750000    3.150321   -2.400321 (VIOLATED)
_06533_/A                               0.750000    3.150316   -2.400316 (VIOLATED)
_12281_/A                               0.750000    3.150314   -2.400314 (VIOLATED)
_12355_/A                               0.750000    3.150315   -2.400315 (VIOLATED)
_06614_/A                               0.750000    3.150312   -2.400312 (VIOLATED)
_12248_/B1                              0.750000    3.150312   -2.400311 (VIOLATED)
_06615_/A                               0.750000    3.150301   -2.400301 (VIOLATED)
_11413_/A                               0.750000    3.150300   -2.400300 (VIOLATED)
_06613_/A                               0.750000    3.150294   -2.400294 (VIOLATED)
_06616_/A                               0.750000    3.150286   -2.400286 (VIOLATED)
_12184_/B1                              0.750000    3.150285   -2.400285 (VIOLATED)
_06617_/A                               0.750000    3.150276   -2.400276 (VIOLATED)
_06649_/A                               0.750000    3.150271   -2.400271 (VIOLATED)
_11543_/A                               0.750000    3.150265   -2.400265 (VIOLATED)
_11549_/A                               0.750000    3.150260   -2.400260 (VIOLATED)
_06618_/A                               0.750000    3.150253   -2.400253 (VIOLATED)
_06630_/A                               0.750000    3.150245   -2.400245 (VIOLATED)
_06619_/A                               0.750000    3.150237   -2.400237 (VIOLATED)
_06620_/A                               0.750000    3.150238   -2.400237 (VIOLATED)
_06629_/A                               0.750000    3.150237   -2.400237 (VIOLATED)
_06650_/A                               0.750000    3.150228   -2.400228 (VIOLATED)
_10769_/A                               0.750000    3.150223   -2.400223 (VIOLATED)
_10771_/A1                              0.750000    3.150223   -2.400223 (VIOLATED)
_12174_/A                               0.750000    3.150225   -2.400224 (VIOLATED)
_10811_/A                               0.750000    3.150206   -2.400206 (VIOLATED)
_06631_/A                               0.750000    3.150193   -2.400193 (VIOLATED)
_10866_/A                               0.750000    3.150187   -2.400187 (VIOLATED)
_10868_/A1                              0.750000    3.150187   -2.400188 (VIOLATED)
_06632_/A                               0.750000    3.150177   -2.400177 (VIOLATED)
_06633_/A                               0.750000    3.150159   -2.400159 (VIOLATED)
_06651_/A                               0.750000    3.150152   -2.400152 (VIOLATED)
_06652_/A                               0.750000    3.150099   -2.400098 (VIOLATED)
_06537_/A                               0.750000    3.150095   -2.400095 (VIOLATED)
_06538_/A                               0.750000    3.150096   -2.400096 (VIOLATED)
_06539_/A                               0.750000    3.150097   -2.400097 (VIOLATED)
_06540_/A                               0.750000    3.150097   -2.400097 (VIOLATED)
_11018_/A                               0.750000    3.150097   -2.400097 (VIOLATED)
_06535_/A                               0.750000    3.150092   -2.400092 (VIOLATED)
_06536_/A                               0.750000    3.150093   -2.400093 (VIOLATED)
_12483_/A                               0.750000    3.150094   -2.400095 (VIOLATED)
_06534_/A                               0.750000    3.150087   -2.400087 (VIOLATED)
_09287_/A                               0.750000    3.150090   -2.400090 (VIOLATED)
_12415_/B1                              0.750000    3.150090   -2.400090 (VIOLATED)
_09286_/A1                              0.750000    3.150086   -2.400086 (VIOLATED)
_09290_/C1                              0.750000    3.150084   -2.400084 (VIOLATED)
_09329_/A1                              0.750000    3.150069   -2.400069 (VIOLATED)
_09330_/A1                              0.750000    3.150069   -2.400069 (VIOLATED)
_09331_/A                               0.750000    3.150069   -2.400069 (VIOLATED)
_09334_/A                               0.750000    3.150053   -2.400053 (VIOLATED)
_11080_/B1                              0.750000    3.150052   -2.400052 (VIOLATED)
_12163_/C1                              0.750000    3.150046   -2.400046 (VIOLATED)
_12173_/B1                              0.750000    3.150043   -2.400043 (VIOLATED)
_09374_/A                               0.750000    3.150031   -2.400031 (VIOLATED)
_09972_/A1                              0.750000    3.150021   -2.400021 (VIOLATED)
_10046_/B1                              0.750000    3.150023   -2.400023 (VIOLATED)
_11130_/B1                              0.750000    3.150020   -2.400020 (VIOLATED)
_12044_/A                               0.750000    3.150021   -2.400021 (VIOLATED)
_06549_/A                               0.750000    3.150014   -2.400014 (VIOLATED)
_06550_/A                               0.750000    3.150014   -2.400014 (VIOLATED)
_11861_/A                               0.750000    3.149995   -2.399995 (VIOLATED)
_06556_/A                               0.750000    3.149983   -2.399983 (VIOLATED)
_06551_/A                               0.750000    3.149980   -2.399980 (VIOLATED)
_06555_/A                               0.750000    3.149975   -2.399975 (VIOLATED)
_11150_/A                               0.750000    3.149975   -2.399975 (VIOLATED)
_11871_/B1                              0.750000    3.149976   -2.399976 (VIOLATED)
_11888_/A                               0.750000    3.149976   -2.399976 (VIOLATED)
_06554_/A                               0.750000    3.149966   -2.399966 (VIOLATED)
_06552_/A                               0.750000    3.149954   -2.399954 (VIOLATED)
_06553_/A                               0.750000    3.149949   -2.399949 (VIOLATED)
_09417_/A                               0.750000    3.149947   -2.399947 (VIOLATED)
_09411_/C1                              0.750000    3.149910   -2.399910 (VIOLATED)
_10374_/A                               0.750000    3.149880   -2.399880 (VIOLATED)
_10376_/A1                              0.750000    3.149876   -2.399876 (VIOLATED)
_10590_/A1                              0.750000    3.149803   -2.399803 (VIOLATED)
_10591_/A                               0.750000    3.149803   -2.399803 (VIOLATED)
_10592_/A                               0.750000    3.149802   -2.399803 (VIOLATED)
_10596_/A                               0.750000    3.149803   -2.399803 (VIOLATED)
_10637_/A                               0.750000    3.149804   -2.399804 (VIOLATED)
_10550_/A1                              0.750000    3.149798   -2.399798 (VIOLATED)
_10551_/A                               0.750000    3.149797   -2.399797 (VIOLATED)
_10507_/A1                              0.750000    3.149791   -2.399791 (VIOLATED)
_10508_/A                               0.750000    3.149792   -2.399792 (VIOLATED)
_10511_/C1                              0.750000    3.149788   -2.399788 (VIOLATED)
_10438_/A1                              0.750000    3.149769   -2.399769 (VIOLATED)
_10439_/A                               0.750000    3.149770   -2.399770 (VIOLATED)
_09508_/A1                              0.750000    3.149758   -2.399758 (VIOLATED)
_10440_/A                               0.750000    3.149757   -2.399757 (VIOLATED)
_07575_/A1                              0.750000    3.149727   -2.399728 (VIOLATED)
_07576_/A                               0.750000    3.149727   -2.399727 (VIOLATED)
_07577_/A                               0.750000    3.149728   -2.399728 (VIOLATED)
_06566_/A                               0.750000    3.149720   -2.399720 (VIOLATED)
_07646_/A1                              0.750000    3.149723   -2.399723 (VIOLATED)
_07647_/A                               0.750000    3.149723   -2.399723 (VIOLATED)
_07650_/B1                              0.750000    3.149719   -2.399720 (VIOLATED)
_07692_/A1                              0.750000    3.149718   -2.399718 (VIOLATED)
_07693_/A                               0.750000    3.149719   -2.399719 (VIOLATED)
_07733_/A1                              0.750000    3.149711   -2.399712 (VIOLATED)
_07734_/A                               0.750000    3.149712   -2.399712 (VIOLATED)
_07772_/A                               0.750000    3.149706   -2.399706 (VIOLATED)
_07738_/A                               0.750000    3.149698   -2.399698 (VIOLATED)
_07811_/A                               0.750000    3.149687   -2.399687 (VIOLATED)
_06567_/A                               0.750000    3.149679   -2.399679 (VIOLATED)
_07841_/A                               0.750000    3.149678   -2.399678 (VIOLATED)
_07837_/B                               0.750000    3.149675   -2.399675 (VIOLATED)
_07863_/B1                              0.750000    3.149661   -2.399662 (VIOLATED)
_06568_/A                               0.750000    3.149655   -2.399655 (VIOLATED)
_06571_/A                               0.750000    3.149655   -2.399655 (VIOLATED)
_07886_/A                               0.750000    3.149655   -2.399655 (VIOLATED)
_07887_/A1                              0.750000    3.149657   -2.399657 (VIOLATED)
_06572_/A                               0.750000    3.149642   -2.399642 (VIOLATED)
_06565_/A                               0.750000    3.149637   -2.399637 (VIOLATED)
_07909_/B1                              0.750000    3.149638   -2.399638 (VIOLATED)
_06569_/A                               0.750000    3.149612   -2.399612 (VIOLATED)
_06570_/A                               0.750000    3.149603   -2.399603 (VIOLATED)
_09549_/A                               0.750000    3.149585   -2.399585 (VIOLATED)
_09561_/B1                              0.750000    3.149585   -2.399585 (VIOLATED)
_09552_/B1                              0.750000    3.149561   -2.399561 (VIOLATED)
_08741_/A                               0.750000    3.149477   -2.399477 (VIOLATED)
_08743_/A1                              0.750000    3.149462   -2.399462 (VIOLATED)
_08805_/A1                              0.750000    3.149177   -2.399177 (VIOLATED)
_08806_/A                               0.750000    3.149177   -2.399177 (VIOLATED)
_08807_/A                               0.750000    3.149175   -2.399175 (VIOLATED)
_06581_/A                               0.750000    3.149102   -2.399102 (VIOLATED)
_06582_/A                               0.750000    3.149103   -2.399103 (VIOLATED)
_07097_/A                               0.750000    3.149102   -2.399102 (VIOLATED)
_07099_/A1                              0.750000    3.149102   -2.399102 (VIOLATED)
_06583_/A                               0.750000    3.149039   -2.399039 (VIOLATED)
_07141_/A                               0.750000    3.148970   -2.398970 (VIOLATED)
_06584_/A                               0.750000    3.148920   -2.398920 (VIOLATED)
_09004_/A                               0.750000    3.148874   -2.398874 (VIOLATED)
_09010_/A                               0.750000    3.148874   -2.398874 (VIOLATED)
_08877_/A1                              0.750000    3.148870   -2.398870 (VIOLATED)
_08878_/A1                              0.750000    3.148870   -2.398870 (VIOLATED)
_08879_/A                               0.750000    3.148870   -2.398870 (VIOLATED)
_08923_/A1                              0.750000    3.148872   -2.398872 (VIOLATED)
_08924_/A                               0.750000    3.148872   -2.398872 (VIOLATED)
_06585_/A                               0.750000    3.148840   -2.398840 (VIOLATED)
_06586_/A                               0.750000    3.148706   -2.398706 (VIOLATED)
_06473_/A                               0.750000    3.148564   -2.398564 (VIOLATED)
_06474_/A                               0.750000    3.148564   -2.398564 (VIOLATED)
_06476_/A                               0.750000    3.148563   -2.398564 (VIOLATED)
_06475_/A                               0.750000    3.148561   -2.398561 (VIOLATED)
_06587_/A                               0.750000    3.148562   -2.398562 (VIOLATED)
_11708_/A                               0.750000    3.148562   -2.398562 (VIOLATED)
_11818_/A                               0.750000    3.148561   -2.398561 (VIOLATED)
_06492_/A                               0.750000    3.148556   -2.398556 (VIOLATED)
_10274_/A                               0.750000    3.148554   -2.398554 (VIOLATED)
_10372_/A                               0.750000    3.148555   -2.398555 (VIOLATED)
_06588_/A                               0.750000    3.148549   -2.398549 (VIOLATED)
_10138_/A                               0.750000    3.148548   -2.398548 (VIOLATED)
_10230_/A                               0.750000    3.148543   -2.398543 (VIOLATED)
_10721_/A                               0.750000    3.148529   -2.398529 (VIOLATED)
_10722_/A1                              0.750000    3.148529   -2.398529 (VIOLATED)
_10754_/A                               0.750000    3.148531   -2.398531 (VIOLATED)
_10760_/A                               0.750000    3.148525   -2.398525 (VIOLATED)
_08345_/A1                              0.750000    3.148521   -2.398521 (VIOLATED)
_06508_/A                               0.750000    3.148515   -2.398515 (VIOLATED)
_06800_/B1                              0.750000    3.148514   -2.398514 (VIOLATED)
_08448_/A                               0.750000    3.148515   -2.398514 (VIOLATED)
_08500_/A                               0.750000    3.148515   -2.398515 (VIOLATED)
_08632_/A                               0.750000    3.148516   -2.398516 (VIOLATED)
_06693_/A1                              0.750000    3.148509   -2.398509 (VIOLATED)
_07279_/A1                              0.750000    3.148508   -2.398508 (VIOLATED)
_07280_/A1                              0.750000    3.148508   -2.398508 (VIOLATED)
_07281_/A                               0.750000    3.148508   -2.398508 (VIOLATED)
_07284_/A                               0.750000    3.148509   -2.398509 (VIOLATED)
_09132_/A                               0.750000    3.148499   -2.398500 (VIOLATED)
_07090_/A                               0.750000    3.148492   -2.398493 (VIOLATED)
_08727_/A                               0.750000    3.148494   -2.398494 (VIOLATED)
_08739_/B1                              0.750000    3.148494   -2.398494 (VIOLATED)
_09137_/A                               0.750000    3.148494   -2.398494 (VIOLATED)
_06919_/A                               0.750000    3.148489   -2.398489 (VIOLATED)
_06987_/B1                              0.750000    3.148491   -2.398491 (VIOLATED)
_07017_/B1                              0.750000    3.148491   -2.398491 (VIOLATED)
_09148_/B1                              0.750000    3.148491   -2.398491 (VIOLATED)
_06524_/A                               0.750000    3.148482   -2.398482 (VIOLATED)
_06860_/A                               0.750000    3.148483   -2.398483 (VIOLATED)
_07488_/A                               0.750000    3.148473   -2.398473 (VIOLATED)
_07496_/A                               0.750000    3.148473   -2.398473 (VIOLATED)
_07504_/A1                              0.750000    3.148473   -2.398473 (VIOLATED)
_07510_/B1                              0.750000    3.148473   -2.398473 (VIOLATED)
_07325_/A                               0.750000    3.148469   -2.398469 (VIOLATED)
_07420_/A                               0.750000    3.148460   -2.398460 (VIOLATED)
_07366_/A                               0.750000    3.148455   -2.398455 (VIOLATED)
_06395_/Y                               0.750000    3.148445   -2.398445 (VIOLATED)
_08327_/Y                               0.750000    1.213000   -0.463000 (VIOLATED)
_08328_/B                               0.750000    1.213000   -0.463000 (VIOLATED)
_08329_/B                               0.750000    1.213000   -0.463000 (VIOLATED)
_08332_/A2                              0.750000    1.213000   -0.463000 (VIOLATED)
_07900_/Y                               0.750000    1.116377   -0.366377 (VIOLATED)
_07902_/A                               0.750000    1.116377   -0.366377 (VIOLATED)
_07913_/A                               0.750000    1.116377   -0.366377 (VIOLATED)
_07914_/B1                              0.750000    1.116377   -0.366377 (VIOLATED)
_07918_/B1                              0.750000    1.116377   -0.366377 (VIOLATED)
_07392_/Y                               0.750000    1.101060   -0.351060 (VIOLATED)
_07393_/B                               0.750000    1.101060   -0.351060 (VIOLATED)
_07394_/B                               0.750000    1.101060   -0.351060 (VIOLATED)
_07805_/Y                               0.750000    1.099086   -0.349086 (VIOLATED)
_07806_/B                               0.750000    1.099086   -0.349086 (VIOLATED)
_07807_/B                               0.750000    1.099086   -0.349086 (VIOLATED)
_09939_/Y                               0.750000    1.082941   -0.332941 (VIOLATED)
_09940_/A2                              0.750000    1.082941   -0.332941 (VIOLATED)
_09942_/C                               0.750000    1.082941   -0.332941 (VIOLATED)
_07161_/Y                               0.750000    1.082523   -0.332523 (VIOLATED)
_07162_/A2                              0.750000    1.082523   -0.332523 (VIOLATED)
_07163_/A2                              0.750000    1.082523   -0.332523 (VIOLATED)
_07164_/C                               0.750000    1.082523   -0.332523 (VIOLATED)
_12485_/Y                               0.750000    1.049272   -0.299273 (VIOLATED)
_13353_/D                               0.750000    1.049272   -0.299273 (VIOLATED)
_07610_/Y                               0.750000    1.047143   -0.297144 (VIOLATED)
_07611_/C                               0.750000    1.047143   -0.297144 (VIOLATED)
_07612_/A2                              0.750000    1.047143   -0.297144 (VIOLATED)
_08250_/Y                               0.750000    1.034436   -0.284436 (VIOLATED)
_08251_/A2                              0.750000    1.034436   -0.284436 (VIOLATED)
_08252_/C                               0.750000    1.034436   -0.284436 (VIOLATED)
_07321_/Y                               0.750000    1.027042   -0.277042 (VIOLATED)
_07323_/A2                              0.750000    1.027042   -0.277042 (VIOLATED)
_07324_/B                               0.750000    1.027042   -0.277042 (VIOLATED)
_07363_/B1_N                            0.750000    1.027042   -0.277042 (VIOLATED)
_09140_/Y                               0.750000    1.003798   -0.253798 (VIOLATED)
_09142_/A_N                             0.750000    1.003798   -0.253798 (VIOLATED)
_09147_/A1                              0.750000    1.003798   -0.253798 (VIOLATED)
_09148_/A2                              0.750000    1.003798   -0.253798 (VIOLATED)
_08964_/Y                               0.750000    0.997267   -0.247267 (VIOLATED)
_09008_/A                               0.750000    0.997267   -0.247267 (VIOLATED)
_09009_/A1                              0.750000    0.997267   -0.247267 (VIOLATED)
_07471_/Y                               0.750000    0.985752   -0.235752 (VIOLATED)
_07472_/D                               0.750000    0.985752   -0.235752 (VIOLATED)
_07473_/A3                              0.750000    0.985752   -0.235752 (VIOLATED)
_09370_/Y                               0.750000    0.966899   -0.216899 (VIOLATED)
_09373_/A1                              0.750000    0.966899   -0.216899 (VIOLATED)
_09375_/A1                              0.750000    0.966899   -0.216899 (VIOLATED)
_09414_/A1                              0.750000    0.966899   -0.216899 (VIOLATED)
_07069_/Y                               0.750000    0.953153   -0.203153 (VIOLATED)
_07070_/B1                              0.750000    0.953153   -0.203153 (VIOLATED)
_10234_/Y                               0.750000    0.949497   -0.199497 (VIOLATED)
_10235_/B1                              0.750000    0.949497   -0.199497 (VIOLATED)
_06878_/Y                               0.750000    0.949163   -0.199163 (VIOLATED)
_06879_/B1                              0.750000    0.949163   -0.199163 (VIOLATED)
_07082_/Y                               0.750000    0.949019   -0.199019 (VIOLATED)
_07083_/B1                              0.750000    0.949019   -0.199019 (VIOLATED)
_06836_/Y                               0.750000    0.948942   -0.198942 (VIOLATED)
_06837_/B1                              0.750000    0.948942   -0.198942 (VIOLATED)
_10115_/Y                               0.750000    0.947967   -0.197967 (VIOLATED)
_10116_/B1                              0.750000    0.947967   -0.197967 (VIOLATED)
_10348_/Y                               0.750000    0.947888   -0.197888 (VIOLATED)
_10349_/B1                              0.750000    0.947888   -0.197888 (VIOLATED)
_08594_/Y                               0.750000    0.947848   -0.197848 (VIOLATED)
_08595_/B1                              0.750000    0.947848   -0.197848 (VIOLATED)
_10081_/Y                               0.750000    0.947703   -0.197703 (VIOLATED)
_10082_/B1                              0.750000    0.947703   -0.197703 (VIOLATED)
_08735_/Y                               0.750000    0.947511   -0.197511 (VIOLATED)
_08736_/B1                              0.750000    0.947511   -0.197511 (VIOLATED)
_10297_/Y                               0.750000    0.947504   -0.197504 (VIOLATED)
_10298_/B1                              0.750000    0.947504   -0.197504 (VIOLATED)
_09121_/Y                               0.750000    0.947403   -0.197403 (VIOLATED)
_09122_/B1                              0.750000    0.947403   -0.197403 (VIOLATED)
_10746_/Y                               0.750000    0.947312   -0.197312 (VIOLATED)
_10747_/B1                              0.750000    0.947312   -0.197312 (VIOLATED)
_09965_/Y                               0.750000    0.947268   -0.197268 (VIOLATED)
_09966_/B1                              0.750000    0.947268   -0.197268 (VIOLATED)
_10156_/Y                               0.750000    0.947235   -0.197235 (VIOLATED)
_10157_/B1                              0.750000    0.947235   -0.197235 (VIOLATED)
_12200_/Y                               0.750000    0.947219   -0.197219 (VIOLATED)
_12201_/B1                              0.750000    0.947219   -0.197219 (VIOLATED)
_07777_/Y                               0.750000    0.947110   -0.197110 (VIOLATED)
_07778_/B1                              0.750000    0.947110   -0.197110 (VIOLATED)
_09957_/Y                               0.750000    0.946915   -0.196915 (VIOLATED)
_09958_/B1                              0.750000    0.946915   -0.196915 (VIOLATED)
_09533_/Y                               0.750000    0.946914   -0.196914 (VIOLATED)
_09534_/B1                              0.750000    0.946914   -0.196914 (VIOLATED)
_07916_/Y                               0.750000    0.946667   -0.196667 (VIOLATED)
_07917_/B1                              0.750000    0.946667   -0.196667 (VIOLATED)
_08308_/Y                               0.750000    0.946318   -0.196318 (VIOLATED)
_08309_/B1                              0.750000    0.946318   -0.196318 (VIOLATED)
_11262_/Y                               0.750000    0.946193   -0.196193 (VIOLATED)
_11263_/B1                              0.750000    0.946193   -0.196193 (VIOLATED)
_09529_/Y                               0.750000    0.946011   -0.196011 (VIOLATED)
_09530_/A3                              0.750000    0.946011   -0.196011 (VIOLATED)
_09531_/D                               0.750000    0.946011   -0.196011 (VIOLATED)
_06704_/Y                               0.750000    0.944690   -0.194690 (VIOLATED)
_13091_/D                               0.750000    0.944690   -0.194690 (VIOLATED)
_09983_/Y                               0.750000    0.940491   -0.190491 (VIOLATED)
_13239_/D                               0.750000    0.940491   -0.190491 (VIOLATED)
_10838_/Y                               0.750000    0.927402   -0.177402 (VIOLATED)
_13276_/D                               0.750000    0.927402   -0.177402 (VIOLATED)
_07234_/Y                               0.750000    0.925095   -0.175096 (VIOLATED)
_07237_/A1                              0.750000    0.925095   -0.175096 (VIOLATED)
_07238_/A1                              0.750000    0.925095   -0.175096 (VIOLATED)
_07240_/A1                              0.750000    0.925095   -0.175096 (VIOLATED)
_10742_/Y                               0.750000    0.913615   -0.163615 (VIOLATED)
_10745_/A                               0.750000    0.913615   -0.163615 (VIOLATED)
_10757_/B1                              0.750000    0.913615   -0.163615 (VIOLATED)
_08963_/Y                               0.750000    0.899474   -0.149474 (VIOLATED)
_08967_/A1                              0.750000    0.899474   -0.149474 (VIOLATED)
_08968_/A                               0.750000    0.899474   -0.149474 (VIOLATED)
_09785_/Y                               0.750000    0.898293   -0.148293 (VIOLATED)
_09789_/A1                              0.750000    0.898293   -0.148293 (VIOLATED)
_09790_/A                               0.750000    0.898293   -0.148293 (VIOLATED)
_09749_/Y                               0.750000    0.895144   -0.145144 (VIOLATED)
_13227_/D                               0.750000    0.895144   -0.145144 (VIOLATED)
_09704_/Y                               0.750000    0.893139   -0.143139 (VIOLATED)
_13226_/D                               0.750000    0.893139   -0.143139 (VIOLATED)
_10982_/Y                               0.750000    0.872326   -0.122326 (VIOLATED)
_10984_/A                               0.750000    0.872326   -0.122326 (VIOLATED)
_09169_/Y                               0.750000    0.869516   -0.119516 (VIOLATED)
_09171_/A                               0.750000    0.869516   -0.119516 (VIOLATED)
_08760_/Y                               0.750000    0.869474   -0.119474 (VIOLATED)
_08762_/A                               0.750000    0.869474   -0.119474 (VIOLATED)
_11049_/Y                               0.750000    0.869440   -0.119440 (VIOLATED)
_11051_/A                               0.750000    0.869440   -0.119440 (VIOLATED)
_07945_/Y                               0.750000    0.868052   -0.118052 (VIOLATED)
_07947_/A                               0.750000    0.868052   -0.118052 (VIOLATED)
_11178_/Y                               0.750000    0.867321   -0.117322 (VIOLATED)
_11180_/A                               0.750000    0.867321   -0.117322 (VIOLATED)
_09582_/Y                               0.750000    0.867293   -0.117293 (VIOLATED)
_09584_/A                               0.750000    0.867293   -0.117293 (VIOLATED)
_11292_/Y                               0.750000    0.867266   -0.117266 (VIOLATED)
_11294_/A                               0.750000    0.867266   -0.117266 (VIOLATED)
_10393_/Y                               0.750000    0.867145   -0.117145 (VIOLATED)
_10395_/A                               0.750000    0.867145   -0.117145 (VIOLATED)
_07117_/Y                               0.750000    0.866933   -0.116933 (VIOLATED)
_07119_/A                               0.750000    0.866933   -0.116933 (VIOLATED)
_11864_/Y                               0.750000    0.866741   -0.116742 (VIOLATED)
_13323_/D                               0.750000    0.866741   -0.116742 (VIOLATED)
_09141_/Y                               0.750000    0.866690   -0.116690 (VIOLATED)
_09142_/B                               0.750000    0.866690   -0.116690 (VIOLATED)
_09146_/B1_N                            0.750000    0.866690   -0.116690 (VIOLATED)
_10665_/Y                               0.750000    0.866603   -0.116603 (VIOLATED)
_10667_/A                               0.750000    0.866603   -0.116603 (VIOLATED)
_10789_/Y                               0.750000    0.866479   -0.116479 (VIOLATED)
_10791_/A                               0.750000    0.866479   -0.116479 (VIOLATED)
_10901_/Y                               0.750000    0.866435   -0.116435 (VIOLATED)
_10903_/A                               0.750000    0.866435   -0.116435 (VIOLATED)
_10942_/Y                               0.750000    0.866268   -0.116268 (VIOLATED)
_10944_/A                               0.750000    0.866268   -0.116268 (VIOLATED)
_07531_/Y                               0.750000    0.866083   -0.116083 (VIOLATED)
_07533_/A                               0.750000    0.866083   -0.116083 (VIOLATED)
_11445_/Y                               0.750000    0.865264   -0.115264 (VIOLATED)
_11447_/A                               0.750000    0.865264   -0.115264 (VIOLATED)
_09446_/Y                               0.750000    0.864952   -0.114952 (VIOLATED)
_09448_/A                               0.750000    0.864952   -0.114952 (VIOLATED)
_11337_/Y                               0.750000    0.864951   -0.114951 (VIOLATED)
_11339_/A                               0.750000    0.864951   -0.114951 (VIOLATED)
_08748_/Y                               0.750000    0.864837   -0.114837 (VIOLATED)
_08749_/B                               0.750000    0.864837   -0.114837 (VIOLATED)
_08219_/Y                               0.750000    0.864513   -0.114513 (VIOLATED)
_08221_/A                               0.750000    0.864513   -0.114513 (VIOLATED)
_11377_/Y                               0.750000    0.863814   -0.113814 (VIOLATED)
_11379_/A                               0.750000    0.863814   -0.113814 (VIOLATED)
_10381_/Y                               0.750000    0.863671   -0.113671 (VIOLATED)
_10382_/B                               0.750000    0.863671   -0.113671 (VIOLATED)
_11110_/Y                               0.750000    0.863147   -0.113148 (VIOLATED)
_11111_/B                               0.750000    0.863147   -0.113148 (VIOLATED)
_11166_/Y                               0.750000    0.863124   -0.113124 (VIOLATED)
_11167_/B                               0.750000    0.863124   -0.113124 (VIOLATED)
_07519_/Y                               0.750000    0.862683   -0.112683 (VIOLATED)
_07520_/B                               0.750000    0.862683   -0.112683 (VIOLATED)
_09157_/Y                               0.750000    0.862640   -0.112640 (VIOLATED)
_09158_/B                               0.750000    0.862640   -0.112640 (VIOLATED)
_09096_/Y                               0.750000    0.862221   -0.112221 (VIOLATED)
_09097_/B                               0.750000    0.862221   -0.112221 (VIOLATED)
_10777_/Y                               0.750000    0.861836   -0.111836 (VIOLATED)
_10778_/B                               0.750000    0.861836   -0.111836 (VIOLATED)
_07105_/Y                               0.750000    0.860738   -0.110738 (VIOLATED)
_07106_/B                               0.750000    0.860738   -0.110738 (VIOLATED)
_08302_/Y                               0.750000    0.860665   -0.110665 (VIOLATED)
_08303_/D                               0.750000    0.860665   -0.110665 (VIOLATED)
_08304_/A3                              0.750000    0.860665   -0.110665 (VIOLATED)
_09570_/Y                               0.750000    0.860470   -0.110470 (VIOLATED)
_09571_/B                               0.750000    0.860470   -0.110470 (VIOLATED)
_07933_/Y                               0.750000    0.859631   -0.109631 (VIOLATED)
_07934_/B                               0.750000    0.859631   -0.109631 (VIOLATED)
_07922_/Y                               0.750000    0.859611   -0.109611 (VIOLATED)
_13144_/D                               0.750000    0.859611   -0.109611 (VIOLATED)
_09254_/Y                               0.750000    0.854054   -0.104054 (VIOLATED)
_13207_/D                               0.750000    0.854054   -0.104054 (VIOLATED)
_12319_/Y                               0.750000    0.852911   -0.102911 (VIOLATED)
_13345_/D                               0.750000    0.852911   -0.102911 (VIOLATED)
_12489_/Y                               0.750000    0.833560   -0.083560 (VIOLATED)
_13355_/D                               0.750000    0.833560   -0.083560 (VIOLATED)
_12177_/Y                               0.750000    0.827551   -0.077552 (VIOLATED)
_13339_/D                               0.750000    0.827551   -0.077552 (VIOLATED)
_08344_/Y                               0.750000    0.824515   -0.074515 (VIOLATED)
_13164_/D                               0.750000    0.824515   -0.074515 (VIOLATED)
_08969_/Y                               0.750000    0.824085   -0.074086 (VIOLATED)
_13192_/D                               0.750000    0.824085   -0.074086 (VIOLATED)
_07697_/Y                               0.750000    0.820183   -0.070183 (VIOLATED)
_13135_/D                               0.750000    0.820183   -0.070183 (VIOLATED)
_09791_/Y                               0.750000    0.818628   -0.068628 (VIOLATED)
_13228_/D                               0.750000    0.818628   -0.068628 (VIOLATED)
_07868_/Y                               0.750000    0.817163   -0.067163 (VIOLATED)
_13140_/D                               0.750000    0.817163   -0.067163 (VIOLATED)
_08356_/Y                               0.750000    0.815621   -0.065621 (VIOLATED)
_13167_/D                               0.750000    0.815621   -0.065621 (VIOLATED)
_08324_/Y                               0.750000    0.813464   -0.063464 (VIOLATED)
_13161_/D                               0.750000    0.813464   -0.063464 (VIOLATED)
_12625_/Y                               0.750000    0.810920   -0.060920 (VIOLATED)
_13361_/D                               0.750000    0.810920   -0.060920 (VIOLATED)
_09971_/Y                               0.750000    0.808897   -0.058897 (VIOLATED)
_13236_/D                               0.750000    0.808897   -0.058897 (VIOLATED)
_07925_/Y                               0.750000    0.808502   -0.058502 (VIOLATED)
_13145_/D                               0.750000    0.808502   -0.058502 (VIOLATED)
_07096_/Y                               0.750000    0.808301   -0.058301 (VIOLATED)
_13107_/D                               0.750000    0.808301   -0.058301 (VIOLATED)
_10399_/Y                               0.750000    0.792255   -0.042255 (VIOLATED)
_13257_/D                               0.750000    0.792255   -0.042255 (VIOLATED)

max fanout

Pin                                   Limit Fanout  Slack
---------------------------------------------------------
clk                                      10    580   -570 (VIOLATED)
control                                  10    514   -504 (VIOLATED)
_06395_/Y                                10    260   -250 (VIOLATED)
_12866_/Q                                10     19     -9 (VIOLATED)
_12930_/Q                                10     19     -9 (VIOLATED)
_12986_/Q                                10     19     -9 (VIOLATED)
_12805_/Q                                10     18     -8 (VIOLATED)
_12863_/Q                                10     18     -8 (VIOLATED)
_12868_/Q                                10     18     -8 (VIOLATED)
_12879_/Q                                10     18     -8 (VIOLATED)
_12881_/Q                                10     18     -8 (VIOLATED)
_12882_/Q                                10     18     -8 (VIOLATED)
_12884_/Q                                10     18     -8 (VIOLATED)
_12895_/Q                                10     18     -8 (VIOLATED)
_12897_/Q                                10     18     -8 (VIOLATED)
_12898_/Q                                10     18     -8 (VIOLATED)
_12927_/Q                                10     18     -8 (VIOLATED)
_12932_/Q                                10     18     -8 (VIOLATED)
_12933_/Q                                10     18     -8 (VIOLATED)
_12945_/Q                                10     18     -8 (VIOLATED)
_12946_/Q                                10     18     -8 (VIOLATED)
_12959_/Q                                10     18     -8 (VIOLATED)
_12961_/Q                                10     18     -8 (VIOLATED)
_12983_/Q                                10     18     -8 (VIOLATED)
_12989_/Q                                10     18     -8 (VIOLATED)
_12991_/Q                                10     18     -8 (VIOLATED)
_12993_/Q                                10     18     -8 (VIOLATED)
_12999_/Q                                10     18     -8 (VIOLATED)
_13001_/Q                                10     18     -8 (VIOLATED)
_13004_/Q                                10     18     -8 (VIOLATED)
_06506_/X                                10     17     -7 (VIOLATED)
_12796_/Q                                10     17     -7 (VIOLATED)
_12799_/Q                                10     17     -7 (VIOLATED)
_12802_/Q                                10     17     -7 (VIOLATED)
_12807_/Q                                10     17     -7 (VIOLATED)
_12821_/Q                                10     17     -7 (VIOLATED)
_12823_/Q                                10     17     -7 (VIOLATED)
_12861_/Q                                10     17     -7 (VIOLATED)
_12869_/Q                                10     17     -7 (VIOLATED)
_12872_/Q                                10     17     -7 (VIOLATED)
_12874_/Q                                10     17     -7 (VIOLATED)
_12885_/Q                                10     17     -7 (VIOLATED)
_12887_/Q                                10     17     -7 (VIOLATED)
_12900_/Q                                10     17     -7 (VIOLATED)
_12901_/Q                                10     17     -7 (VIOLATED)
_12903_/Q                                10     17     -7 (VIOLATED)
_12911_/Q                                10     17     -7 (VIOLATED)
_12913_/Q                                10     17     -7 (VIOLATED)
_12914_/Q                                10     17     -7 (VIOLATED)
_12943_/Q                                10     17     -7 (VIOLATED)
_12948_/Q                                10     17     -7 (VIOLATED)
_12949_/Q                                10     17     -7 (VIOLATED)
_12962_/Q                                10     17     -7 (VIOLATED)
_12964_/Q                                10     17     -7 (VIOLATED)
_12975_/Q                                10     17     -7 (VIOLATED)
_12988_/Q                                10     17     -7 (VIOLATED)
_12992_/Q                                10     17     -7 (VIOLATED)
_12994_/Q                                10     17     -7 (VIOLATED)
_12996_/Q                                10     17     -7 (VIOLATED)
_12997_/Q                                10     17     -7 (VIOLATED)
_13002_/Q                                10     17     -7 (VIOLATED)
_13005_/Q                                10     17     -7 (VIOLATED)
_13007_/Q                                10     17     -7 (VIOLATED)
_13009_/Q                                10     17     -7 (VIOLATED)
_06472_/X                                10     16     -6 (VIOLATED)
_06473_/X                                10     16     -6 (VIOLATED)
_06476_/X                                10     16     -6 (VIOLATED)
_06490_/X                                10     16     -6 (VIOLATED)
_06505_/X                                10     16     -6 (VIOLATED)
_06521_/X                                10     16     -6 (VIOLATED)
_06522_/X                                10     16     -6 (VIOLATED)
_12792_/Q                                10     16     -6 (VIOLATED)
_12797_/Q                                10     16     -6 (VIOLATED)
_12798_/Q                                10     16     -6 (VIOLATED)
_12801_/Q                                10     16     -6 (VIOLATED)
_12808_/Q                                10     16     -6 (VIOLATED)
_12809_/Q                                10     16     -6 (VIOLATED)
_12810_/Q                                10     16     -6 (VIOLATED)
_12811_/Q                                10     16     -6 (VIOLATED)
_12817_/Q                                10     16     -6 (VIOLATED)
_12824_/Q                                10     16     -6 (VIOLATED)
_12825_/Q                                10     16     -6 (VIOLATED)
_12827_/Q                                10     16     -6 (VIOLATED)
_12830_/Q                                10     16     -6 (VIOLATED)
_12833_/Q                                10     16     -6 (VIOLATED)
_12838_/Q                                10     16     -6 (VIOLATED)
_12839_/Q                                10     16     -6 (VIOLATED)
_12840_/Q                                10     16     -6 (VIOLATED)
_12841_/Q                                10     16     -6 (VIOLATED)
_12842_/Q                                10     16     -6 (VIOLATED)
_12854_/Q                                10     16     -6 (VIOLATED)
_12856_/Q                                10     16     -6 (VIOLATED)
_12860_/Q                                10     16     -6 (VIOLATED)
_12870_/Q                                10     16     -6 (VIOLATED)
_12873_/Q                                10     16     -6 (VIOLATED)
_12878_/Q                                10     16     -6 (VIOLATED)
_12888_/Q                                10     16     -6 (VIOLATED)
_12889_/Q                                10     16     -6 (VIOLATED)
_12894_/Q                                10     16     -6 (VIOLATED)
_12904_/Q                                10     16     -6 (VIOLATED)
_12905_/Q                                10     16     -6 (VIOLATED)
_12916_/Q                                10     16     -6 (VIOLATED)
_12917_/Q                                10     16     -6 (VIOLATED)
_12925_/Q                                10     16     -6 (VIOLATED)
_12936_/Q                                10     16     -6 (VIOLATED)
_12938_/Q                                10     16     -6 (VIOLATED)
_12947_/Q                                10     16     -6 (VIOLATED)
_12951_/Q                                10     16     -6 (VIOLATED)
_12958_/Q                                10     16     -6 (VIOLATED)
_12965_/Q                                10     16     -6 (VIOLATED)
_12967_/Q                                10     16     -6 (VIOLATED)
_12977_/Q                                10     16     -6 (VIOLATED)
_12980_/Q                                10     16     -6 (VIOLATED)
_12981_/Q                                10     16     -6 (VIOLATED)
_12995_/Q                                10     16     -6 (VIOLATED)
_12998_/Q                                10     16     -6 (VIOLATED)
_13010_/Q                                10     16     -6 (VIOLATED)
_13012_/Q                                10     16     -6 (VIOLATED)
_06471_/X                                10     15     -5 (VIOLATED)
_06474_/X                                10     15     -5 (VIOLATED)
_06489_/X                                10     15     -5 (VIOLATED)
_12790_/Q                                10     15     -5 (VIOLATED)
_12793_/Q                                10     15     -5 (VIOLATED)
_12794_/Q                                10     15     -5 (VIOLATED)
_12795_/Q                                10     15     -5 (VIOLATED)
_12806_/Q                                10     15     -5 (VIOLATED)
_12812_/Q                                10     15     -5 (VIOLATED)
_12813_/Q                                10     15     -5 (VIOLATED)
_12814_/Q                                10     15     -5 (VIOLATED)
_12818_/Q                                10     15     -5 (VIOLATED)
_12820_/Q                                10     15     -5 (VIOLATED)
_12822_/Q                                10     15     -5 (VIOLATED)
_12826_/Q                                10     15     -5 (VIOLATED)
_12829_/Q                                10     15     -5 (VIOLATED)
_12831_/Q                                10     15     -5 (VIOLATED)
_12834_/Q                                10     15     -5 (VIOLATED)
_12837_/Q                                10     15     -5 (VIOLATED)
_12843_/Q                                10     15     -5 (VIOLATED)
_12844_/Q                                10     15     -5 (VIOLATED)
_12845_/Q                                10     15     -5 (VIOLATED)
_12849_/Q                                10     15     -5 (VIOLATED)
_12857_/Q                                10     15     -5 (VIOLATED)
_12858_/Q                                10     15     -5 (VIOLATED)
_12859_/Q                                10     15     -5 (VIOLATED)
_12862_/Q                                10     15     -5 (VIOLATED)
_12865_/Q                                10     15     -5 (VIOLATED)
_12867_/Q                                10     15     -5 (VIOLATED)
_12871_/Q                                10     15     -5 (VIOLATED)
_12876_/Q                                10     15     -5 (VIOLATED)
_12877_/Q                                10     15     -5 (VIOLATED)
_12883_/Q                                10     15     -5 (VIOLATED)
_12886_/Q                                10     15     -5 (VIOLATED)
_12890_/Q                                10     15     -5 (VIOLATED)
_12891_/Q                                10     15     -5 (VIOLATED)
_12892_/Q                                10     15     -5 (VIOLATED)
_12902_/Q                                10     15     -5 (VIOLATED)
_12906_/Q                                10     15     -5 (VIOLATED)
_12907_/Q                                10     15     -5 (VIOLATED)
_12910_/Q                                10     15     -5 (VIOLATED)
_12920_/Q                                10     15     -5 (VIOLATED)
_12924_/Q                                10     15     -5 (VIOLATED)
_12926_/Q                                10     15     -5 (VIOLATED)
_12928_/Q                                10     15     -5 (VIOLATED)
_12929_/Q                                10     15     -5 (VIOLATED)
_12934_/Q                                10     15     -5 (VIOLATED)
_12937_/Q                                10     15     -5 (VIOLATED)
_12941_/Q                                10     15     -5 (VIOLATED)
_12942_/Q                                10     15     -5 (VIOLATED)
_12944_/Q                                10     15     -5 (VIOLATED)
_12952_/Q                                10     15     -5 (VIOLATED)
_12953_/Q                                10     15     -5 (VIOLATED)
_12956_/Q                                10     15     -5 (VIOLATED)
_12968_/Q                                10     15     -5 (VIOLATED)
_12969_/Q                                10     15     -5 (VIOLATED)
_12971_/Q                                10     15     -5 (VIOLATED)
_12974_/Q                                10     15     -5 (VIOLATED)
_12978_/Q                                10     15     -5 (VIOLATED)
_12982_/Q                                10     15     -5 (VIOLATED)
_12985_/Q                                10     15     -5 (VIOLATED)
_12987_/Q                                10     15     -5 (VIOLATED)
_12990_/Q                                10     15     -5 (VIOLATED)
_13006_/Q                                10     15     -5 (VIOLATED)
_13013_/Q                                10     15     -5 (VIOLATED)
_06491_/X                                10     14     -4 (VIOLATED)
_06501_/X                                10     14     -4 (VIOLATED)
_06507_/X                                10     14     -4 (VIOLATED)
_12791_/Q                                10     14     -4 (VIOLATED)
_12804_/Q                                10     14     -4 (VIOLATED)
_12816_/Q                                10     14     -4 (VIOLATED)
_12828_/Q                                10     14     -4 (VIOLATED)
_12835_/Q                                10     14     -4 (VIOLATED)
_12846_/Q                                10     14     -4 (VIOLATED)
_12850_/Q                                10     14     -4 (VIOLATED)
_12853_/Q                                10     14     -4 (VIOLATED)
_12855_/Q                                10     14     -4 (VIOLATED)
_12864_/Q                                10     14     -4 (VIOLATED)
_12875_/Q                                10     14     -4 (VIOLATED)
_12880_/Q                                10     14     -4 (VIOLATED)
_12896_/Q                                10     14     -4 (VIOLATED)
_12899_/Q                                10     14     -4 (VIOLATED)
_12908_/Q                                10     14     -4 (VIOLATED)
_12912_/Q                                10     14     -4 (VIOLATED)
_12918_/Q                                10     14     -4 (VIOLATED)
_12921_/Q                                10     14     -4 (VIOLATED)
_12922_/Q                                10     14     -4 (VIOLATED)
_12923_/Q                                10     14     -4 (VIOLATED)
_12931_/Q                                10     14     -4 (VIOLATED)
_12935_/Q                                10     14     -4 (VIOLATED)
_12939_/Q                                10     14     -4 (VIOLATED)
_12940_/Q                                10     14     -4 (VIOLATED)
_12950_/Q                                10     14     -4 (VIOLATED)
_12954_/Q                                10     14     -4 (VIOLATED)
_12955_/Q                                10     14     -4 (VIOLATED)
_12960_/Q                                10     14     -4 (VIOLATED)
_12963_/Q                                10     14     -4 (VIOLATED)
_12966_/Q                                10     14     -4 (VIOLATED)
_12970_/Q                                10     14     -4 (VIOLATED)
_12972_/Q                                10     14     -4 (VIOLATED)
_12984_/Q                                10     14     -4 (VIOLATED)
_13000_/Q                                10     14     -4 (VIOLATED)
_13003_/Q                                10     14     -4 (VIOLATED)
_13008_/Q                                10     14     -4 (VIOLATED)
_06485_/X                                10     13     -3 (VIOLATED)
_06523_/X                                10     13     -3 (VIOLATED)
_12800_/Q                                10     13     -3 (VIOLATED)
_12803_/Q                                10     13     -3 (VIOLATED)
_12815_/Q                                10     13     -3 (VIOLATED)
_12832_/Q                                10     13     -3 (VIOLATED)
_12836_/Q                                10     13     -3 (VIOLATED)
_12847_/Q                                10     13     -3 (VIOLATED)
_12893_/Q                                10     13     -3 (VIOLATED)
_12909_/Q                                10     13     -3 (VIOLATED)
_12915_/Q                                10     13     -3 (VIOLATED)
_12919_/Q                                10     13     -3 (VIOLATED)
_12957_/Q                                10     13     -3 (VIOLATED)
_12976_/Q                                10     13     -3 (VIOLATED)
_12979_/Q                                10     13     -3 (VIOLATED)
_13011_/Q                                10     13     -3 (VIOLATED)
_06469_/X                                10     12     -2 (VIOLATED)
_06475_/X                                10     12     -2 (VIOLATED)
_06508_/X                                10     12     -2 (VIOLATED)
_06517_/X                                10     12     -2 (VIOLATED)
_06524_/X                                10     12     -2 (VIOLATED)
_12819_/Q                                10     12     -2 (VIOLATED)
_12848_/Q                                10     12     -2 (VIOLATED)
_12852_/Q                                10     12     -2 (VIOLATED)
_12973_/Q                                10     12     -2 (VIOLATED)
_06470_/X                                10     11        (VIOLATED)
_06492_/X                                10     11        (VIOLATED)
_06504_/X                                10     11        (VIOLATED)
_12851_/Q                                10     11        (VIOLATED)

max capacitance

Pin                                        Limit         Cap       Slack
------------------------------------------------------------------------
control                                 0.200000    1.998990   -1.798990 (VIOLATED)
clk                                     0.200000    1.506785   -1.306785 (VIOLATED)
_06395_/Y                               0.200000    0.868909   -0.668909 (VIOLATED)



===========================================================================
report_parasitic_annotation -report_unannotated
============================================================================
Found 52 unannotated drivers.
 _13370_/HI
 _13371_/HI
 _13372_/HI
 _13373_/HI
 _13374_/HI
 _13375_/HI
 _13376_/HI
 _13377_/HI
 _13378_/HI
 _13379_/HI
 _13380_/HI
 _13381_/HI
 _13382_/HI
 _13383_/HI
 _13384_/HI
 _13385_/HI
 _13386_/HI
 _13387_/HI
 _13388_/HI
 _13389_/HI
 _13390_/HI
 _13391_/HI
 _13392_/HI
 _13393_/HI
 _13394_/HI
 _13395_/HI
 _13396_/HI
 _13397_/HI
 _13398_/HI
 _13399_/HI
 _13400_/HI
 _13401_/HI
 _13402_/HI
 _13403_/HI
 _13404_/HI
 _13405_/HI
 _13406_/HI
 _13407_/HI
 _13408_/HI
 _13409_/HI
 _13410_/HI
 _13411_/HI
 _13412_/HI
 _13413_/HI
 _13414_/HI
 _13415_/HI
 _13416_/HI
 _13417_/HI
 _13418_/HI
 _13419_/HI
 _13420_/HI
 _13421_/HI
Found 0 partially unannotated drivers.

===========================================================================
max slew violation count 1579
Writing metric design__max_slew_violation__count__corner:nom_tt_025C_1v80: 1579
max fanout violation count 251
Writing metric design__max_fanout_violation__count__corner:nom_tt_025C_1v80: 251
max cap violation count 3
Writing metric design__max_cap_violation__count__corner:nom_tt_025C_1v80: 3
============================================================================

===========================================================================
check_setup -verbose -unconstrained_endpoints -multiple_clock -no_clock -no_input_delay -loops -generated_clocks
===========================================================================
Warning: There are 52 unconstrained endpoints.
  acc_out[115]
  acc_out[116]
  acc_out[117]
  acc_out[118]
  acc_out[119]
  acc_out[120]
  acc_out[121]
  acc_out[122]
  acc_out[123]
  acc_out[124]
  acc_out[125]
  acc_out[126]
  acc_out[127]
  acc_out[19]
  acc_out[20]
  acc_out[21]
  acc_out[22]
  acc_out[23]
  acc_out[24]
  acc_out[25]
  acc_out[26]
  acc_out[27]
  acc_out[28]
  acc_out[29]
  acc_out[30]
  acc_out[31]
  acc_out[51]
  acc_out[52]
  acc_out[53]
  acc_out[54]
  acc_out[55]
  acc_out[56]
  acc_out[57]
  acc_out[58]
  acc_out[59]
  acc_out[60]
  acc_out[61]
  acc_out[62]
  acc_out[63]
  acc_out[83]
  acc_out[84]
  acc_out[85]
  acc_out[86]
  acc_out[87]
  acc_out[88]
  acc_out[89]
  acc_out[90]
  acc_out[91]
  acc_out[92]
  acc_out[93]
  acc_out[94]
  acc_out[95]
