
===========================================================================
report_checks -unconstrained
===========================================================================
======================= nom_ff_n40C_1v95 Corner ===================================

Startpoint: control (input port clocked by clk)
Endpoint: _13253_ (rising edge-triggered flip-flop clocked by clk)
Path Group: clk
Path Type: max

Fanout         Cap        Slew       Delay        Time   Description
---------------------------------------------------------------------------------------------
                      0.150000    0.000000    0.000000   clock clk (rise edge)
                                  0.000000    0.000000   clock network delay (ideal)
                                  4.000000    4.000000 ^ input external delay
   514    1.643125    5.499298    3.849115    7.849115 ^ control (in)
                                                         control (net)
                      5.499298    0.000000    7.849115 ^ _06395_/A (sky130_fd_sc_hd__inv_2)
   260    0.566292    2.066132    2.473174   10.322289 v _06395_/Y (sky130_fd_sc_hd__inv_2)
                                                         _06393_ (net)
                      2.066132    0.000000   10.322289 v _06492_/A (sky130_fd_sc_hd__and2_2)
    11    0.033483    0.121516    0.652862   10.975151 v _06492_/X (sky130_fd_sc_hd__and2_2)
                                                         _00023_ (net)
                      0.121516    0.000000   10.975151 v _10204_/B (sky130_fd_sc_hd__nand2_2)
     2    0.010984    0.067211    0.099065   11.074216 ^ _10204_/Y (sky130_fd_sc_hd__nand2_2)
                                                         _03930_ (net)
                      0.067211    0.000000   11.074216 ^ _10205_/B (sky130_fd_sc_hd__xor2_2)
     2    0.014001    0.161717    0.146141   11.220357 ^ _10205_/X (sky130_fd_sc_hd__xor2_2)
                                                         _03931_ (net)
                      0.161717    0.000000   11.220357 ^ _10216_/A (sky130_fd_sc_hd__xor2_2)
     2    0.013182    0.155034    0.139958   11.360314 ^ _10216_/X (sky130_fd_sc_hd__xor2_2)
                                                         _03942_ (net)
                      0.155034    0.000000   11.360314 ^ _10218_/B (sky130_fd_sc_hd__xor2_2)
     2    0.010041    0.129349    0.122575   11.482889 ^ _10218_/X (sky130_fd_sc_hd__xor2_2)
                                                         _03944_ (net)
                      0.129349    0.000000   11.482889 ^ _10220_/B (sky130_fd_sc_hd__xor2_2)
     2    0.013179    0.154981    0.141969   11.624859 ^ _10220_/X (sky130_fd_sc_hd__xor2_2)
                                                         _03946_ (net)
                      0.154981    0.000000   11.624859 ^ _10222_/B (sky130_fd_sc_hd__xnor2_2)
     2    0.012364    0.058499    0.063459   11.688317 v _10222_/Y (sky130_fd_sc_hd__xnor2_2)
                                                         _03948_ (net)
                      0.058499    0.000000   11.688317 v _10224_/B (sky130_fd_sc_hd__xnor2_2)
     2    0.010880    0.055544    0.104755   11.793073 v _10224_/Y (sky130_fd_sc_hd__xnor2_2)
                                                         _03950_ (net)
                      0.055544    0.000000   11.793073 v _10226_/A (sky130_fd_sc_hd__xor2_2)
     4    0.012157    0.062891    0.131843   11.924915 v _10226_/X (sky130_fd_sc_hd__xor2_2)
                                                         _03952_ (net)
                      0.062891    0.000000   11.924915 v _10229_/B (sky130_fd_sc_hd__nand2_2)
     2    0.006064    0.042575    0.061327   11.986242 ^ _10229_/Y (sky130_fd_sc_hd__nand2_2)
                                                         _03955_ (net)
                      0.042575    0.000000   11.986242 ^ _10236_/B1_N (sky130_fd_sc_hd__a21bo_2)
     1    0.002268    0.024620    0.099633   12.085876 v _10236_/X (sky130_fd_sc_hd__a21bo_2)
                                                         _03961_ (net)
                      0.024620    0.000000   12.085876 v _10237_/B1 (sky130_fd_sc_hd__a31o_2)
     3    0.015102    0.050302    0.098568   12.184444 v _10237_/X (sky130_fd_sc_hd__a31o_2)
                                                         _03962_ (net)
                      0.050302    0.000000   12.184444 v _10263_/A (sky130_fd_sc_hd__xor2_2)
     3    0.007035    0.054261    0.120171   12.304615 v _10263_/X (sky130_fd_sc_hd__xor2_2)
                                                         _03988_ (net)
                      0.054261    0.000000   12.304615 v _10265_/B (sky130_fd_sc_hd__or2_2)
     1    0.002262    0.035253    0.159979   12.464593 v _10265_/X (sky130_fd_sc_hd__or2_2)
                                                         _03990_ (net)
                      0.035253    0.000000   12.464593 v _10272_/A2 (sky130_fd_sc_hd__a31o_2)
     3    0.008795    0.039800    0.158292   12.622886 v _10272_/X (sky130_fd_sc_hd__a31o_2)
                                                         _03996_ (net)
                      0.039800    0.000000   12.622886 v _10324_/A1 (sky130_fd_sc_hd__a21o_2)
     2    0.003761    0.027262    0.118988   12.741874 v _10324_/X (sky130_fd_sc_hd__a21o_2)
                                                         _04047_ (net)
                      0.027262    0.000000   12.741874 v _10325_/B (sky130_fd_sc_hd__and2_2)
     3    0.012362    0.043421    0.133981   12.875854 v _10325_/X (sky130_fd_sc_hd__and2_2)
                                                         _04048_ (net)
                      0.043421    0.000000   12.875854 v _10363_/A2 (sky130_fd_sc_hd__o31ai_2)
     2    0.009835    0.209829    0.205837   13.081692 ^ _10363_/Y (sky130_fd_sc_hd__o31ai_2)
                                                         _04084_ (net)
                      0.209829    0.000000   13.081692 ^ _10364_/B (sky130_fd_sc_hd__nor2_2)
     3    0.007124    0.048288    0.024531   13.106223 v _10364_/Y (sky130_fd_sc_hd__nor2_2)
                                                         _04085_ (net)
                      0.048288    0.000000   13.106223 v _10370_/B (sky130_fd_sc_hd__or3_2)
     1    0.001549    0.046599    0.248559   13.354782 v _10370_/X (sky130_fd_sc_hd__or3_2)
                                                         _04090_ (net)
                      0.046599    0.000000   13.354782 v _10372_/B (sky130_fd_sc_hd__and3_2)
     1    0.001783    0.063681    0.118613   13.473394 v _10372_/X (sky130_fd_sc_hd__and3_2)
                                                         _00387_ (net)
                      0.063681    0.000000   13.473394 v _13253_/D (sky130_fd_sc_hd__dfxtp_2)
                                             13.473394   data arrival time

                      0.150000   20.000000   20.000000   clock clk (rise edge)
                                  0.000000   20.000000   clock network delay (ideal)
                                 -0.250000   19.750002   clock uncertainty
                                  0.000000   19.750002   clock reconvergence pessimism
                                             19.750002 ^ _13253_/CLK (sky130_fd_sc_hd__dfxtp_2)
                                 -0.071126   19.678877   library setup time
                                             19.678877   data required time
---------------------------------------------------------------------------------------------
                                             19.678877   data required time
                                            -13.473394   data arrival time
---------------------------------------------------------------------------------------------
                                              6.205482   slack (MET)




===========================================================================
report_checks --slack_max -0.01
============================================================================
======================= nom_ff_n40C_1v95 Corner ===================================

No paths found.


===========================================================================
 report_check_types -max_slew -max_cap -max_fanout -violators
============================================================================
======================= nom_ff_n40C_1v95 Corner ===================================

max slew

Pin                                        Limit        Slew       Slack
------------------------------------------------------------------------
control                                 0.750000    5.499298   -4.749298 (VIOLATED)
_06395_/A                               0.750000    5.499298   -4.749298 (VIOLATED)
_06469_/A_N                             0.750000    5.499298   -4.749298 (VIOLATED)
_06470_/A_N                             0.750000    5.499298   -4.749298 (VIOLATED)
_06471_/A_N                             0.750000    5.499298   -4.749298 (VIOLATED)
_06472_/A_N                             0.750000    5.499298   -4.749298 (VIOLATED)
_06477_/S                               0.750000    5.499298   -4.749298 (VIOLATED)
_06478_/S                               0.750000    5.499298   -4.749298 (VIOLATED)
_06479_/S                               0.750000    5.499298   -4.749298 (VIOLATED)
_06480_/S                               0.750000    5.499298   -4.749298 (VIOLATED)
_06481_/S                               0.750000    5.499298   -4.749298 (VIOLATED)
_06482_/S                               0.750000    5.499298   -4.749298 (VIOLATED)
_06483_/S                               0.750000    5.499298   -4.749298 (VIOLATED)
_06484_/S                               0.750000    5.499298   -4.749298 (VIOLATED)
_06485_/A_N                             0.750000    5.499298   -4.749298 (VIOLATED)
_06486_/A_N                             0.750000    5.499298   -4.749298 (VIOLATED)
_06487_/A_N                             0.750000    5.499298   -4.749298 (VIOLATED)
_06488_/A_N                             0.750000    5.499298   -4.749298 (VIOLATED)
_06489_/A_N                             0.750000    5.499298   -4.749298 (VIOLATED)
_06490_/A_N                             0.750000    5.499298   -4.749298 (VIOLATED)
_06491_/A_N                             0.750000    5.499298   -4.749298 (VIOLATED)
_06493_/S                               0.750000    5.499298   -4.749298 (VIOLATED)
_06494_/S                               0.750000    5.499298   -4.749298 (VIOLATED)
_06495_/S                               0.750000    5.499298   -4.749298 (VIOLATED)
_06496_/S                               0.750000    5.499298   -4.749298 (VIOLATED)
_06497_/S                               0.750000    5.499298   -4.749298 (VIOLATED)
_06498_/S                               0.750000    5.499298   -4.749298 (VIOLATED)
_06499_/S                               0.750000    5.499298   -4.749298 (VIOLATED)
_06500_/S                               0.750000    5.499298   -4.749298 (VIOLATED)
_06501_/A_N                             0.750000    5.499298   -4.749298 (VIOLATED)
_06502_/A_N                             0.750000    5.499298   -4.749298 (VIOLATED)
_06503_/A_N                             0.750000    5.499298   -4.749298 (VIOLATED)
_06504_/A_N                             0.750000    5.499298   -4.749298 (VIOLATED)
_06505_/A_N                             0.750000    5.499298   -4.749298 (VIOLATED)
_06506_/A_N                             0.750000    5.499298   -4.749298 (VIOLATED)
_06507_/A_N                             0.750000    5.499298   -4.749298 (VIOLATED)
_06509_/S                               0.750000    5.499298   -4.749298 (VIOLATED)
_06510_/S                               0.750000    5.499298   -4.749298 (VIOLATED)
_06511_/S                               0.750000    5.499298   -4.749298 (VIOLATED)
_06512_/S                               0.750000    5.499298   -4.749298 (VIOLATED)
_06513_/S                               0.750000    5.499298   -4.749298 (VIOLATED)
_06514_/S                               0.750000    5.499298   -4.749298 (VIOLATED)
_06515_/S                               0.750000    5.499298   -4.749298 (VIOLATED)
_06516_/S                               0.750000    5.499298   -4.749298 (VIOLATED)
_06517_/A_N                             0.750000    5.499298   -4.749298 (VIOLATED)
_06518_/A_N                             0.750000    5.499298   -4.749298 (VIOLATED)
_06519_/A_N                             0.750000    5.499298   -4.749298 (VIOLATED)
_06520_/A_N                             0.750000    5.499298   -4.749298 (VIOLATED)
_06521_/A_N                             0.750000    5.499298   -4.749298 (VIOLATED)
_06522_/A_N                             0.750000    5.499298   -4.749298 (VIOLATED)
_06523_/A_N                             0.750000    5.499298   -4.749298 (VIOLATED)
_06525_/S                               0.750000    5.499298   -4.749298 (VIOLATED)
_06526_/S                               0.750000    5.499298   -4.749298 (VIOLATED)
_06527_/S                               0.750000    5.499298   -4.749298 (VIOLATED)
_06528_/S                               0.750000    5.499298   -4.749298 (VIOLATED)
_06529_/S                               0.750000    5.499298   -4.749298 (VIOLATED)
_06530_/S                               0.750000    5.499298   -4.749298 (VIOLATED)
_06531_/S                               0.750000    5.499298   -4.749298 (VIOLATED)
_06532_/S                               0.750000    5.499298   -4.749298 (VIOLATED)
_06541_/S                               0.750000    5.499298   -4.749298 (VIOLATED)
_06542_/S                               0.750000    5.499298   -4.749298 (VIOLATED)
_06543_/S                               0.750000    5.499298   -4.749298 (VIOLATED)
_06544_/S                               0.750000    5.499298   -4.749298 (VIOLATED)
_06545_/S                               0.750000    5.499298   -4.749298 (VIOLATED)
_06546_/S                               0.750000    5.499298   -4.749298 (VIOLATED)
_06547_/S                               0.750000    5.499298   -4.749298 (VIOLATED)
_06548_/S                               0.750000    5.499298   -4.749298 (VIOLATED)
_06557_/S                               0.750000    5.499298   -4.749298 (VIOLATED)
_06558_/S                               0.750000    5.499298   -4.749298 (VIOLATED)
_06559_/S                               0.750000    5.499298   -4.749298 (VIOLATED)
_06560_/S                               0.750000    5.499298   -4.749298 (VIOLATED)
_06561_/S                               0.750000    5.499298   -4.749298 (VIOLATED)
_06562_/S                               0.750000    5.499298   -4.749298 (VIOLATED)
_06563_/S                               0.750000    5.499298   -4.749298 (VIOLATED)
_06564_/S                               0.750000    5.499298   -4.749298 (VIOLATED)
_06573_/S                               0.750000    5.499298   -4.749298 (VIOLATED)
_06574_/S                               0.750000    5.499298   -4.749298 (VIOLATED)
_06575_/S                               0.750000    5.499298   -4.749298 (VIOLATED)
_06576_/S                               0.750000    5.499298   -4.749298 (VIOLATED)
_06577_/S                               0.750000    5.499298   -4.749298 (VIOLATED)
_06578_/S                               0.750000    5.499298   -4.749298 (VIOLATED)
_06579_/S                               0.750000    5.499298   -4.749298 (VIOLATED)
_06580_/S                               0.750000    5.499298   -4.749298 (VIOLATED)
_06589_/S                               0.750000    5.499298   -4.749298 (VIOLATED)
_06590_/S                               0.750000    5.499298   -4.749298 (VIOLATED)
_06591_/S                               0.750000    5.499298   -4.749298 (VIOLATED)
_06592_/S                               0.750000    5.499298   -4.749298 (VIOLATED)
_06593_/S                               0.750000    5.499298   -4.749298 (VIOLATED)
_06594_/S                               0.750000    5.499298   -4.749298 (VIOLATED)
_06595_/S                               0.750000    5.499298   -4.749298 (VIOLATED)
_06596_/S                               0.750000    5.499298   -4.749298 (VIOLATED)
_06605_/S                               0.750000    5.499298   -4.749298 (VIOLATED)
_06606_/S                               0.750000    5.499298   -4.749298 (VIOLATED)
_06607_/S                               0.750000    5.499298   -4.749298 (VIOLATED)
_06608_/S                               0.750000    5.499298   -4.749298 (VIOLATED)
_06609_/S                               0.750000    5.499298   -4.749298 (VIOLATED)
_06610_/S                               0.750000    5.499298   -4.749298 (VIOLATED)
_06611_/S                               0.750000    5.499298   -4.749298 (VIOLATED)
_06612_/S                               0.750000    5.499298   -4.749298 (VIOLATED)
_06621_/S                               0.750000    5.499298   -4.749298 (VIOLATED)
_06622_/S                               0.750000    5.499298   -4.749298 (VIOLATED)
_06623_/S                               0.750000    5.499298   -4.749298 (VIOLATED)
_06624_/S                               0.750000    5.499298   -4.749298 (VIOLATED)
_06625_/S                               0.750000    5.499298   -4.749298 (VIOLATED)
_06626_/S                               0.750000    5.499298   -4.749298 (VIOLATED)
_06627_/S                               0.750000    5.499298   -4.749298 (VIOLATED)
_06628_/S                               0.750000    5.499298   -4.749298 (VIOLATED)
_06637_/S                               0.750000    5.499298   -4.749298 (VIOLATED)
_06638_/S                               0.750000    5.499298   -4.749298 (VIOLATED)
_06639_/S                               0.750000    5.499298   -4.749298 (VIOLATED)
_06640_/S                               0.750000    5.499298   -4.749298 (VIOLATED)
_06641_/S                               0.750000    5.499298   -4.749298 (VIOLATED)
_06642_/S                               0.750000    5.499298   -4.749298 (VIOLATED)
_06643_/S                               0.750000    5.499298   -4.749298 (VIOLATED)
_06644_/S                               0.750000    5.499298   -4.749298 (VIOLATED)
_06653_/S                               0.750000    5.499298   -4.749298 (VIOLATED)
_06654_/S                               0.750000    5.499298   -4.749298 (VIOLATED)
_06655_/S                               0.750000    5.499298   -4.749298 (VIOLATED)
_06656_/S                               0.750000    5.499298   -4.749298 (VIOLATED)
_06657_/S                               0.750000    5.499298   -4.749298 (VIOLATED)
_06658_/S                               0.750000    5.499298   -4.749298 (VIOLATED)
_06659_/S                               0.750000    5.499298   -4.749298 (VIOLATED)
_06660_/S                               0.750000    5.499298   -4.749298 (VIOLATED)
_06661_/S                               0.750000    5.499298   -4.749298 (VIOLATED)
_06662_/S                               0.750000    5.499298   -4.749298 (VIOLATED)
_06663_/S                               0.750000    5.499298   -4.749298 (VIOLATED)
_06664_/S                               0.750000    5.499298   -4.749298 (VIOLATED)
_06665_/S                               0.750000    5.499298   -4.749298 (VIOLATED)
_06666_/S                               0.750000    5.499298   -4.749298 (VIOLATED)
_06667_/S                               0.750000    5.499298   -4.749298 (VIOLATED)
_06668_/S                               0.750000    5.499298   -4.749298 (VIOLATED)
_06669_/S                               0.750000    5.499298   -4.749298 (VIOLATED)
_06670_/S                               0.750000    5.499298   -4.749298 (VIOLATED)
_06671_/S                               0.750000    5.499298   -4.749298 (VIOLATED)
_06672_/S                               0.750000    5.499298   -4.749298 (VIOLATED)
_06673_/S                               0.750000    5.499298   -4.749298 (VIOLATED)
_06674_/S                               0.750000    5.499298   -4.749298 (VIOLATED)
_06675_/S                               0.750000    5.499298   -4.749298 (VIOLATED)
_06676_/S                               0.750000    5.499298   -4.749298 (VIOLATED)
_06677_/S                               0.750000    5.499298   -4.749298 (VIOLATED)
_06678_/S                               0.750000    5.499298   -4.749298 (VIOLATED)
_06679_/S                               0.750000    5.499298   -4.749298 (VIOLATED)
_06680_/S                               0.750000    5.499298   -4.749298 (VIOLATED)
_06681_/S                               0.750000    5.499298   -4.749298 (VIOLATED)
_06682_/S                               0.750000    5.499298   -4.749298 (VIOLATED)
_06683_/S                               0.750000    5.499298   -4.749298 (VIOLATED)
_06684_/S                               0.750000    5.499298   -4.749298 (VIOLATED)
_06685_/S                               0.750000    5.499298   -4.749298 (VIOLATED)
_06686_/S                               0.750000    5.499298   -4.749298 (VIOLATED)
_06687_/S                               0.750000    5.499298   -4.749298 (VIOLATED)
_06688_/S                               0.750000    5.499298   -4.749298 (VIOLATED)
_06689_/S                               0.750000    5.499298   -4.749298 (VIOLATED)
_06690_/S                               0.750000    5.499298   -4.749298 (VIOLATED)
_06691_/S                               0.750000    5.499298   -4.749298 (VIOLATED)
_06692_/S                               0.750000    5.499298   -4.749298 (VIOLATED)
_06698_/A_N                             0.750000    5.499298   -4.749298 (VIOLATED)
_06704_/A                               0.750000    5.499298   -4.749298 (VIOLATED)
_06706_/A_N                             0.750000    5.499298   -4.749298 (VIOLATED)
_06720_/A                               0.750000    5.499298   -4.749298 (VIOLATED)
_06721_/A_N                             0.750000    5.499298   -4.749298 (VIOLATED)
_06722_/A_N                             0.750000    5.499298   -4.749298 (VIOLATED)
_06723_/A_N                             0.750000    5.499298   -4.749298 (VIOLATED)
_06725_/A_N                             0.750000    5.499298   -4.749298 (VIOLATED)
_06737_/B1                              0.750000    5.499298   -4.749298 (VIOLATED)
_06740_/A_N                             0.750000    5.499298   -4.749298 (VIOLATED)
_06741_/A_N                             0.750000    5.499298   -4.749298 (VIOLATED)
_06742_/A_N                             0.750000    5.499298   -4.749298 (VIOLATED)
_06743_/A_N                             0.750000    5.499298   -4.749298 (VIOLATED)
_06767_/B1                              0.750000    5.499298   -4.749298 (VIOLATED)
_06772_/A_N                             0.750000    5.499298   -4.749298 (VIOLATED)
_06774_/A_N                             0.750000    5.499298   -4.749298 (VIOLATED)
_06805_/A_N                             0.750000    5.499298   -4.749298 (VIOLATED)
_06809_/A_N                             0.750000    5.499298   -4.749298 (VIOLATED)
_06836_/B1                              0.750000    5.499298   -4.749298 (VIOLATED)
_06843_/A_N                             0.750000    5.499298   -4.749298 (VIOLATED)
_06845_/A_N                             0.750000    5.499298   -4.749298 (VIOLATED)
_06878_/B1                              0.750000    5.499298   -4.749298 (VIOLATED)
_06886_/A_N                             0.750000    5.499298   -4.749298 (VIOLATED)
_06888_/A_N                             0.750000    5.499298   -4.749298 (VIOLATED)
_06925_/A_N                             0.750000    5.499298   -4.749298 (VIOLATED)
_06955_/B1                              0.750000    5.499298   -4.749298 (VIOLATED)
_07048_/B1                              0.750000    5.499298   -4.749298 (VIOLATED)
_07069_/B1                              0.750000    5.499298   -4.749298 (VIOLATED)
_07082_/B1                              0.750000    5.499298   -4.749298 (VIOLATED)
_07092_/B1                              0.750000    5.499298   -4.749298 (VIOLATED)
_07096_/A                               0.750000    5.499298   -4.749298 (VIOLATED)
_07104_/A                               0.750000    5.499298   -4.749298 (VIOLATED)
_07105_/A1                              0.750000    5.499298   -4.749298 (VIOLATED)
_07108_/A                               0.750000    5.499298   -4.749298 (VIOLATED)
_07117_/A1                              0.750000    5.499298   -4.749298 (VIOLATED)
_07118_/A                               0.750000    5.499298   -4.749298 (VIOLATED)
_07123_/A                               0.750000    5.499298   -4.749298 (VIOLATED)
_07144_/B1                              0.750000    5.499298   -4.749298 (VIOLATED)
_07161_/B1                              0.750000    5.499298   -4.749298 (VIOLATED)
_07168_/A                               0.750000    5.499298   -4.749298 (VIOLATED)
_07197_/A                               0.750000    5.499298   -4.749298 (VIOLATED)
_07200_/A1                              0.750000    5.499298   -4.749298 (VIOLATED)
_07202_/A                               0.750000    5.499298   -4.749298 (VIOLATED)
_07234_/A1                              0.750000    5.499298   -4.749298 (VIOLATED)
_07235_/A                               0.750000    5.499298   -4.749298 (VIOLATED)
_07238_/B1                              0.750000    5.499298   -4.749298 (VIOLATED)
_07320_/A1                              0.750000    5.499298   -4.749298 (VIOLATED)
_07321_/A                               0.750000    5.499298   -4.749298 (VIOLATED)
_07360_/D1                              0.750000    5.499298   -4.749298 (VIOLATED)
_07392_/A                               0.750000    5.499298   -4.749298 (VIOLATED)
_07396_/B1                              0.750000    5.499298   -4.749298 (VIOLATED)
_07424_/B1                              0.750000    5.499298   -4.749298 (VIOLATED)
_07449_/B1                              0.750000    5.499298   -4.749298 (VIOLATED)
_07454_/B1                              0.750000    5.499298   -4.749298 (VIOLATED)
_07471_/B1                              0.750000    5.499298   -4.749298 (VIOLATED)
_07476_/B1                              0.750000    5.499298   -4.749298 (VIOLATED)
_07498_/B1                              0.750000    5.499298   -4.749298 (VIOLATED)
_07507_/B1                              0.750000    5.499298   -4.749298 (VIOLATED)
_07518_/A                               0.750000    5.499298   -4.749298 (VIOLATED)
_07519_/A1                              0.750000    5.499298   -4.749298 (VIOLATED)
_07522_/A                               0.750000    5.499298   -4.749298 (VIOLATED)
_07531_/A1                              0.750000    5.499298   -4.749298 (VIOLATED)
_07532_/A                               0.750000    5.499298   -4.749298 (VIOLATED)
_07537_/A                               0.750000    5.499298   -4.749298 (VIOLATED)
_07551_/A                               0.750000    5.499298   -4.749298 (VIOLATED)
_07554_/B1                              0.750000    5.499298   -4.749298 (VIOLATED)
_07580_/B1                              0.750000    5.499298   -4.749298 (VIOLATED)
_07610_/B1                              0.750000    5.499298   -4.749298 (VIOLATED)
_07614_/B1                              0.750000    5.499298   -4.749298 (VIOLATED)
_07697_/A                               0.750000    5.499298   -4.749298 (VIOLATED)
_07777_/B1                              0.750000    5.499298   -4.749298 (VIOLATED)
_07805_/A                               0.750000    5.499298   -4.749298 (VIOLATED)
_07836_/A1                              0.750000    5.499298   -4.749298 (VIOLATED)
_07838_/B                               0.750000    5.499298   -4.749298 (VIOLATED)
_07868_/A                               0.750000    5.499298   -4.749298 (VIOLATED)
_07891_/A                               0.750000    5.499298   -4.749298 (VIOLATED)
_07900_/A                               0.750000    5.499298   -4.749298 (VIOLATED)
_07901_/A1                              0.750000    5.499298   -4.749298 (VIOLATED)
_07906_/A                               0.750000    5.499298   -4.749298 (VIOLATED)
_07916_/B1                              0.750000    5.499298   -4.749298 (VIOLATED)
_07922_/A                               0.750000    5.499298   -4.749298 (VIOLATED)
_07925_/A                               0.750000    5.499298   -4.749298 (VIOLATED)
_07932_/A                               0.750000    5.499298   -4.749298 (VIOLATED)
_07933_/A1                              0.750000    5.499298   -4.749298 (VIOLATED)
_07936_/A                               0.750000    5.499298   -4.749298 (VIOLATED)
_07945_/A1                              0.750000    5.499298   -4.749298 (VIOLATED)
_07946_/A                               0.750000    5.499298   -4.749298 (VIOLATED)
_07951_/A                               0.750000    5.499298   -4.749298 (VIOLATED)
_07965_/A                               0.750000    5.499298   -4.749298 (VIOLATED)
_07968_/B1                              0.750000    5.499298   -4.749298 (VIOLATED)
_07995_/A                               0.750000    5.499298   -4.749298 (VIOLATED)
_08028_/B1                              0.750000    5.499298   -4.749298 (VIOLATED)
_08064_/A                               0.750000    5.499298   -4.749298 (VIOLATED)
_08107_/B1                              0.750000    5.499298   -4.749298 (VIOLATED)
_08187_/A                               0.750000    5.499298   -4.749298 (VIOLATED)
_08193_/A                               0.750000    5.499298   -4.749298 (VIOLATED)
_08219_/A1                              0.750000    5.499298   -4.749298 (VIOLATED)
_08220_/A                               0.750000    5.499298   -4.749298 (VIOLATED)
_08250_/B1                              0.750000    5.499298   -4.749298 (VIOLATED)
_08255_/B1                              0.750000    5.499298   -4.749298 (VIOLATED)
_08302_/A                               0.750000    5.499298   -4.749298 (VIOLATED)
_08308_/B1                              0.750000    5.499298   -4.749298 (VIOLATED)
_08324_/A                               0.750000    5.499298   -4.749298 (VIOLATED)
_08327_/B1                              0.750000    5.499298   -4.749298 (VIOLATED)
_08334_/A                               0.750000    5.499298   -4.749298 (VIOLATED)
_08340_/A                               0.750000    5.499298   -4.749298 (VIOLATED)
_08344_/A                               0.750000    5.499298   -4.749298 (VIOLATED)
_08356_/A                               0.750000    5.499298   -4.749298 (VIOLATED)
_08371_/A                               0.750000    5.499298   -4.749298 (VIOLATED)
_08388_/B1                              0.750000    5.499298   -4.749298 (VIOLATED)
_08391_/A_N                             0.750000    5.499298   -4.749298 (VIOLATED)
_08392_/A_N                             0.750000    5.499298   -4.749298 (VIOLATED)
_08413_/B1                              0.750000    5.499298   -4.749298 (VIOLATED)
_08418_/A_N                             0.750000    5.499298   -4.749298 (VIOLATED)
_08420_/A_N                             0.750000    5.499298   -4.749298 (VIOLATED)
_08452_/A_N                             0.750000    5.499298   -4.749298 (VIOLATED)
_08456_/A_N                             0.750000    5.499298   -4.749298 (VIOLATED)
_08481_/B1                              0.750000    5.499298   -4.749298 (VIOLATED)
_08486_/A_N                             0.750000    5.499298   -4.749298 (VIOLATED)
_08487_/A_N                             0.750000    5.499298   -4.749298 (VIOLATED)
_08519_/B1                              0.750000    5.499298   -4.749298 (VIOLATED)
_08527_/A_N                             0.750000    5.499298   -4.749298 (VIOLATED)
_08529_/A_N                             0.750000    5.499298   -4.749298 (VIOLATED)
_08558_/B1                              0.750000    5.499298   -4.749298 (VIOLATED)
_08566_/A_N                             0.750000    5.499298   -4.749298 (VIOLATED)
_08594_/B1                              0.750000    5.499298   -4.749298 (VIOLATED)
_08660_/B1                              0.750000    5.499298   -4.749298 (VIOLATED)
_08687_/B1                              0.750000    5.499298   -4.749298 (VIOLATED)
_08710_/A                               0.750000    5.499298   -4.749298 (VIOLATED)
_08735_/B1                              0.750000    5.499298   -4.749298 (VIOLATED)
_08747_/A                               0.750000    5.499298   -4.749298 (VIOLATED)
_08748_/A1                              0.750000    5.499298   -4.749298 (VIOLATED)
_08751_/A                               0.750000    5.499298   -4.749298 (VIOLATED)
_08760_/A1                              0.750000    5.499298   -4.749298 (VIOLATED)
_08761_/A                               0.750000    5.499298   -4.749298 (VIOLATED)
_08766_/A                               0.750000    5.499298   -4.749298 (VIOLATED)
_08780_/A                               0.750000    5.499298   -4.749298 (VIOLATED)
_08783_/B1                              0.750000    5.499298   -4.749298 (VIOLATED)
_08810_/B1                              0.750000    5.499298   -4.749298 (VIOLATED)
_08839_/A                               0.750000    5.499298   -4.749298 (VIOLATED)
_08841_/A1                              0.750000    5.499298   -4.749298 (VIOLATED)
_08845_/A                               0.750000    5.499298   -4.749298 (VIOLATED)
_08883_/A                               0.750000    5.499298   -4.749298 (VIOLATED)
_08926_/B1                              0.750000    5.499298   -4.749298 (VIOLATED)
_08963_/A1                              0.750000    5.499298   -4.749298 (VIOLATED)
_08964_/A                               0.750000    5.499298   -4.749298 (VIOLATED)
_08965_/A                               0.750000    5.499298   -4.749298 (VIOLATED)
_08969_/A                               0.750000    5.499298   -4.749298 (VIOLATED)
_09037_/A                               0.750000    5.499298   -4.749298 (VIOLATED)
_09041_/B1                              0.750000    5.499298   -4.749298 (VIOLATED)
_09068_/A                               0.750000    5.499298   -4.749298 (VIOLATED)
_09072_/B1                              0.750000    5.499298   -4.749298 (VIOLATED)
_09095_/A                               0.750000    5.499298   -4.749298 (VIOLATED)
_09096_/A1                              0.750000    5.499298   -4.749298 (VIOLATED)
_09099_/B1                              0.750000    5.499298   -4.749298 (VIOLATED)
_09118_/A1                              0.750000    5.499298   -4.749298 (VIOLATED)
_09119_/A                               0.750000    5.499298   -4.749298 (VIOLATED)
_09121_/B1                              0.750000    5.499298   -4.749298 (VIOLATED)
_09140_/A                               0.750000    5.499298   -4.749298 (VIOLATED)
_09141_/A1                              0.750000    5.499298   -4.749298 (VIOLATED)
_09144_/B1                              0.750000    5.499298   -4.749298 (VIOLATED)
_09156_/A                               0.750000    5.499298   -4.749298 (VIOLATED)
_09157_/A1                              0.750000    5.499298   -4.749298 (VIOLATED)
_09160_/A                               0.750000    5.499298   -4.749298 (VIOLATED)
_09169_/A1                              0.750000    5.499298   -4.749298 (VIOLATED)
_09170_/A                               0.750000    5.499298   -4.749298 (VIOLATED)
_09175_/A                               0.750000    5.499298   -4.749298 (VIOLATED)
_09189_/A                               0.750000    5.499298   -4.749298 (VIOLATED)
_09192_/B1                              0.750000    5.499298   -4.749298 (VIOLATED)
_09219_/B1                              0.750000    5.499298   -4.749298 (VIOLATED)
_09248_/A                               0.750000    5.499298   -4.749298 (VIOLATED)
_09250_/A1                              0.750000    5.499298   -4.749298 (VIOLATED)
_09254_/A                               0.750000    5.499298   -4.749298 (VIOLATED)
_09370_/A1                              0.750000    5.499298   -4.749298 (VIOLATED)
_09371_/A                               0.750000    5.499298   -4.749298 (VIOLATED)
_09446_/A1                              0.750000    5.499298   -4.749298 (VIOLATED)
_09447_/A                               0.750000    5.499298   -4.749298 (VIOLATED)
_09450_/B1                              0.750000    5.499298   -4.749298 (VIOLATED)
_09478_/A                               0.750000    5.499298   -4.749298 (VIOLATED)
_09483_/B1                              0.750000    5.499298   -4.749298 (VIOLATED)
_09507_/A                               0.750000    5.499298   -4.749298 (VIOLATED)
_09511_/B1                              0.750000    5.499298   -4.749298 (VIOLATED)
_09529_/A                               0.750000    5.499298   -4.749298 (VIOLATED)
_09533_/B1                              0.750000    5.499298   -4.749298 (VIOLATED)
_09543_/B1                              0.750000    5.499298   -4.749298 (VIOLATED)
_09557_/B1                              0.750000    5.499298   -4.749298 (VIOLATED)
_09569_/A                               0.750000    5.499298   -4.749298 (VIOLATED)
_09570_/A1                              0.750000    5.499298   -4.749298 (VIOLATED)
_09573_/A                               0.750000    5.499298   -4.749298 (VIOLATED)
_09582_/A1                              0.750000    5.499298   -4.749298 (VIOLATED)
_09583_/A                               0.750000    5.499298   -4.749298 (VIOLATED)
_09588_/A                               0.750000    5.499298   -4.749298 (VIOLATED)
_09602_/A                               0.750000    5.499298   -4.749298 (VIOLATED)
_09605_/B1                              0.750000    5.499298   -4.749298 (VIOLATED)
_09633_/A                               0.750000    5.499298   -4.749298 (VIOLATED)
_09704_/A                               0.750000    5.499298   -4.749298 (VIOLATED)
_09749_/A                               0.750000    5.499298   -4.749298 (VIOLATED)
_09785_/A1                              0.750000    5.499298   -4.749298 (VIOLATED)
_09786_/A_N                             0.750000    5.499298   -4.749298 (VIOLATED)
_09787_/A                               0.750000    5.499298   -4.749298 (VIOLATED)
_09791_/A                               0.750000    5.499298   -4.749298 (VIOLATED)
_09824_/C1                              0.750000    5.499298   -4.749298 (VIOLATED)
_09863_/B1                              0.750000    5.499298   -4.749298 (VIOLATED)
_09890_/D1                              0.750000    5.499298   -4.749298 (VIOLATED)
_09895_/B1                              0.750000    5.499298   -4.749298 (VIOLATED)
_09921_/B1                              0.750000    5.499298   -4.749298 (VIOLATED)
_09939_/B1                              0.750000    5.499298   -4.749298 (VIOLATED)
_09957_/B1                              0.750000    5.499298   -4.749298 (VIOLATED)
_09965_/B1                              0.750000    5.499298   -4.749298 (VIOLATED)
_09971_/A                               0.750000    5.499298   -4.749298 (VIOLATED)
_09977_/A_N                             0.750000    5.499298   -4.749298 (VIOLATED)
_09983_/A                               0.750000    5.499298   -4.749298 (VIOLATED)
_09985_/A_N                             0.750000    5.499298   -4.749298 (VIOLATED)
_09999_/A                               0.750000    5.499298   -4.749298 (VIOLATED)
_10000_/A_N                             0.750000    5.499298   -4.749298 (VIOLATED)
_10001_/A_N                             0.750000    5.499298   -4.749298 (VIOLATED)
_10002_/A_N                             0.750000    5.499298   -4.749298 (VIOLATED)
_10004_/A_N                             0.750000    5.499298   -4.749298 (VIOLATED)
_10016_/B1                              0.750000    5.499298   -4.749298 (VIOLATED)
_10019_/A_N                             0.750000    5.499298   -4.749298 (VIOLATED)
_10020_/A_N                             0.750000    5.499298   -4.749298 (VIOLATED)
_10021_/A_N                             0.750000    5.499298   -4.749298 (VIOLATED)
_10022_/A_N                             0.750000    5.499298   -4.749298 (VIOLATED)
_10051_/A_N                             0.750000    5.499298   -4.749298 (VIOLATED)
_10053_/A_N                             0.750000    5.499298   -4.749298 (VIOLATED)
_10081_/B1                              0.750000    5.499298   -4.749298 (VIOLATED)
_10089_/A_N                             0.750000    5.499298   -4.749298 (VIOLATED)
_10115_/B1                              0.750000    5.499298   -4.749298 (VIOLATED)
_10121_/A_N                             0.750000    5.499298   -4.749298 (VIOLATED)
_10122_/A_N                             0.750000    5.499298   -4.749298 (VIOLATED)
_10123_/A_N                             0.750000    5.499298   -4.749298 (VIOLATED)
_10124_/A_N                             0.750000    5.499298   -4.749298 (VIOLATED)
_10156_/B1                              0.750000    5.499298   -4.749298 (VIOLATED)
_10164_/A_N                             0.750000    5.499298   -4.749298 (VIOLATED)
_10166_/A_N                             0.750000    5.499298   -4.749298 (VIOLATED)
_10195_/B1                              0.750000    5.499298   -4.749298 (VIOLATED)
_10209_/A_N                             0.750000    5.499298   -4.749298 (VIOLATED)
_10234_/B1                              0.750000    5.499298   -4.749298 (VIOLATED)
_10270_/B1                              0.750000    5.499298   -4.749298 (VIOLATED)
_10297_/B1                              0.750000    5.499298   -4.749298 (VIOLATED)
_10326_/A                               0.750000    5.499298   -4.749298 (VIOLATED)
_10348_/B1                              0.750000    5.499298   -4.749298 (VIOLATED)
_10365_/A                               0.750000    5.499298   -4.749298 (VIOLATED)
_10380_/A                               0.750000    5.499298   -4.749298 (VIOLATED)
_10381_/A1                              0.750000    5.499298   -4.749298 (VIOLATED)
_10384_/A                               0.750000    5.499298   -4.749298 (VIOLATED)
_10393_/A1                              0.750000    5.499298   -4.749298 (VIOLATED)
_10394_/A                               0.750000    5.499298   -4.749298 (VIOLATED)
_10399_/A                               0.750000    5.499298   -4.749298 (VIOLATED)
_10413_/A                               0.750000    5.499298   -4.749298 (VIOLATED)
_10416_/B1                              0.750000    5.499298   -4.749298 (VIOLATED)
_10443_/B1                              0.750000    5.499298   -4.749298 (VIOLATED)
_10472_/A                               0.750000    5.499298   -4.749298 (VIOLATED)
_10474_/A1                              0.750000    5.499298   -4.749298 (VIOLATED)
_10478_/A                               0.750000    5.499298   -4.749298 (VIOLATED)
_10553_/B1                              0.750000    5.499298   -4.749298 (VIOLATED)
_10632_/C1                              0.750000    5.499298   -4.749298 (VIOLATED)
_10665_/A1                              0.750000    5.499298   -4.749298 (VIOLATED)
_10666_/A                               0.750000    5.499298   -4.749298 (VIOLATED)
_10669_/B1                              0.750000    5.499298   -4.749298 (VIOLATED)
_10697_/C1                              0.750000    5.499298   -4.749298 (VIOLATED)
_10701_/B1                              0.750000    5.499298   -4.749298 (VIOLATED)
_10725_/B1                              0.750000    5.499298   -4.749298 (VIOLATED)
_10742_/A1                              0.750000    5.499298   -4.749298 (VIOLATED)
_10743_/A                               0.750000    5.499298   -4.749298 (VIOLATED)
_10746_/B1                              0.750000    5.499298   -4.749298 (VIOLATED)
_10763_/B1                              0.750000    5.499298   -4.749298 (VIOLATED)
_10766_/B1                              0.750000    5.499298   -4.749298 (VIOLATED)
_10776_/A                               0.750000    5.499298   -4.749298 (VIOLATED)
_10777_/A1                              0.750000    5.499298   -4.749298 (VIOLATED)
_10780_/A                               0.750000    5.499298   -4.749298 (VIOLATED)
_10789_/A1                              0.750000    5.499298   -4.749298 (VIOLATED)
_10790_/A                               0.750000    5.499298   -4.749298 (VIOLATED)
_10795_/A                               0.750000    5.499298   -4.749298 (VIOLATED)
_10815_/B1                              0.750000    5.499298   -4.749298 (VIOLATED)
_10833_/B1                              0.750000    5.499298   -4.749298 (VIOLATED)
_10838_/A                               0.750000    5.499298   -4.749298 (VIOLATED)
_10871_/B1                              0.750000    5.499298   -4.749298 (VIOLATED)
_10901_/A1                              0.750000    5.499298   -4.749298 (VIOLATED)
_10902_/A                               0.750000    5.499298   -4.749298 (VIOLATED)
_10905_/B1                              0.750000    5.499298   -4.749298 (VIOLATED)
_10942_/A1                              0.750000    5.499298   -4.749298 (VIOLATED)
_10943_/A                               0.750000    5.499298   -4.749298 (VIOLATED)
_10946_/B1                              0.750000    5.499298   -4.749298 (VIOLATED)
_10982_/A1                              0.750000    5.499298   -4.749298 (VIOLATED)
_10983_/A                               0.750000    5.499298   -4.749298 (VIOLATED)
_10986_/B1                              0.750000    5.499298   -4.749298 (VIOLATED)
_11022_/B1                              0.750000    5.499298   -4.749298 (VIOLATED)
_11049_/A1                              0.750000    5.499298   -4.749298 (VIOLATED)
_11050_/A                               0.750000    5.499298   -4.749298 (VIOLATED)
_11053_/B1                              0.750000    5.499298   -4.749298 (VIOLATED)
_11085_/B1                              0.750000    5.499298   -4.749298 (VIOLATED)
_11109_/A                               0.750000    5.499298   -4.749298 (VIOLATED)
_11110_/A1                              0.750000    5.499298   -4.749298 (VIOLATED)
_11113_/B1                              0.750000    5.499298   -4.749298 (VIOLATED)
_11135_/A                               0.750000    5.499298   -4.749298 (VIOLATED)
_11143_/B1                              0.750000    5.499298   -4.749298 (VIOLATED)
_11152_/B1                              0.750000    5.499298   -4.749298 (VIOLATED)
_11155_/B1                              0.750000    5.499298   -4.749298 (VIOLATED)
_11165_/A                               0.750000    5.499298   -4.749298 (VIOLATED)
_11166_/A1                              0.750000    5.499298   -4.749298 (VIOLATED)
_11169_/A                               0.750000    5.499298   -4.749298 (VIOLATED)
_11178_/A1                              0.750000    5.499298   -4.749298 (VIOLATED)
_11179_/A                               0.750000    5.499298   -4.749298 (VIOLATED)
_11184_/A                               0.750000    5.499298   -4.749298 (VIOLATED)
_11203_/B1                              0.750000    5.499298   -4.749298 (VIOLATED)
_11221_/B1                              0.750000    5.499298   -4.749298 (VIOLATED)
_11229_/A                               0.750000    5.499298   -4.749298 (VIOLATED)
_11262_/B1                              0.750000    5.499298   -4.749298 (VIOLATED)
_11292_/A1                              0.750000    5.499298   -4.749298 (VIOLATED)
_11293_/A                               0.750000    5.499298   -4.749298 (VIOLATED)
_11296_/B1                              0.750000    5.499298   -4.749298 (VIOLATED)
_11337_/A1                              0.750000    5.499298   -4.749298 (VIOLATED)
_11338_/A                               0.750000    5.499298   -4.749298 (VIOLATED)
_11341_/B1                              0.750000    5.499298   -4.749298 (VIOLATED)
_11377_/A1                              0.750000    5.499298   -4.749298 (VIOLATED)
_11378_/A                               0.750000    5.499298   -4.749298 (VIOLATED)
_11381_/B1                              0.750000    5.499298   -4.749298 (VIOLATED)
_11417_/B1                              0.750000    5.499298   -4.749298 (VIOLATED)
_11445_/A1                              0.750000    5.499298   -4.749298 (VIOLATED)
_11446_/A                               0.750000    5.499298   -4.749298 (VIOLATED)
_11449_/B1                              0.750000    5.499298   -4.749298 (VIOLATED)
_11478_/C1                              0.750000    5.499298   -4.749298 (VIOLATED)
_11482_/B1                              0.750000    5.499298   -4.749298 (VIOLATED)
_11506_/B1                              0.750000    5.499298   -4.749298 (VIOLATED)
_11511_/B1                              0.750000    5.499298   -4.749298 (VIOLATED)
_11530_/A1                              0.750000    5.499298   -4.749298 (VIOLATED)
_11531_/A                               0.750000    5.499298   -4.749298 (VIOLATED)
_11534_/A                               0.750000    5.499298   -4.749298 (VIOLATED)
_11551_/B1                              0.750000    5.499298   -4.749298 (VIOLATED)
_11554_/B1                              0.750000    5.499298   -4.749298 (VIOLATED)
_11586_/A_N                             0.750000    5.499298   -4.749298 (VIOLATED)
_11587_/A_N                             0.750000    5.499298   -4.749298 (VIOLATED)
_11864_/A                               0.750000    5.499298   -4.749298 (VIOLATED)
_11905_/B1                              0.750000    5.499298   -4.749298 (VIOLATED)
_11933_/A                               0.750000    5.499298   -4.749298 (VIOLATED)
_11967_/A                               0.750000    5.499298   -4.749298 (VIOLATED)
_12006_/A                               0.750000    5.499298   -4.749298 (VIOLATED)
_12077_/B1                              0.750000    5.499298   -4.749298 (VIOLATED)
_12104_/A                               0.750000    5.499298   -4.749298 (VIOLATED)
_12128_/A                               0.750000    5.499298   -4.749298 (VIOLATED)
_12149_/A                               0.750000    5.499298   -4.749298 (VIOLATED)
_12169_/B1                              0.750000    5.499298   -4.749298 (VIOLATED)
_12177_/A                               0.750000    5.499298   -4.749298 (VIOLATED)
_12200_/B1                              0.750000    5.499298   -4.749298 (VIOLATED)
_12222_/A                               0.750000    5.499298   -4.749298 (VIOLATED)
_12319_/A                               0.750000    5.499298   -4.749298 (VIOLATED)
_12387_/B1                              0.750000    5.499298   -4.749298 (VIOLATED)
_12437_/A                               0.750000    5.499298   -4.749298 (VIOLATED)
_12460_/A                               0.750000    5.499298   -4.749298 (VIOLATED)
_12475_/A                               0.750000    5.499298   -4.749298 (VIOLATED)
_12485_/B1                              0.750000    5.499298   -4.749298 (VIOLATED)
_12489_/A                               0.750000    5.499298   -4.749298 (VIOLATED)
_12529_/B1                              0.750000    5.499298   -4.749298 (VIOLATED)
_12625_/A                               0.750000    5.499298   -4.749298 (VIOLATED)
_12691_/B1                              0.750000    5.499298   -4.749298 (VIOLATED)
_12741_/A                               0.750000    5.499298   -4.749298 (VIOLATED)
_12764_/A                               0.750000    5.499298   -4.749298 (VIOLATED)
_12780_/A                               0.750000    5.499298   -4.749298 (VIOLATED)
_12786_/A                               0.750000    5.499298   -4.749298 (VIOLATED)
_06395_/Y                               0.750000    2.066132   -1.316132 (VIOLATED)
_06473_/A                               0.750000    2.066132   -1.316132 (VIOLATED)
_06474_/A                               0.750000    2.066132   -1.316132 (VIOLATED)
_06475_/A                               0.750000    2.066132   -1.316132 (VIOLATED)
_06476_/A                               0.750000    2.066132   -1.316132 (VIOLATED)
_06492_/A                               0.750000    2.066132   -1.316132 (VIOLATED)
_06508_/A                               0.750000    2.066132   -1.316132 (VIOLATED)
_06524_/A                               0.750000    2.066132   -1.316132 (VIOLATED)
_06533_/A                               0.750000    2.066132   -1.316132 (VIOLATED)
_06534_/A                               0.750000    2.066132   -1.316132 (VIOLATED)
_06535_/A                               0.750000    2.066132   -1.316132 (VIOLATED)
_06536_/A                               0.750000    2.066132   -1.316132 (VIOLATED)
_06537_/A                               0.750000    2.066132   -1.316132 (VIOLATED)
_06538_/A                               0.750000    2.066132   -1.316132 (VIOLATED)
_06539_/A                               0.750000    2.066132   -1.316132 (VIOLATED)
_06540_/A                               0.750000    2.066132   -1.316132 (VIOLATED)
_06549_/A                               0.750000    2.066132   -1.316132 (VIOLATED)
_06550_/A                               0.750000    2.066132   -1.316132 (VIOLATED)
_06551_/A                               0.750000    2.066132   -1.316132 (VIOLATED)
_06552_/A                               0.750000    2.066132   -1.316132 (VIOLATED)
_06553_/A                               0.750000    2.066132   -1.316132 (VIOLATED)
_06554_/A                               0.750000    2.066132   -1.316132 (VIOLATED)
_06555_/A                               0.750000    2.066132   -1.316132 (VIOLATED)
_06556_/A                               0.750000    2.066132   -1.316132 (VIOLATED)
_06565_/A                               0.750000    2.066132   -1.316132 (VIOLATED)
_06566_/A                               0.750000    2.066132   -1.316132 (VIOLATED)
_06567_/A                               0.750000    2.066132   -1.316132 (VIOLATED)
_06568_/A                               0.750000    2.066132   -1.316132 (VIOLATED)
_06569_/A                               0.750000    2.066132   -1.316132 (VIOLATED)
_06570_/A                               0.750000    2.066132   -1.316132 (VIOLATED)
_06571_/A                               0.750000    2.066132   -1.316132 (VIOLATED)
_06572_/A                               0.750000    2.066132   -1.316132 (VIOLATED)
_06581_/A                               0.750000    2.066132   -1.316132 (VIOLATED)
_06582_/A                               0.750000    2.066132   -1.316132 (VIOLATED)
_06583_/A                               0.750000    2.066132   -1.316132 (VIOLATED)
_06584_/A                               0.750000    2.066132   -1.316132 (VIOLATED)
_06585_/A                               0.750000    2.066132   -1.316132 (VIOLATED)
_06586_/A                               0.750000    2.066132   -1.316132 (VIOLATED)
_06587_/A                               0.750000    2.066132   -1.316132 (VIOLATED)
_06588_/A                               0.750000    2.066132   -1.316132 (VIOLATED)
_06597_/A                               0.750000    2.066132   -1.316132 (VIOLATED)
_06598_/A                               0.750000    2.066132   -1.316132 (VIOLATED)
_06599_/A                               0.750000    2.066132   -1.316132 (VIOLATED)
_06600_/A                               0.750000    2.066132   -1.316132 (VIOLATED)
_06601_/A                               0.750000    2.066132   -1.316132 (VIOLATED)
_06602_/A                               0.750000    2.066132   -1.316132 (VIOLATED)
_06603_/A                               0.750000    2.066132   -1.316132 (VIOLATED)
_06604_/A                               0.750000    2.066132   -1.316132 (VIOLATED)
_06613_/A                               0.750000    2.066132   -1.316132 (VIOLATED)
_06614_/A                               0.750000    2.066132   -1.316132 (VIOLATED)
_06615_/A                               0.750000    2.066132   -1.316132 (VIOLATED)
_06616_/A                               0.750000    2.066132   -1.316132 (VIOLATED)
_06617_/A                               0.750000    2.066132   -1.316132 (VIOLATED)
_06618_/A                               0.750000    2.066132   -1.316132 (VIOLATED)
_06619_/A                               0.750000    2.066132   -1.316132 (VIOLATED)
_06620_/A                               0.750000    2.066132   -1.316132 (VIOLATED)
_06629_/A                               0.750000    2.066132   -1.316132 (VIOLATED)
_06630_/A                               0.750000    2.066132   -1.316132 (VIOLATED)
_06631_/A                               0.750000    2.066132   -1.316132 (VIOLATED)
_06632_/A                               0.750000    2.066132   -1.316132 (VIOLATED)
_06633_/A                               0.750000    2.066132   -1.316132 (VIOLATED)
_06634_/A                               0.750000    2.066132   -1.316132 (VIOLATED)
_06635_/A                               0.750000    2.066132   -1.316132 (VIOLATED)
_06636_/A                               0.750000    2.066132   -1.316132 (VIOLATED)
_06645_/A                               0.750000    2.066132   -1.316132 (VIOLATED)
_06646_/A                               0.750000    2.066132   -1.316132 (VIOLATED)
_06647_/A                               0.750000    2.066132   -1.316132 (VIOLATED)
_06648_/A                               0.750000    2.066132   -1.316132 (VIOLATED)
_06649_/A                               0.750000    2.066132   -1.316132 (VIOLATED)
_06650_/A                               0.750000    2.066132   -1.316132 (VIOLATED)
_06651_/A                               0.750000    2.066132   -1.316132 (VIOLATED)
_06652_/A                               0.750000    2.066132   -1.316132 (VIOLATED)
_06693_/A1                              0.750000    2.066132   -1.316132 (VIOLATED)
_06800_/B1                              0.750000    2.066132   -1.316132 (VIOLATED)
_06860_/A                               0.750000    2.066132   -1.316132 (VIOLATED)
_06919_/A                               0.750000    2.066132   -1.316132 (VIOLATED)
_06987_/B1                              0.750000    2.066132   -1.316132 (VIOLATED)
_07017_/B1                              0.750000    2.066132   -1.316132 (VIOLATED)
_07090_/A                               0.750000    2.066132   -1.316132 (VIOLATED)
_07097_/A                               0.750000    2.066132   -1.316132 (VIOLATED)
_07099_/A1                              0.750000    2.066132   -1.316132 (VIOLATED)
_07141_/A                               0.750000    2.066132   -1.316132 (VIOLATED)
_07279_/A1                              0.750000    2.066132   -1.316132 (VIOLATED)
_07280_/A1                              0.750000    2.066132   -1.316132 (VIOLATED)
_07281_/A                               0.750000    2.066132   -1.316132 (VIOLATED)
_07284_/A                               0.750000    2.066132   -1.316132 (VIOLATED)
_07325_/A                               0.750000    2.066132   -1.316132 (VIOLATED)
_07366_/A                               0.750000    2.066132   -1.316132 (VIOLATED)
_07420_/A                               0.750000    2.066132   -1.316132 (VIOLATED)
_07488_/A                               0.750000    2.066132   -1.316132 (VIOLATED)
_07496_/A                               0.750000    2.066132   -1.316132 (VIOLATED)
_07504_/A1                              0.750000    2.066132   -1.316132 (VIOLATED)
_07510_/B1                              0.750000    2.066132   -1.316132 (VIOLATED)
_07512_/A                               0.750000    2.066132   -1.316132 (VIOLATED)
_07514_/A1                              0.750000    2.066132   -1.316132 (VIOLATED)
_07575_/A1                              0.750000    2.066132   -1.316132 (VIOLATED)
_07576_/A                               0.750000    2.066132   -1.316132 (VIOLATED)
_07577_/A                               0.750000    2.066132   -1.316132 (VIOLATED)
_07646_/A1                              0.750000    2.066132   -1.316132 (VIOLATED)
_07647_/A                               0.750000    2.066132   -1.316132 (VIOLATED)
_07650_/B1                              0.750000    2.066132   -1.316132 (VIOLATED)
_07692_/A1                              0.750000    2.066132   -1.316132 (VIOLATED)
_07693_/A                               0.750000    2.066132   -1.316132 (VIOLATED)
_07733_/A1                              0.750000    2.066132   -1.316132 (VIOLATED)
_07734_/A                               0.750000    2.066132   -1.316132 (VIOLATED)
_07738_/A                               0.750000    2.066132   -1.316132 (VIOLATED)
_07772_/A                               0.750000    2.066132   -1.316132 (VIOLATED)
_07811_/A                               0.750000    2.066132   -1.316132 (VIOLATED)
_07837_/B                               0.750000    2.066132   -1.316132 (VIOLATED)
_07841_/A                               0.750000    2.066132   -1.316132 (VIOLATED)
_07863_/B1                              0.750000    2.066132   -1.316132 (VIOLATED)
_07886_/A                               0.750000    2.066132   -1.316132 (VIOLATED)
_07887_/A1                              0.750000    2.066132   -1.316132 (VIOLATED)
_07909_/B1                              0.750000    2.066132   -1.316132 (VIOLATED)
_07926_/A                               0.750000    2.066132   -1.316132 (VIOLATED)
_07928_/A1                              0.750000    2.066132   -1.316132 (VIOLATED)
_07989_/A1                              0.750000    2.066132   -1.316132 (VIOLATED)
_07990_/A1                              0.750000    2.066132   -1.316132 (VIOLATED)
_07991_/A                               0.750000    2.066132   -1.316132 (VIOLATED)
_08024_/A1                              0.750000    2.066132   -1.316132 (VIOLATED)
_08025_/A                               0.750000    2.066132   -1.316132 (VIOLATED)
_08060_/A1                              0.750000    2.066132   -1.316132 (VIOLATED)
_08061_/A                               0.750000    2.066132   -1.316132 (VIOLATED)
_08103_/A1                              0.750000    2.066132   -1.316132 (VIOLATED)
_08104_/A                               0.750000    2.066132   -1.316132 (VIOLATED)
_08146_/A                               0.750000    2.066132   -1.316132 (VIOLATED)
_08147_/A1                              0.750000    2.066132   -1.316132 (VIOLATED)
_08148_/A                               0.750000    2.066132   -1.316132 (VIOLATED)
_08152_/A                               0.750000    2.066132   -1.316132 (VIOLATED)
_08225_/A                               0.750000    2.066132   -1.316132 (VIOLATED)
_08280_/A                               0.750000    2.066132   -1.316132 (VIOLATED)
_08285_/A                               0.750000    2.066132   -1.316132 (VIOLATED)
_08318_/A                               0.750000    2.066132   -1.316132 (VIOLATED)
_08319_/A1                              0.750000    2.066132   -1.316132 (VIOLATED)
_08345_/A1                              0.750000    2.066132   -1.316132 (VIOLATED)
_08448_/A                               0.750000    2.066132   -1.316132 (VIOLATED)
_08500_/A                               0.750000    2.066132   -1.316132 (VIOLATED)
_08632_/A                               0.750000    2.066132   -1.316132 (VIOLATED)
_08727_/A                               0.750000    2.066132   -1.316132 (VIOLATED)
_08739_/B1                              0.750000    2.066132   -1.316132 (VIOLATED)
_08741_/A                               0.750000    2.066132   -1.316132 (VIOLATED)
_08743_/A1                              0.750000    2.066132   -1.316132 (VIOLATED)
_08805_/A1                              0.750000    2.066132   -1.316132 (VIOLATED)
_08806_/A                               0.750000    2.066132   -1.316132 (VIOLATED)
_08807_/A                               0.750000    2.066132   -1.316132 (VIOLATED)
_08877_/A1                              0.750000    2.066132   -1.316132 (VIOLATED)
_08878_/A1                              0.750000    2.066132   -1.316132 (VIOLATED)
_08879_/A                               0.750000    2.066132   -1.316132 (VIOLATED)
_08923_/A1                              0.750000    2.066132   -1.316132 (VIOLATED)
_08924_/A                               0.750000    2.066132   -1.316132 (VIOLATED)
_09004_/A                               0.750000    2.066132   -1.316132 (VIOLATED)
_09010_/A                               0.750000    2.066132   -1.316132 (VIOLATED)
_09132_/A                               0.750000    2.066132   -1.316132 (VIOLATED)
_09137_/A                               0.750000    2.066132   -1.316132 (VIOLATED)
_09148_/B1                              0.750000    2.066132   -1.316132 (VIOLATED)
_09150_/A                               0.750000    2.066132   -1.316132 (VIOLATED)
_09152_/A1                              0.750000    2.066132   -1.316132 (VIOLATED)
_09214_/A1                              0.750000    2.066132   -1.316132 (VIOLATED)
_09215_/A                               0.750000    2.066132   -1.316132 (VIOLATED)
_09216_/A                               0.750000    2.066132   -1.316132 (VIOLATED)
_09286_/A1                              0.750000    2.066132   -1.316132 (VIOLATED)
_09287_/A                               0.750000    2.066132   -1.316132 (VIOLATED)
_09290_/C1                              0.750000    2.066132   -1.316132 (VIOLATED)
_09329_/A1                              0.750000    2.066132   -1.316132 (VIOLATED)
_09330_/A1                              0.750000    2.066132   -1.316132 (VIOLATED)
_09331_/A                               0.750000    2.066132   -1.316132 (VIOLATED)
_09334_/A                               0.750000    2.066132   -1.316132 (VIOLATED)
_09374_/A                               0.750000    2.066132   -1.316132 (VIOLATED)
_09411_/C1                              0.750000    2.066132   -1.316132 (VIOLATED)
_09417_/A                               0.750000    2.066132   -1.316132 (VIOLATED)
_09508_/A1                              0.750000    2.066132   -1.316132 (VIOLATED)
_09549_/A                               0.750000    2.066132   -1.316132 (VIOLATED)
_09552_/B1                              0.750000    2.066132   -1.316132 (VIOLATED)
_09561_/B1                              0.750000    2.066132   -1.316132 (VIOLATED)
_09563_/A                               0.750000    2.066132   -1.316132 (VIOLATED)
_09565_/A1                              0.750000    2.066132   -1.316132 (VIOLATED)
_09627_/A1                              0.750000    2.066132   -1.316132 (VIOLATED)
_09628_/A1                              0.750000    2.066132   -1.316132 (VIOLATED)
_09629_/A                               0.750000    2.066132   -1.316132 (VIOLATED)
_09661_/A1                              0.750000    2.066132   -1.316132 (VIOLATED)
_09662_/A1                              0.750000    2.066132   -1.316132 (VIOLATED)
_09663_/A                               0.750000    2.066132   -1.316132 (VIOLATED)
_09667_/A                               0.750000    2.066132   -1.316132 (VIOLATED)
_09698_/A1                              0.750000    2.066132   -1.316132 (VIOLATED)
_09699_/A1                              0.750000    2.066132   -1.316132 (VIOLATED)
_09700_/A                               0.750000    2.066132   -1.316132 (VIOLATED)
_09744_/A1                              0.750000    2.066132   -1.316132 (VIOLATED)
_09745_/A1                              0.750000    2.066132   -1.316132 (VIOLATED)
_09746_/A                               0.750000    2.066132   -1.316132 (VIOLATED)
_09829_/A                               0.750000    2.066132   -1.316132 (VIOLATED)
_09858_/B1                              0.750000    2.066132   -1.316132 (VIOLATED)
_09916_/A                               0.750000    2.066132   -1.316132 (VIOLATED)
_09945_/A                               0.750000    2.066132   -1.316132 (VIOLATED)
_09951_/B1                              0.750000    2.066132   -1.316132 (VIOLATED)
_09961_/A                               0.750000    2.066132   -1.316132 (VIOLATED)
_09962_/A1                              0.750000    2.066132   -1.316132 (VIOLATED)
_09972_/A1                              0.750000    2.066132   -1.316132 (VIOLATED)
_10046_/B1                              0.750000    2.066132   -1.316132 (VIOLATED)
_10138_/A                               0.750000    2.066132   -1.316132 (VIOLATED)
_10230_/A                               0.750000    2.066132   -1.316132 (VIOLATED)
_10274_/A                               0.750000    2.066132   -1.316132 (VIOLATED)
_10372_/A                               0.750000    2.066132   -1.316132 (VIOLATED)
_10374_/A                               0.750000    2.066132   -1.316132 (VIOLATED)
_10376_/A1                              0.750000    2.066132   -1.316132 (VIOLATED)
_10438_/A1                              0.750000    2.066132   -1.316132 (VIOLATED)
_10439_/A                               0.750000    2.066132   -1.316132 (VIOLATED)
_10440_/A                               0.750000    2.066132   -1.316132 (VIOLATED)
_10507_/A1                              0.750000    2.066132   -1.316132 (VIOLATED)
_10508_/A                               0.750000    2.066132   -1.316132 (VIOLATED)
_10511_/C1                              0.750000    2.066132   -1.316132 (VIOLATED)
_10550_/A1                              0.750000    2.066132   -1.316132 (VIOLATED)
_10551_/A                               0.750000    2.066132   -1.316132 (VIOLATED)
_10590_/A1                              0.750000    2.066132   -1.316132 (VIOLATED)
_10591_/A                               0.750000    2.066132   -1.316132 (VIOLATED)
_10592_/A                               0.750000    2.066132   -1.316132 (VIOLATED)
_10596_/A                               0.750000    2.066132   -1.316132 (VIOLATED)
_10637_/A                               0.750000    2.066132   -1.316132 (VIOLATED)
_10721_/A                               0.750000    2.066132   -1.316132 (VIOLATED)
_10722_/A1                              0.750000    2.066132   -1.316132 (VIOLATED)
_10754_/A                               0.750000    2.066132   -1.316132 (VIOLATED)
_10760_/A                               0.750000    2.066132   -1.316132 (VIOLATED)
_10769_/A                               0.750000    2.066132   -1.316132 (VIOLATED)
_10771_/A1                              0.750000    2.066132   -1.316132 (VIOLATED)
_10811_/A                               0.750000    2.066132   -1.316132 (VIOLATED)
_10866_/A                               0.750000    2.066132   -1.316132 (VIOLATED)
_10868_/A1                              0.750000    2.066132   -1.316132 (VIOLATED)
_11018_/A                               0.750000    2.066132   -1.316132 (VIOLATED)
_11080_/B1                              0.750000    2.066132   -1.316132 (VIOLATED)
_11130_/B1                              0.750000    2.066132   -1.316132 (VIOLATED)
_11150_/A                               0.750000    2.066132   -1.316132 (VIOLATED)
_11158_/A                               0.750000    2.066132   -1.316132 (VIOLATED)
_11160_/A1                              0.750000    2.066132   -1.316132 (VIOLATED)
_11200_/A                               0.750000    2.066132   -1.316132 (VIOLATED)
_11257_/A                               0.750000    2.066132   -1.316132 (VIOLATED)
_11259_/A1                              0.750000    2.066132   -1.316132 (VIOLATED)
_11413_/A                               0.750000    2.066132   -1.316132 (VIOLATED)
_11543_/A                               0.750000    2.066132   -1.316132 (VIOLATED)
_11549_/A                               0.750000    2.066132   -1.316132 (VIOLATED)
_11708_/A                               0.750000    2.066132   -1.316132 (VIOLATED)
_11818_/A                               0.750000    2.066132   -1.316132 (VIOLATED)
_11861_/A                               0.750000    2.066132   -1.316132 (VIOLATED)
_11871_/B1                              0.750000    2.066132   -1.316132 (VIOLATED)
_11888_/A                               0.750000    2.066132   -1.316132 (VIOLATED)
_12044_/A                               0.750000    2.066132   -1.316132 (VIOLATED)
_12163_/C1                              0.750000    2.066132   -1.316132 (VIOLATED)
_12173_/B1                              0.750000    2.066132   -1.316132 (VIOLATED)
_12174_/A                               0.750000    2.066132   -1.316132 (VIOLATED)
_12184_/B1                              0.750000    2.066132   -1.316132 (VIOLATED)
_12248_/B1                              0.750000    2.066132   -1.316132 (VIOLATED)
_12281_/A                               0.750000    2.066132   -1.316132 (VIOLATED)
_12355_/A                               0.750000    2.066132   -1.316132 (VIOLATED)
_12415_/B1                              0.750000    2.066132   -1.316132 (VIOLATED)
_12483_/A                               0.750000    2.066132   -1.316132 (VIOLATED)
_12486_/A                               0.750000    2.066132   -1.316132 (VIOLATED)
_12496_/B1                              0.750000    2.066132   -1.316132 (VIOLATED)
_12513_/A                               0.750000    2.066132   -1.316132 (VIOLATED)
_12556_/B1                              0.750000    2.066132   -1.316132 (VIOLATED)
_12588_/A                               0.750000    2.066132   -1.316132 (VIOLATED)
_12659_/A                               0.750000    2.066132   -1.316132 (VIOLATED)
_12718_/B1                              0.750000    2.066132   -1.316132 (VIOLATED)
_12789_/B1                              0.750000    2.066132   -1.316132 (VIOLATED)

max fanout

Pin                                   Limit Fanout  Slack
---------------------------------------------------------
control                                  10    514   -504 (VIOLATED)
_06395_/Y                                10    260   -250 (VIOLATED)
_12866_/Q                                10     19     -9 (VIOLATED)
_12930_/Q                                10     19     -9 (VIOLATED)
_12986_/Q                                10     19     -9 (VIOLATED)
_12805_/Q                                10     18     -8 (VIOLATED)
_12863_/Q                                10     18     -8 (VIOLATED)
_12868_/Q                                10     18     -8 (VIOLATED)
_12879_/Q                                10     18     -8 (VIOLATED)
_12881_/Q                                10     18     -8 (VIOLATED)
_12882_/Q                                10     18     -8 (VIOLATED)
_12884_/Q                                10     18     -8 (VIOLATED)
_12895_/Q                                10     18     -8 (VIOLATED)
_12897_/Q                                10     18     -8 (VIOLATED)
_12898_/Q                                10     18     -8 (VIOLATED)
_12927_/Q                                10     18     -8 (VIOLATED)
_12932_/Q                                10     18     -8 (VIOLATED)
_12933_/Q                                10     18     -8 (VIOLATED)
_12945_/Q                                10     18     -8 (VIOLATED)
_12946_/Q                                10     18     -8 (VIOLATED)
_12959_/Q                                10     18     -8 (VIOLATED)
_12961_/Q                                10     18     -8 (VIOLATED)
_12983_/Q                                10     18     -8 (VIOLATED)
_12989_/Q                                10     18     -8 (VIOLATED)
_12991_/Q                                10     18     -8 (VIOLATED)
_12993_/Q                                10     18     -8 (VIOLATED)
_12999_/Q                                10     18     -8 (VIOLATED)
_13001_/Q                                10     18     -8 (VIOLATED)
_13004_/Q                                10     18     -8 (VIOLATED)
_06506_/X                                10     17     -7 (VIOLATED)
_12796_/Q                                10     17     -7 (VIOLATED)
_12799_/Q                                10     17     -7 (VIOLATED)
_12802_/Q                                10     17     -7 (VIOLATED)
_12807_/Q                                10     17     -7 (VIOLATED)
_12821_/Q                                10     17     -7 (VIOLATED)
_12823_/Q                                10     17     -7 (VIOLATED)
_12861_/Q                                10     17     -7 (VIOLATED)
_12869_/Q                                10     17     -7 (VIOLATED)
_12872_/Q                                10     17     -7 (VIOLATED)
_12874_/Q                                10     17     -7 (VIOLATED)
_12885_/Q                                10     17     -7 (VIOLATED)
_12887_/Q                                10     17     -7 (VIOLATED)
_12900_/Q                                10     17     -7 (VIOLATED)
_12901_/Q                                10     17     -7 (VIOLATED)
_12903_/Q                                10     17     -7 (VIOLATED)
_12911_/Q                                10     17     -7 (VIOLATED)
_12913_/Q                                10     17     -7 (VIOLATED)
_12914_/Q                                10     17     -7 (VIOLATED)
_12943_/Q                                10     17     -7 (VIOLATED)
_12948_/Q                                10     17     -7 (VIOLATED)
_12949_/Q                                10     17     -7 (VIOLATED)
_12962_/Q                                10     17     -7 (VIOLATED)
_12964_/Q                                10     17     -7 (VIOLATED)
_12975_/Q                                10     17     -7 (VIOLATED)
_12988_/Q                                10     17     -7 (VIOLATED)
_12992_/Q                                10     17     -7 (VIOLATED)
_12994_/Q                                10     17     -7 (VIOLATED)
_12996_/Q                                10     17     -7 (VIOLATED)
_12997_/Q                                10     17     -7 (VIOLATED)
_13002_/Q                                10     17     -7 (VIOLATED)
_13005_/Q                                10     17     -7 (VIOLATED)
_13007_/Q                                10     17     -7 (VIOLATED)
_13009_/Q                                10     17     -7 (VIOLATED)
_06472_/X                                10     16     -6 (VIOLATED)
_06473_/X                                10     16     -6 (VIOLATED)
_06476_/X                                10     16     -6 (VIOLATED)
_06490_/X                                10     16     -6 (VIOLATED)
_06505_/X                                10     16     -6 (VIOLATED)
_06521_/X                                10     16     -6 (VIOLATED)
_06522_/X                                10     16     -6 (VIOLATED)
_12792_/Q                                10     16     -6 (VIOLATED)
_12797_/Q                                10     16     -6 (VIOLATED)
_12798_/Q                                10     16     -6 (VIOLATED)
_12801_/Q                                10     16     -6 (VIOLATED)
_12808_/Q                                10     16     -6 (VIOLATED)
_12809_/Q                                10     16     -6 (VIOLATED)
_12810_/Q                                10     16     -6 (VIOLATED)
_12811_/Q                                10     16     -6 (VIOLATED)
_12817_/Q                                10     16     -6 (VIOLATED)
_12824_/Q                                10     16     -6 (VIOLATED)
_12825_/Q                                10     16     -6 (VIOLATED)
_12827_/Q                                10     16     -6 (VIOLATED)
_12830_/Q                                10     16     -6 (VIOLATED)
_12833_/Q                                10     16     -6 (VIOLATED)
_12838_/Q                                10     16     -6 (VIOLATED)
_12839_/Q                                10     16     -6 (VIOLATED)
_12840_/Q                                10     16     -6 (VIOLATED)
_12841_/Q                                10     16     -6 (VIOLATED)
_12842_/Q                                10     16     -6 (VIOLATED)
_12854_/Q                                10     16     -6 (VIOLATED)
_12856_/Q                                10     16     -6 (VIOLATED)
_12860_/Q                                10     16     -6 (VIOLATED)
_12870_/Q                                10     16     -6 (VIOLATED)
_12873_/Q                                10     16     -6 (VIOLATED)
_12878_/Q                                10     16     -6 (VIOLATED)
_12888_/Q                                10     16     -6 (VIOLATED)
_12889_/Q                                10     16     -6 (VIOLATED)
_12894_/Q                                10     16     -6 (VIOLATED)
_12904_/Q                                10     16     -6 (VIOLATED)
_12905_/Q                                10     16     -6 (VIOLATED)
_12916_/Q                                10     16     -6 (VIOLATED)
_12917_/Q                                10     16     -6 (VIOLATED)
_12925_/Q                                10     16     -6 (VIOLATED)
_12936_/Q                                10     16     -6 (VIOLATED)
_12938_/Q                                10     16     -6 (VIOLATED)
_12947_/Q                                10     16     -6 (VIOLATED)
_12951_/Q                                10     16     -6 (VIOLATED)
_12958_/Q                                10     16     -6 (VIOLATED)
_12965_/Q                                10     16     -6 (VIOLATED)
_12967_/Q                                10     16     -6 (VIOLATED)
_12977_/Q                                10     16     -6 (VIOLATED)
_12980_/Q                                10     16     -6 (VIOLATED)
_12981_/Q                                10     16     -6 (VIOLATED)
_12995_/Q                                10     16     -6 (VIOLATED)
_12998_/Q                                10     16     -6 (VIOLATED)
_13010_/Q                                10     16     -6 (VIOLATED)
_13012_/Q                                10     16     -6 (VIOLATED)
_06471_/X                                10     15     -5 (VIOLATED)
_06474_/X                                10     15     -5 (VIOLATED)
_06489_/X                                10     15     -5 (VIOLATED)
_12790_/Q                                10     15     -5 (VIOLATED)
_12793_/Q                                10     15     -5 (VIOLATED)
_12794_/Q                                10     15     -5 (VIOLATED)
_12795_/Q                                10     15     -5 (VIOLATED)
_12806_/Q                                10     15     -5 (VIOLATED)
_12812_/Q                                10     15     -5 (VIOLATED)
_12813_/Q                                10     15     -5 (VIOLATED)
_12814_/Q                                10     15     -5 (VIOLATED)
_12818_/Q                                10     15     -5 (VIOLATED)
_12820_/Q                                10     15     -5 (VIOLATED)
_12822_/Q                                10     15     -5 (VIOLATED)
_12826_/Q                                10     15     -5 (VIOLATED)
_12829_/Q                                10     15     -5 (VIOLATED)
_12831_/Q                                10     15     -5 (VIOLATED)
_12834_/Q                                10     15     -5 (VIOLATED)
_12837_/Q                                10     15     -5 (VIOLATED)
_12843_/Q                                10     15     -5 (VIOLATED)
_12844_/Q                                10     15     -5 (VIOLATED)
_12845_/Q                                10     15     -5 (VIOLATED)
_12849_/Q                                10     15     -5 (VIOLATED)
_12857_/Q                                10     15     -5 (VIOLATED)
_12858_/Q                                10     15     -5 (VIOLATED)
_12859_/Q                                10     15     -5 (VIOLATED)
_12862_/Q                                10     15     -5 (VIOLATED)
_12865_/Q                                10     15     -5 (VIOLATED)
_12867_/Q                                10     15     -5 (VIOLATED)
_12871_/Q                                10     15     -5 (VIOLATED)
_12876_/Q                                10     15     -5 (VIOLATED)
_12877_/Q                                10     15     -5 (VIOLATED)
_12883_/Q                                10     15     -5 (VIOLATED)
_12886_/Q                                10     15     -5 (VIOLATED)
_12890_/Q                                10     15     -5 (VIOLATED)
_12891_/Q                                10     15     -5 (VIOLATED)
_12892_/Q                                10     15     -5 (VIOLATED)
_12902_/Q                                10     15     -5 (VIOLATED)
_12906_/Q                                10     15     -5 (VIOLATED)
_12907_/Q                                10     15     -5 (VIOLATED)
_12910_/Q                                10     15     -5 (VIOLATED)
_12920_/Q                                10     15     -5 (VIOLATED)
_12924_/Q                                10     15     -5 (VIOLATED)
_12926_/Q                                10     15     -5 (VIOLATED)
_12928_/Q                                10     15     -5 (VIOLATED)
_12929_/Q                                10     15     -5 (VIOLATED)
_12934_/Q                                10     15     -5 (VIOLATED)
_12937_/Q                                10     15     -5 (VIOLATED)
_12941_/Q                                10     15     -5 (VIOLATED)
_12942_/Q                                10     15     -5 (VIOLATED)
_12944_/Q                                10     15     -5 (VIOLATED)
_12952_/Q                                10     15     -5 (VIOLATED)
_12953_/Q                                10     15     -5 (VIOLATED)
_12956_/Q                                10     15     -5 (VIOLATED)
_12968_/Q                                10     15     -5 (VIOLATED)
_12969_/Q                                10     15     -5 (VIOLATED)
_12971_/Q                                10     15     -5 (VIOLATED)
_12974_/Q                                10     15     -5 (VIOLATED)
_12978_/Q                                10     15     -5 (VIOLATED)
_12982_/Q                                10     15     -5 (VIOLATED)
_12985_/Q                                10     15     -5 (VIOLATED)
_12987_/Q                                10     15     -5 (VIOLATED)
_12990_/Q                                10     15     -5 (VIOLATED)
_13006_/Q                                10     15     -5 (VIOLATED)
_13013_/Q                                10     15     -5 (VIOLATED)
_06491_/X                                10     14     -4 (VIOLATED)
_06501_/X                                10     14     -4 (VIOLATED)
_06507_/X                                10     14     -4 (VIOLATED)
_12791_/Q                                10     14     -4 (VIOLATED)
_12804_/Q                                10     14     -4 (VIOLATED)
_12816_/Q                                10     14     -4 (VIOLATED)
_12828_/Q                                10     14     -4 (VIOLATED)
_12835_/Q                                10     14     -4 (VIOLATED)
_12846_/Q                                10     14     -4 (VIOLATED)
_12850_/Q                                10     14     -4 (VIOLATED)
_12853_/Q                                10     14     -4 (VIOLATED)
_12855_/Q                                10     14     -4 (VIOLATED)
_12864_/Q                                10     14     -4 (VIOLATED)
_12875_/Q                                10     14     -4 (VIOLATED)
_12880_/Q                                10     14     -4 (VIOLATED)
_12896_/Q                                10     14     -4 (VIOLATED)
_12899_/Q                                10     14     -4 (VIOLATED)
_12908_/Q                                10     14     -4 (VIOLATED)
_12912_/Q                                10     14     -4 (VIOLATED)
_12918_/Q                                10     14     -4 (VIOLATED)
_12921_/Q                                10     14     -4 (VIOLATED)
_12922_/Q                                10     14     -4 (VIOLATED)
_12923_/Q                                10     14     -4 (VIOLATED)
_12931_/Q                                10     14     -4 (VIOLATED)
_12935_/Q                                10     14     -4 (VIOLATED)
_12939_/Q                                10     14     -4 (VIOLATED)
_12940_/Q                                10     14     -4 (VIOLATED)
_12950_/Q                                10     14     -4 (VIOLATED)
_12954_/Q                                10     14     -4 (VIOLATED)
_12955_/Q                                10     14     -4 (VIOLATED)
_12960_/Q                                10     14     -4 (VIOLATED)
_12963_/Q                                10     14     -4 (VIOLATED)
_12966_/Q                                10     14     -4 (VIOLATED)
_12970_/Q                                10     14     -4 (VIOLATED)
_12972_/Q                                10     14     -4 (VIOLATED)
_12984_/Q                                10     14     -4 (VIOLATED)
_13000_/Q                                10     14     -4 (VIOLATED)
_13003_/Q                                10     14     -4 (VIOLATED)
_13008_/Q                                10     14     -4 (VIOLATED)
_06485_/X                                10     13     -3 (VIOLATED)
_06523_/X                                10     13     -3 (VIOLATED)
_12800_/Q                                10     13     -3 (VIOLATED)
_12803_/Q                                10     13     -3 (VIOLATED)
_12815_/Q                                10     13     -3 (VIOLATED)
_12832_/Q                                10     13     -3 (VIOLATED)
_12836_/Q                                10     13     -3 (VIOLATED)
_12847_/Q                                10     13     -3 (VIOLATED)
_12893_/Q                                10     13     -3 (VIOLATED)
_12909_/Q                                10     13     -3 (VIOLATED)
_12915_/Q                                10     13     -3 (VIOLATED)
_12919_/Q                                10     13     -3 (VIOLATED)
_12957_/Q                                10     13     -3 (VIOLATED)
_12976_/Q                                10     13     -3 (VIOLATED)
_12979_/Q                                10     13     -3 (VIOLATED)
_13011_/Q                                10     13     -3 (VIOLATED)
_06469_/X                                10     12     -2 (VIOLATED)
_06475_/X                                10     12     -2 (VIOLATED)
_06508_/X                                10     12     -2 (VIOLATED)
_06517_/X                                10     12     -2 (VIOLATED)
_06524_/X                                10     12     -2 (VIOLATED)
_12819_/Q                                10     12     -2 (VIOLATED)
_12848_/Q                                10     12     -2 (VIOLATED)
_12852_/Q                                10     12     -2 (VIOLATED)
_12973_/Q                                10     12     -2 (VIOLATED)
_06470_/X                                10     11        (VIOLATED)
_06492_/X                                10     11        (VIOLATED)
_06504_/X                                10     11        (VIOLATED)
_12851_/Q                                10     11        (VIOLATED)

max capacitance

Pin                                        Limit         Cap       Slack
------------------------------------------------------------------------
control                                 0.200000    1.643125   -1.443125 (VIOLATED)
_06395_/Y                               0.200000    0.597648   -0.397648 (VIOLATED)



===========================================================================
report_parasitic_annotation -report_unannotated
============================================================================
Found 7145 unannotated drivers.
 clk
 control
 data_arr[0]
 data_arr[10]
 data_arr[11]
 data_arr[12]
 data_arr[13]
 data_arr[14]
 data_arr[15]
 data_arr[16]
 data_arr[17]
 data_arr[18]
 data_arr[19]
 data_arr[1]
 data_arr[20]
 data_arr[21]
 data_arr[22]
 data_arr[23]
 data_arr[24]
 data_arr[25]
 data_arr[26]
 data_arr[27]
 data_arr[28]
 data_arr[29]
 data_arr[2]
 data_arr[30]
 data_arr[31]
 data_arr[3]
 data_arr[4]
 data_arr[5]
 data_arr[6]
 data_arr[7]
 data_arr[8]
 data_arr[9]
 wt_arr[0]
 wt_arr[10]
 wt_arr[11]
 wt_arr[12]
 wt_arr[13]
 wt_arr[14]
 wt_arr[15]
 wt_arr[16]
 wt_arr[17]
 wt_arr[18]
 wt_arr[19]
 wt_arr[1]
 wt_arr[20]
 wt_arr[21]
 wt_arr[22]
 wt_arr[23]
 wt_arr[24]
 wt_arr[25]
 wt_arr[26]
 wt_arr[27]
 wt_arr[28]
 wt_arr[29]
 wt_arr[2]
 wt_arr[30]
 wt_arr[31]
 wt_arr[3]
 wt_arr[4]
 wt_arr[5]
 wt_arr[6]
 wt_arr[7]
 wt_arr[8]
 wt_arr[9]
 _06395_/Y
 _06396_/Y
 _06397_/Y
 _06398_/Y
 _06399_/Y
 _06400_/Y
 _06401_/Y
 _06402_/Y
 _06403_/Y
 _06404_/Y
 _06405_/Y
 _06406_/Y
 _06407_/Y
 _06408_/Y
 _06409_/Y
 _06410_/Y
 _06411_/Y
 _06412_/Y
 _06413_/Y
 _06414_/Y
 _06415_/Y
 _06416_/Y
 _06417_/Y
 _06418_/Y
 _06419_/Y
 _06420_/Y
 _06421_/Y
 _06422_/Y
 _06423_/Y
 _06424_/Y
 _06425_/Y
 _06426_/Y
 _06427_/Y
 _06428_/Y
 _06429_/Y
 _06430_/Y
 _06431_/Y
 _06432_/Y
 _06433_/Y
 _06434_/Y
 _06435_/Y
 _06436_/Y
 _06437_/Y
 _06438_/Y
 _06439_/Y
 _06440_/Y
 _06441_/Y
 _06442_/Y
 _06443_/Y
 _06444_/Y
 _06445_/Y
 _06446_/Y
 _06447_/Y
 _06448_/Y
 _06449_/Y
 _06450_/Y
 _06451_/Y
 _06452_/Y
 _06453_/Y
 _06454_/Y
 _06455_/Y
 _06456_/Y
 _06457_/Y
 _06458_/Y
 _06459_/Y
 _06460_/Y
 _06461_/Y
 _06462_/Y
 _06463_/Y
 _06464_/Y
 _06465_/Y
 _06466_/Y
 _06467_/Y
 _06468_/Y
 _06469_/X
 _06470_/X
 _06471_/X
 _06472_/X
 _06473_/X
 _06474_/X
 _06475_/X
 _06476_/X
 _06477_/X
 _06478_/X
 _06479_/X
 _06480_/X
 _06481_/X
 _06482_/X
 _06483_/X
 _06484_/X
 _06485_/X
 _06486_/X
 _06487_/X
 _06488_/X
 _06489_/X
 _06490_/X
 _06491_/X
 _06492_/X
 _06493_/X
 _06494_/X
 _06495_/X
 _06496_/X
 _06497_/X
 _06498_/X
 _06499_/X
 _06500_/X
 _06501_/X
 _06502_/X
 _06503_/X
 _06504_/X
 _06505_/X
 _06506_/X
 _06507_/X
 _06508_/X
 _06509_/X
 _06510_/X
 _06511_/X
 _06512_/X
 _06513_/X
 _06514_/X
 _06515_/X
 _06516_/X
 _06517_/X
 _06518_/X
 _06519_/X
 _06520_/X
 _06521_/X
 _06522_/X
 _06523_/X
 _06524_/X
 _06525_/X
 _06526_/X
 _06527_/X
 _06528_/X
 _06529_/X
 _06530_/X
 _06531_/X
 _06532_/X
 _06533_/X
 _06534_/X
 _06535_/X
 _06536_/X
 _06537_/X
 _06538_/X
 _06539_/X
 _06540_/X
 _06541_/X
 _06542_/X
 _06543_/X
 _06544_/X
 _06545_/X
 _06546_/X
 _06547_/X
 _06548_/X
 _06549_/X
 _06550_/X
 _06551_/X
 _06552_/X
 _06553_/X
 _06554_/X
 _06555_/X
 _06556_/X
 _06557_/X
 _06558_/X
 _06559_/X
 _06560_/X
 _06561_/X
 _06562_/X
 _06563_/X
 _06564_/X
 _06565_/X
 _06566_/X
 _06567_/X
 _06568_/X
 _06569_/X
 _06570_/X
 _06571_/X
 _06572_/X
 _06573_/X
 _06574_/X
 _06575_/X
 _06576_/X
 _06577_/X
 _06578_/X
 _06579_/X
 _06580_/X
 _06581_/X
 _06582_/X
 _06583_/X
 _06584_/X
 _06585_/X
 _06586_/X
 _06587_/X
 _06588_/X
 _06589_/X
 _06590_/X
 _06591_/X
 _06592_/X
 _06593_/X
 _06594_/X
 _06595_/X
 _06596_/X
 _06597_/X
 _06598_/X
 _06599_/X
 _06600_/X
 _06601_/X
 _06602_/X
 _06603_/X
 _06604_/X
 _06605_/X
 _06606_/X
 _06607_/X
 _06608_/X
 _06609_/X
 _06610_/X
 _06611_/X
 _06612_/X
 _06613_/X
 _06614_/X
 _06615_/X
 _06616_/X
 _06617_/X
 _06618_/X
 _06619_/X
 _06620_/X
 _06621_/X
 _06622_/X
 _06623_/X
 _06624_/X
 _06625_/X
 _06626_/X
 _06627_/X
 _06628_/X
 _06629_/X
 _06630_/X
 _06631_/X
 _06632_/X
 _06633_/X
 _06634_/X
 _06635_/X
 _06636_/X
 _06637_/X
 _06638_/X
 _06639_/X
 _06640_/X
 _06641_/X
 _06642_/X
 _06643_/X
 _06644_/X
 _06645_/X
 _06646_/X
 _06647_/X
 _06648_/X
 _06649_/X
 _06650_/X
 _06651_/X
 _06652_/X
 _06653_/X
 _06654_/X
 _06655_/X
 _06656_/X
 _06657_/X
 _06658_/X
 _06659_/X
 _06660_/X
 _06661_/X
 _06662_/X
 _06663_/X
 _06664_/X
 _06665_/X
 _06666_/X
 _06667_/X
 _06668_/X
 _06669_/X
 _06670_/X
 _06671_/X
 _06672_/X
 _06673_/X
 _06674_/X
 _06675_/X
 _06676_/X
 _06677_/X
 _06678_/X
 _06679_/X
 _06680_/X
 _06681_/X
 _06682_/X
 _06683_/X
 _06684_/X
 _06685_/X
 _06686_/X
 _06687_/X
 _06688_/X
 _06689_/X
 _06690_/X
 _06691_/X
 _06692_/X
 _06693_/X
 _06694_/Y
 _06695_/X
 _06696_/X
 _06697_/X
 _06698_/X
 _06699_/Y
 _06700_/Y
 _06701_/X
 _06702_/X
 _06703_/Y
 _06704_/Y
 _06705_/X
 _06706_/X
 _06707_/Y
 _06708_/X
 _06709_/X
 _06710_/Y
 _06711_/Y
 _06712_/Y
 _06713_/X
 _06714_/X
 _06715_/Y
 _06716_/Y
 _06717_/X
 _06718_/Y
 _06719_/X
 _06720_/Y
 _06721_/X
 _06722_/X
 _06723_/X
 _06724_/Y
 _06725_/X
 _06726_/Y
 _06727_/Y
 _06728_/X
 _06729_/Y
 _06730_/X
 _06731_/Y
 _06732_/X
 _06733_/Y
 _06734_/Y
 _06735_/Y
 _06736_/Y
 _06737_/X
 _06738_/Y
 _06739_/Y
 _06740_/X
 _06741_/X
 _06742_/X
 _06743_/X
 _06744_/Y
 _06745_/Y
 _06746_/X
 _06747_/X
 _06748_/Y
 _06749_/Y
 _06750_/X
 _06751_/X
 _06752_/Y
 _06753_/Y
 _06754_/X
 _06755_/Y
 _06756_/Y
 _06757_/X
 _06758_/Y
 _06759_/Y
 _06760_/X
 _06761_/X
 _06762_/Y
 _06763_/Y
 _06764_/Y
 _06765_/Y
 _06766_/Y
 _06767_/X
 _06768_/X
 _06769_/X
 _06770_/Y
 _06771_/Y
 _06772_/X
 _06773_/Y
 _06774_/X
 _06775_/Y
 _06776_/X
 _06777_/Y
 _06778_/Y
 _06779_/Y
 _06780_/X
 _06781_/Y
 _06782_/Y
 _06783_/Y
 _06784_/Y
 _06785_/X
 _06786_/Y
 _06787_/X
 _06788_/Y
 _06789_/Y
 _06790_/Y
 _06791_/Y
 _06792_/X
 _06793_/Y
 _06794_/Y
 _06795_/X
 _06796_/X
 _06797_/Y
 _06798_/Y
 _06799_/X
 _06800_/Y
 _06801_/Y
 _06802_/X
 _06803_/X
 _06804_/X
 _06805_/X
 _06806_/Y
 _06807_/Y
 _06808_/Y
 _06809_/X
 _06810_/X
 _06811_/X
 _06812_/X
 _06813_/Y
 _06814_/Y
 _06815_/X
 _06816_/Y
 _06817_/Y
 _06818_/Y
 _06819_/Y
 _06820_/Y
 _06821_/X
 _06822_/Y
 _06823_/X
 _06824_/X
 _06825_/Y
 _06826_/X
 _06827_/Y
 _06828_/Y
 _06829_/X
 _06830_/X
 _06831_/Y
 _06832_/X
 _06833_/Y
 _06834_/Y
 _06835_/X
 _06836_/Y
 _06837_/X
 _06838_/X
 _06839_/X
 _06840_/X
 _06841_/Y
 _06842_/X
 _06843_/X
 _06844_/X
 _06845_/X
 _06846_/X
 _06847_/X
 _06848_/Y
 _06849_/Y
 _06850_/X
 _06851_/Y
 _06852_/X
 _06853_/X
 _06854_/Y
 _06855_/X
 _06856_/Y
 _06857_/Y
 _06858_/Y
 _06859_/Y
 _06860_/X
 _06861_/X
 _06862_/X
 _06863_/X
 _06864_/X
 _06865_/X
 _06866_/Y
 _06867_/Y
 _06868_/Y
 _06869_/Y
 _06870_/X
 _06871_/Y
 _06872_/Y
 _06873_/X
 _06874_/Y
 _06875_/X
 _06876_/Y
 _06877_/Y
 _06878_/Y
 _06879_/X
 _06880_/X
 _06881_/X
 _06882_/X
 _06883_/Y
 _06884_/Y
 _06885_/Y
 _06886_/X
 _06887_/X
 _06888_/X
 _06889_/X
 _06890_/X
 _06891_/Y
 _06892_/Y
 _06893_/X
 _06894_/Y
 _06895_/X
 _06896_/X
 _06897_/Y
 _06898_/Y
 _06899_/Y
 _06900_/X
 _06901_/Y
 _06902_/X
 _06903_/Y
 _06904_/Y
 _06905_/Y
 _06906_/X
 _06907_/Y
 _06908_/X
 _06909_/Y
 _06910_/Y
 _06911_/X
 _06912_/Y
 _06913_/X
 _06914_/Y
 _06915_/Y
 _06916_/X
 _06917_/Y
 _06918_/X
 _06919_/X
 _06920_/Y
 _06921_/X
 _06922_/Y
 _06923_/X
 _06924_/X
 _06925_/X
 _06926_/X
 _06927_/Y
 _06928_/Y
 _06929_/X
 _06930_/X
 _06931_/Y
 _06932_/Y
 _06933_/X
 _06934_/Y
 _06935_/Y
 _06936_/Y
 _06937_/X
 _06938_/Y
 _06939_/X
 _06940_/X
 _06941_/Y
 _06942_/Y
 _06943_/Y
 _06944_/X
 _06945_/X
 _06946_/X
 _06947_/X
 _06948_/X
 _06949_/Y
 _06950_/X
 _06951_/Y
 _06952_/Y
 _06953_/Y
 _06954_/Y
 _06955_/X
 _06956_/Y
 _06957_/X
 _06958_/Y
 _06959_/X
 _06960_/X
 _06961_/Y
 _06962_/Y
 _06963_/Y
 _06964_/Y
 _06965_/X
 _06966_/Y
 _06967_/X
 _06968_/Y
 _06969_/X
 _06970_/Y
 _06971_/X
 _06972_/X
 _06973_/Y
 _06974_/Y
 _06975_/Y
 _06976_/Y
 _06977_/Y
 _06978_/X
 _06979_/X
 _06980_/X
 _06981_/Y
 _06982_/Y
 _06983_/Y
 _06984_/Y
 _06985_/X
 _06986_/X
 _06987_/X
 _06988_/Y
 _06989_/X
 _06990_/X
 _06991_/X
 _06992_/Y
 _06993_/Y
 _06994_/Y
 _06995_/X
 _06996_/Y
 _06997_/Y
 _06998_/Y
 _06999_/X
 _07000_/Y
 _07001_/X
 _07002_/Y
 _07003_/X
 _07004_/X
 _07005_/Y
 _07006_/Y
 _07007_/Y
 _07008_/Y
 _07009_/Y
 _07010_/X
 _07011_/Y
 _07012_/Y
 _07013_/Y
 _07014_/Y
 _07015_/X
 _07016_/Y
 _07017_/Y
 _07018_/Y
 _07019_/Y
 _07020_/X
 _07021_/Y
 _07022_/X
 _07023_/Y
 _07024_/X
 _07025_/Y
 _07026_/Y
 _07027_/Y
 _07028_/X
 _07029_/Y
 _07030_/X
 _07031_/Y
 _07032_/X
 _07033_/X
 _07034_/Y
 _07035_/Y
 _07036_/X
 _07037_/Y
 _07038_/Y
 _07039_/X
 _07040_/Y
 _07041_/X
 _07042_/X
 _07043_/X
 _07044_/X
 _07045_/Y
 _07046_/X
 _07047_/Y
 _07048_/X
 _07049_/Y
 _07050_/X
 _07051_/X
 _07052_/Y
 _07053_/Y
 _07054_/X
 _07055_/Y
 _07056_/X
 _07057_/X
 _07058_/Y
 _07059_/Y
 _07060_/X
 _07061_/X
 _07062_/X
 _07063_/Y
 _07064_/Y
 _07065_/X
 _07066_/X
 _07067_/Y
 _07068_/Y
 _07069_/Y
 _07070_/X
 _07071_/X
 _07072_/Y
 _07073_/Y
 _07074_/Y
 _07075_/Y
 _07076_/X
 _07077_/X
 _07078_/X
 _07079_/X
 _07080_/X
 _07081_/X
 _07082_/Y
 _07083_/X
 _07084_/X
 _07085_/Y
 _07086_/X
 _07087_/Y
 _07088_/Y
 _07089_/X
 _07090_/X
 _07091_/Y
 _07092_/X
 _07093_/Y
 _07094_/Y
 _07095_/X
 _07096_/Y
 _07097_/X
 _07098_/Y
 _07099_/X
 _07100_/X
 _07101_/X
 _07102_/Y
 _07103_/X
 _07104_/X
 _07105_/Y
 _07106_/Y
 _07107_/Y
 _07108_/Y
 _07109_/X
 _07110_/X
 _07111_/Y
 _07112_/X
 _07113_/Y
 _07114_/X
 _07115_/Y
 _07116_/X
 _07117_/Y
 _07118_/X
 _07119_/Y
 _07120_/Y
 _07121_/Y
 _07122_/X
 _07123_/Y
 _07124_/X
 _07125_/Y
 _07126_/X
 _07127_/Y
 _07128_/Y
 _07129_/X
 _07130_/Y
 _07131_/Y
 _07132_/X
 _07133_/Y
 _07134_/Y
 _07135_/Y
 _07136_/Y
 _07137_/X
 _07138_/Y
 _07139_/X
 _07140_/Y
 _07141_/X
 _07142_/Y
 _07143_/Y
 _07144_/X
 _07145_/Y
 _07146_/Y
 _07147_/X
 _07148_/X
 _07149_/X
 _07150_/Y
 _07151_/Y
 _07152_/X
 _07153_/Y
 _07154_/Y
 _07155_/Y
 _07156_/Y
 _07157_/X
 _07158_/Y
 _07159_/Y
 _07160_/X
 _07161_/Y
 _07162_/Y
 _07163_/X
 _07164_/X
 _07165_/X
 _07166_/X
 _07167_/X
 _07168_/Y
 _07169_/Y
 _07170_/Y
 _07171_/Y
 _07172_/X
 _07173_/X
 _07174_/X
 _07175_/Y
 _07176_/Y
 _07177_/Y
 _07178_/X
 _07179_/Y
 _07180_/X
 _07181_/Y
 _07182_/X
 _07183_/Y
 _07184_/X
 _07185_/Y
 _07186_/Y
 _07187_/Y
 _07188_/X
 _07189_/Y
 _07190_/X
 _07191_/Y
 _07192_/X
 _07193_/X
 _07194_/Y
 _07195_/Y
 _07196_/X
 _07197_/X
 _07198_/Y
 _07199_/Y
 _07200_/X
 _07201_/X
 _07202_/Y
 _07203_/X
 _07204_/Y
 _07205_/X
 _07206_/X
 _07207_/Y
 _07208_/X
 _07209_/Y
 _07210_/Y
 _07211_/Y
 _07212_/X
 _07213_/Y
 _07214_/X
 _07215_/Y
 _07216_/Y
 _07217_/X
 _07218_/X
 _07219_/Y
 _07220_/Y
 _07221_/X
 _07222_/Y
 _07223_/X
 _07224_/X
 _07225_/Y
 _07226_/Y
 _07227_/Y
 _07228_/X
 _07229_/Y
 _07230_/X
 _07231_/X
 _07232_/Y
 _07233_/X
 _07234_/Y
 _07235_/X
 _07236_/Y
 _07237_/X
 _07238_/X
 _07239_/X
 _07240_/X
 _07241_/X
 _07242_/X
 _07243_/X
 _07244_/Y
 _07245_/Y
 _07246_/X
 _07247_/X
 _07248_/Y
 _07249_/Y
 _07250_/X
 _07251_/Y
 _07252_/X
 _07253_/Y
 _07254_/X
 _07255_/Y
 _07256_/X
 _07257_/X
 _07258_/X
 _07259_/Y
 _07260_/Y
 _07261_/X
 _07262_/Y
 _07263_/X
 _07264_/Y
 _07265_/Y
 _07266_/X
 _07267_/Y
 _07268_/X
 _07269_/Y
 _07270_/X
 _07271_/Y
 _07272_/X
 _07273_/Y
 _07274_/Y
 _07275_/X
 _07276_/Y
 _07277_/X
 _07278_/Y
 _07279_/Y
 _07280_/X
 _07281_/X
 _07282_/X
 _07283_/Y
 _07284_/X
 _07285_/X
 _07286_/X
 _07287_/X
 _07288_/X
 _07289_/Y
 _07290_/X
 _07291_/Y
 _07292_/X
 _07293_/Y
 _07294_/Y
 _07295_/X
 _07296_/Y
 _07297_/Y
 _07298_/X
 _07299_/Y
 _07300_/X
 _07301_/X
 _07302_/Y
 _07303_/X
 _07304_/Y
 _07305_/X
 _07306_/X
 _07307_/Y
 _07308_/Y
 _07309_/Y
 _07310_/X
 _07311_/X
 _07312_/X
 _07313_/X
 _07314_/Y
 _07315_/Y
 _07316_/Y
 _07317_/Y
 _07318_/Y
 _07319_/X
 _07320_/X
 _07321_/Y
 _07322_/Y
 _07323_/Y
 _07324_/X
 _07325_/X
 _07326_/X
 _07327_/Y
 _07328_/Y
 _07329_/X
 _07330_/Y
 _07331_/Y
 _07332_/X
 _07333_/Y
 _07334_/X
 _07335_/Y
 _07336_/X
 _07337_/Y
 _07338_/X
 _07339_/Y
 _07340_/X
 _07341_/Y
 _07342_/X
 _07343_/X
 _07344_/Y
 _07345_/Y
 _07346_/X
 _07347_/X
 _07348_/Y
 _07349_/Y
 _07350_/X
 _07351_/X
 _07352_/Y
 _07353_/Y
 _07354_/X
 _07355_/X
 _07356_/Y
 _07357_/Y
 _07358_/Y
 _07359_/Y
 _07360_/X
 _07361_/X
 _07362_/Y
 _07363_/X
 _07364_/Y
 _07365_/X
 _07366_/X
 _07367_/Y
 _07368_/Y
 _07369_/Y
 _07370_/X
 _07371_/Y
 _07372_/Y
 _07373_/Y
 _07374_/Y
 _07375_/X
 _07376_/Y
 _07377_/Y
 _07378_/X
 _07379_/X
 _07380_/Y
 _07381_/X
 _07382_/Y
 _07383_/X
 _07384_/X
 _07385_/Y
 _07386_/Y
 _07387_/Y
 _07388_/Y
 _07389_/X
 _07390_/X
 _07391_/X
 _07392_/Y
 _07393_/Y
 _07394_/Y
 _07395_/X
 _07396_/X
 _07397_/X
 _07398_/X
 _07399_/X
 _07400_/Y
 _07401_/X
 _07402_/Y
 _07403_/X
 _07404_/Y
 _07405_/Y
 _07406_/X
 _07407_/X
 _07408_/Y
 _07409_/Y
 _07410_/Y
 _07411_/X
 _07412_/Y
 _07413_/X
 _07414_/Y
 _07415_/X
 _07416_/Y
 _07417_/Y
 _07418_/Y
 _07419_/X
 _07420_/X
 _07421_/Y
 _07422_/Y
 _07423_/X
 _07424_/X
 _07425_/X
 _07426_/Y
 _07427_/X
 _07428_/Y
 _07429_/X
 _07430_/Y
 _07431_/Y
 _07432_/X
 _07433_/Y
 _07434_/Y
 _07435_/Y
 _07436_/X
 _07437_/Y
 _07438_/Y
 _07439_/X
 _07440_/X
 _07441_/X
 _07442_/Y
 _07443_/X
 _07444_/X
 _07445_/Y
 _07446_/Y
 _07447_/X
 _07448_/Y
 _07449_/X
 _07450_/Y
 _07451_/Y
 _07452_/Y
 _07453_/X
 _07454_/X
 _07455_/X
 _07456_/X
 _07457_/Y
 _07458_/X
 _07459_/Y
 _07460_/X
 _07461_/X
 _07462_/Y
 _07463_/X
 _07464_/Y
 _07465_/Y
 _07466_/Y
 _07467_/X
 _07468_/X
 _07469_/X
 _07470_/X
 _07471_/Y
 _07472_/X
 _07473_/X
 _07474_/Y
 _07475_/Y
 _07476_/X
 _07477_/Y
 _07478_/Y
 _07479_/Y
 _07480_/X
 _07481_/Y
 _07482_/X
 _07483_/Y
 _07484_/X
 _07485_/X
 _07486_/X
 _07487_/Y
 _07488_/X
 _07489_/X
 _07490_/Y
 _07491_/X
 _07492_/Y
 _07493_/Y
 _07494_/X
 _07495_/Y
 _07496_/X
 _07497_/X
 _07498_/X
 _07499_/X
 _07500_/Y
 _07501_/X
 _07502_/X
 _07503_/X
 _07504_/Y
 _07505_/Y
 _07506_/Y
 _07507_/X
 _07508_/Y
 _07509_/X
 _07510_/Y
 _07511_/Y
 _07512_/X
 _07513_/Y
 _07514_/X
 _07515_/X
 _07516_/Y
 _07517_/X
 _07518_/X
 _07519_/Y
 _07520_/Y
 _07521_/Y
 _07522_/Y
 _07523_/Y
 _07524_/Y
 _07525_/X
 _07526_/X
 _07527_/Y
 _07528_/X
 _07529_/Y
 _07530_/X
 _07531_/Y
 _07532_/X
 _07533_/Y
 _07534_/Y
 _07535_/Y
 _07536_/X
 _07537_/Y
 _07538_/X
 _07539_/Y
 _07540_/Y
 _07541_/Y
 _07542_/X
 _07543_/Y
 _07544_/X
 _07545_/X
 _07546_/Y
 _07547_/Y
 _07548_/X
 _07549_/Y
 _07550_/Y
 _07551_/X
 _07552_/Y
 _07553_/X
 _07554_/X
 _07555_/X
 _07556_/Y
 _07557_/X
 _07558_/X
 _07559_/X
 _07560_/Y
 _07561_/Y
 _07562_/X
 _07563_/Y
 _07564_/Y
 _07565_/Y
 _07566_/Y
 _07567_/Y
 _07568_/Y
 _07569_/Y
 _07570_/Y
 _07571_/Y
 _07572_/X
 _07573_/Y
 _07574_/X
 _07575_/X
 _07576_/X
 _07577_/Y
 _07578_/Y
 _07579_/X
 _07580_/X
 _07581_/X
 _07582_/X
 _07583_/Y
 _07584_/X
 _07585_/Y
 _07586_/X
 _07587_/X
 _07588_/X
 _07589_/Y
 _07590_/Y
 _07591_/Y
 _07592_/X
 _07593_/Y
 _07594_/X
 _07595_/Y
 _07596_/X
 _07597_/Y
 _07598_/X
 _07599_/Y
 _07600_/Y
 _07601_/Y
 _07602_/X
 _07603_/Y
 _07604_/X
 _07605_/Y
 _07606_/Y
 _07607_/X
 _07608_/Y
 _07609_/X
 _07610_/Y
 _07611_/Y
 _07612_/X
 _07613_/Y
 _07614_/X
 _07615_/Y
 _07616_/Y
 _07617_/X
 _07618_/X
 _07619_/Y
 _07620_/X
 _07621_/Y
 _07622_/Y
 _07623_/Y
 _07624_/X
 _07625_/Y
 _07626_/X
 _07627_/Y
 _07628_/Y
 _07629_/X
 _07630_/X
 _07631_/Y
 _07632_/Y
 _07633_/X
 _07634_/Y
 _07635_/X
 _07636_/Y
 _07637_/X
 _07638_/Y
 _07639_/Y
 _07640_/X
 _07641_/Y
 _07642_/X
 _07643_/X
 _07644_/X
 _07645_/Y
 _07646_/Y
 _07647_/X
 _07648_/X
 _07649_/Y
 _07650_/Y
 _07651_/Y
 _07652_/Y
 _07653_/X
 _07654_/X
 _07655_/X
 _07656_/Y
 _07657_/Y
 _07658_/X
 _07659_/X
 _07660_/Y
 _07661_/Y
 _07662_/X
 _07663_/Y
 _07664_/X
 _07665_/Y
 _07666_/X
 _07667_/Y
 _07668_/X
 _07669_/X
 _07670_/X
 _07671_/Y
 _07672_/Y
 _07673_/X
 _07674_/Y
 _07675_/X
 _07676_/Y
 _07677_/Y
 _07678_/X
 _07679_/Y
 _07680_/X
 _07681_/Y
 _07682_/X
 _07683_/X
 _07684_/Y
 _07685_/X
 _07686_/X
 _07687_/X
 _07688_/X
 _07689_/Y
 _07690_/X
 _07691_/Y
 _07692_/X
 _07693_/X
 _07694_/Y
 _07695_/Y
 _07696_/X
 _07697_/Y
 _07698_/Y
 _07699_/X
 _07700_/X
 _07701_/X
 _07702_/Y
 _07703_/X
 _07704_/Y
 _07705_/X
 _07706_/Y
 _07707_/Y
 _07708_/X
 _07709_/Y
 _07710_/Y
 _07711_/Y
 _07712_/X
 _07713_/Y
 _07714_/X
 _07715_/X
 _07716_/Y
 _07717_/X
 _07718_/Y
 _07719_/X
 _07720_/X
 _07721_/Y
 _07722_/Y
 _07723_/Y
 _07724_/X
 _07725_/X
 _07726_/X
 _07727_/X
 _07728_/Y
 _07729_/X
 _07730_/Y
 _07731_/Y
 _07732_/X
 _07733_/X
 _07734_/Y
 _07735_/Y
 _07736_/X
 _07737_/Y
 _07738_/X
 _07739_/X
 _07740_/Y
 _07741_/Y
 _07742_/X
 _07743_/Y
 _07744_/Y
 _07745_/X
 _07746_/X
 _07747_/Y
 _07748_/X
 _07749_/Y
 _07750_/X
 _07751_/Y
 _07752_/X
 _07753_/X
 _07754_/X
 _07755_/Y
 _07756_/X
 _07757_/X
 _07758_/Y
 _07759_/Y
 _07760_/X
 _07761_/X
 _07762_/Y
 _07763_/Y
 _07764_/X
 _07765_/X
 _07766_/Y
 _07767_/X
 _07768_/Y
 _07769_/X
 _07770_/Y
 _07771_/X
 _07772_/X
 _07773_/Y
 _07774_/X
 _07775_/X
 _07776_/Y
 _07777_/Y
 _07778_/X
 _07779_/Y
 _07780_/Y
 _07781_/X
 _07782_/Y
 _07783_/Y
 _07784_/X
 _07785_/Y
 _07786_/Y
 _07787_/Y
 _07788_/X
 _07789_/Y
 _07790_/Y
 _07791_/X
 _07792_/X
 _07793_/X
 _07794_/X
 _07795_/Y
 _07796_/X
 _07797_/Y
 _07798_/X
 _07799_/Y
 _07800_/Y
 _07801_/Y
 _07802_/X
 _07803_/X
 _07804_/Y
 _07805_/Y
 _07806_/Y
 _07807_/Y
 _07808_/X
 _07809_/Y
 _07810_/X
 _07811_/X
 _07812_/X
 _07813_/X
 _07814_/X
 _07815_/Y
 _07816_/X
 _07817_/Y
 _07818_/X
 _07819_/Y
 _07820_/Y
 _07821_/X
 _07822_/Y
 _07823_/Y
 _07824_/Y
 _07825_/X
 _07826_/X
 _07827_/Y
 _07828_/Y
 _07829_/Y
 _07830_/X
 _07831_/X
 _07832_/X
 _07833_/X
 _07834_/X
 _07835_/Y
 _07836_/X
 _07837_/X
 _07838_/X
 _07839_/Y
 _07840_/X
 _07841_/X
 _07842_/Y
 _07843_/X
 _07844_/Y
 _07845_/X
 _07846_/Y
 _07847_/Y
 _07848_/Y
 _07849_/X
 _07850_/Y
 _07851_/X
 _07852_/X
 _07853_/Y
 _07854_/X
 _07855_/Y
 _07856_/X
 _07857_/X
 _07858_/X
 _07859_/Y
 _07860_/X
 _07861_/Y
 _07862_/X
 _07863_/Y
 _07864_/Y
 _07865_/Y
 _07866_/X
 _07867_/Y
 _07868_/Y
 _07869_/X
 _07870_/Y
 _07871_/X
 _07872_/X
 _07873_/Y
 _07874_/X
 _07875_/Y
 _07876_/X
 _07877_/Y
 _07878_/X
 _07879_/X
 _07880_/X
 _07881_/Y
 _07882_/Y
 _07883_/X
 _07884_/Y
 _07885_/X
 _07886_/X
 _07887_/X
 _07888_/X
 _07889_/Y
 _07890_/X
 _07891_/Y
 _07892_/X
 _07893_/Y
 _07894_/Y
 _07895_/X
 _07896_/Y
 _07897_/X
 _07898_/Y
 _07899_/X
 _07900_/Y
 _07901_/X
 _07902_/Y
 _07903_/X
 _07904_/X
 _07905_/Y
 _07906_/Y
 _07907_/X
 _07908_/Y
 _07909_/X
 _07910_/Y
 _07911_/X
 _07912_/Y
 _07913_/X
 _07914_/X
 _07915_/Y
 _07916_/Y
 _07917_/X
 _07918_/X
 _07919_/X
 _07920_/Y
 _07921_/X
 _07922_/Y
 _07923_/Y
 _07924_/X
 _07925_/Y
 _07926_/X
 _07927_/Y
 _07928_/X
 _07929_/X
 _07930_/Y
 _07931_/X
 _07932_/X
 _07933_/Y
 _07934_/Y
 _07935_/Y
 _07936_/Y
 _07937_/Y
 _07938_/Y
 _07939_/X
 _07940_/X
 _07941_/Y
 _07942_/X
 _07943_/Y
 _07944_/X
 _07945_/Y
 _07946_/X
 _07947_/Y
 _07948_/Y
 _07949_/Y
 _07950_/X
 _07951_/Y
 _07952_/X
 _07953_/Y
 _07954_/Y
 _07955_/Y
 _07956_/X
 _07957_/Y
 _07958_/X
 _07959_/X
 _07960_/Y
 _07961_/Y
 _07962_/X
 _07963_/Y
 _07964_/Y
 _07965_/X
 _07966_/Y
 _07967_/X
 _07968_/X
 _07969_/X
 _07970_/Y
 _07971_/X
 _07972_/X
 _07973_/X
 _07974_/Y
 _07975_/Y
 _07976_/X
 _07977_/Y
 _07978_/Y
 _07979_/Y
 _07980_/Y
 _07981_/Y
 _07982_/Y
 _07983_/Y
 _07984_/Y
 _07985_/Y
 _07986_/X
 _07987_/Y
 _07988_/X
 _07989_/Y
 _07990_/X
 _07991_/X
 _07992_/X
 _07993_/Y
 _07994_/X
 _07995_/Y
 _07996_/Y
 _07997_/X
 _07998_/Y
 _07999_/X
 _08000_/X
 _08001_/X
 _08002_/Y
 _08003_/Y
 _08004_/Y
 _08005_/X
 _08006_/Y
 _08007_/X
 _08008_/Y
 _08009_/X
 _08010_/Y
 _08011_/X
 _08012_/Y
 _08013_/Y
 _08014_/Y
 _08015_/X
 _08016_/Y
 _08017_/X
 _08018_/Y
 _08019_/Y
 _08020_/X
 _08021_/Y
 _08022_/X
 _08023_/Y
 _08024_/X
 _08025_/Y
 _08026_/X
 _08027_/Y
 _08028_/X
 _08029_/Y
 _08030_/Y
 _08031_/X
 _08032_/X
 _08033_/Y
 _08034_/X
 _08035_/Y
 _08036_/Y
 _08037_/Y
 _08038_/X
 _08039_/Y
 _08040_/Y
 _08041_/Y
 _08042_/X
 _08043_/Y
 _08044_/X
 _08045_/Y
 _08046_/X
 _08047_/Y
 _08048_/Y
 _08049_/Y
 _08050_/X
 _08051_/Y
 _08052_/Y
 _08053_/Y
 _08054_/X
 _08055_/X
 _08056_/Y
 _08057_/Y
 _08058_/Y
 _08059_/X
 _08060_/Y
 _08061_/X
 _08062_/Y
 _08063_/X
 _08064_/Y
 _08065_/X
 _08066_/Y
 _08067_/Y
 _08068_/X
 _08069_/Y
 _08070_/X
 _08071_/Y
 _08072_/X
 _08073_/Y
 _08074_/X
 _08075_/Y
 _08076_/X
 _08077_/Y
 _08078_/Y
 _08079_/Y
 _08080_/Y
 _08081_/X
 _08082_/X
 _08083_/X
 _08084_/Y
 _08085_/Y
 _08086_/X
 _08087_/Y
 _08088_/X
 _08089_/Y
 _08090_/Y
 _08091_/X
 _08092_/Y
 _08093_/X
 _08094_/Y
 _08095_/Y
 _08096_/X
 _08097_/Y
 _08098_/Y
 _08099_/X
 _08100_/Y
 _08101_/X
 _08102_/Y
 _08103_/X
 _08104_/X
 _08105_/Y
 _08106_/Y
 _08107_/X
 _08108_/Y
 _08109_/X
 _08110_/X
 _08111_/X
 _08112_/X
 _08113_/Y
 _08114_/X
 _08115_/Y
 _08116_/X
 _08117_/Y
 _08118_/Y
 _08119_/X
 _08120_/Y
 _08121_/Y
 _08122_/X
 _08123_/Y
 _08124_/X
 _08125_/X
 _08126_/Y
 _08127_/X
 _08128_/Y
 _08129_/X
 _08130_/X
 _08131_/Y
 _08132_/X
 _08133_/Y
 _08134_/Y
 _08135_/X
 _08136_/X
 _08137_/X
 _08138_/Y
 _08139_/Y
 _08140_/Y
 _08141_/Y
 _08142_/X
 _08143_/X
 _08144_/X
 _08145_/Y
 _08146_/Y
 _08147_/X
 _08148_/X
 _08149_/X
 _08150_/X
 _08151_/Y
 _08152_/X
 _08153_/Y
 _08154_/X
 _08155_/Y
 _08156_/Y
 _08157_/X
 _08158_/Y
 _08159_/Y
 _08160_/X
 _08161_/Y
 _08162_/X
 _08163_/Y
 _08164_/X
 _08165_/Y
 _08166_/X
 _08167_/Y
 _08168_/X
 _08169_/Y
 _08170_/X
 _08171_/X
 _08172_/Y
 _08173_/Y
 _08174_/X
 _08175_/X
 _08176_/Y
 _08177_/Y
 _08178_/X
 _08179_/Y
 _08180_/X
 _08181_/X
 _08182_/X
 _08183_/Y
 _08184_/Y
 _08185_/X
 _08186_/Y
 _08187_/X
 _08188_/X
 _08189_/X
 _08190_/Y
 _08191_/Y
 _08192_/Y
 _08193_/Y
 _08194_/Y
 _08195_/X
 _08196_/Y
 _08197_/Y
 _08198_/Y
 _08199_/X
 _08200_/Y
 _08201_/Y
 _08202_/Y
 _08203_/Y
 _08204_/X
 _08205_/Y
 _08206_/Y
 _08207_/X
 _08208_/X
 _08209_/Y
 _08210_/X
 _08211_/Y
 _08212_/X
 _08213_/X
 _08214_/Y
 _08215_/Y
 _08216_/X
 _08217_/X
 _08218_/Y
 _08219_/Y
 _08220_/X
 _08221_/Y
 _08222_/X
 _08223_/Y
 _08224_/X
 _08225_/X
 _08226_/X
 _08227_/X
 _08228_/Y
 _08229_/X
 _08230_/Y
 _08231_/X
 _08232_/Y
 _08233_/Y
 _08234_/X
 _08235_/Y
 _08236_/Y
 _08237_/Y
 _08238_/Y
 _08239_/X
 _08240_/Y
 _08241_/X
 _08242_/Y
 _08243_/X
 _08244_/Y
 _08245_/Y
 _08246_/Y
 _08247_/Y
 _08248_/X
 _08249_/X
 _08250_/Y
 _08251_/Y
 _08252_/X
 _08253_/X
 _08254_/Y
 _08255_/X
 _08256_/Y
 _08257_/Y
 _08258_/X
 _08259_/Y
 _08260_/X
 _08261_/Y
 _08262_/Y
 _08263_/X
 _08264_/Y
 _08265_/Y
 _08266_/X
 _08267_/X
 _08268_/Y
 _08269_/Y
 _08270_/Y
 _08271_/Y
 _08272_/Y
 _08273_/X
 _08274_/Y
 _08275_/Y
 _08276_/Y
 _08277_/Y
 _08278_/Y
 _08279_/X
 _08280_/X
 _08281_/X
 _08282_/Y
 _08283_/X
 _08284_/Y
 _08285_/X
 _08286_/X
 _08287_/Y
 _08288_/X
 _08289_/Y
 _08290_/X
 _08291_/X
 _08292_/Y
 _08293_/X
 _08294_/Y
 _08295_/X
 _08296_/X
 _08297_/Y
 _08298_/X
 _08299_/X
 _08300_/Y
 _08301_/Y
 _08302_/Y
 _08303_/X
 _08304_/Y
 _08305_/Y
 _08306_/X
 _08307_/X
 _08308_/Y
 _08309_/X
 _08310_/Y
 _08311_/Y
 _08312_/Y
 _08313_/Y
 _08314_/Y
 _08315_/X
 _08316_/X
 _08317_/Y
 _08318_/Y
 _08319_/X
 _08320_/Y
 _08321_/Y
 _08322_/Y
 _08323_/X
 _08324_/Y
 _08325_/X
 _08326_/X
 _08327_/Y
 _08328_/Y
 _08329_/Y
 _08330_/X
 _08331_/X
 _08332_/Y
 _08333_/Y
 _08334_/Y
 _08335_/Y
 _08336_/Y
 _08337_/Y
 _08338_/X
 _08339_/X
 _08340_/Y
 _08341_/X
 _08342_/Y
 _08343_/X
 _08344_/Y
 _08345_/X
 _08346_/Y
 _08347_/X
 _08348_/X
 _08349_/X
 _08350_/X
 _08351_/Y
 _08352_/Y
 _08353_/X
 _08354_/X
 _08355_/Y
 _08356_/Y
 _08357_/X
 _08358_/Y
 _08359_/X
 _08360_/X
 _08361_/Y
 _08362_/Y
 _08363_/Y
 _08364_/X
 _08365_/X
 _08366_/Y
 _08367_/Y
 _08368_/X
 _08369_/Y
 _08370_/X
 _08371_/Y
 _08372_/X
 _08373_/Y
 _08374_/X
 _08375_/Y
 _08376_/X
 _08377_/X
 _08378_/Y
 _08379_/Y
 _08380_/X
 _08381_/Y
 _08382_/X
 _08383_/X
 _08384_/X
 _08385_/Y
 _08386_/Y
 _08387_/X
 _08388_/X
 _08389_/X
 _08390_/Y
 _08391_/X
 _08392_/X
 _08393_/Y
 _08394_/Y
 _08395_/Y
 _08396_/X
 _08397_/Y
 _08398_/Y
 _08399_/X
 _08400_/Y
 _08401_/X
 _08402_/X
 _08403_/X
 _08404_/Y
 _08405_/Y
 _08406_/X
 _08407_/X
 _08408_/Y
 _08409_/X
 _08410_/X
 _08411_/Y
 _08412_/Y
 _08413_/X
 _08414_/Y
 _08415_/X
 _08416_/X
 _08417_/Y
 _08418_/X
 _08419_/Y
 _08420_/X
 _08421_/Y
 _08422_/X
 _08423_/Y
 _08424_/Y
 _08425_/Y
 _08426_/X
 _08427_/Y
 _08428_/Y
 _08429_/X
 _08430_/Y
 _08431_/Y
 _08432_/X
 _08433_/X
 _08434_/Y
 _08435_/Y
 _08436_/Y
 _08437_/X
 _08438_/X
 _08439_/X
 _08440_/Y
 _08441_/X
 _08442_/Y
 _08443_/X
 _08444_/Y
 _08445_/Y
 _08446_/X
 _08447_/Y
 _08448_/X
 _08449_/X
 _08450_/X
 _08451_/X
 _08452_/X
 _08453_/Y
 _08454_/Y
 _08455_/Y
 _08456_/X
 _08457_/X
 _08458_/X
 _08459_/X
 _08460_/Y
 _08461_/X
 _08462_/Y
 _08463_/Y
 _08464_/Y
 _08465_/Y
 _08466_/Y
 _08467_/X
 _08468_/Y
 _08469_/X
 _08470_/X
 _08471_/Y
 _08472_/Y
 _08473_/Y
 _08474_/X
 _08475_/Y
 _08476_/Y
 _08477_/X
 _08478_/Y
 _08479_/Y
 _08480_/X
 _08481_/X
 _08482_/X
 _08483_/X
 _08484_/Y
 _08485_/Y
 _08486_/X
 _08487_/X
 _08488_/Y
 _08489_/Y
 _08490_/Y
 _08491_/Y
 _08492_/X
 _08493_/Y
 _08494_/X
 _08495_/X
 _08496_/Y
 _08497_/X
 _08498_/Y
 _08499_/X
 _08500_/X
 _08501_/X
 _08502_/Y
 _08503_/X
 _08504_/Y
 _08505_/Y
 _08506_/X
 _08507_/Y
 _08508_/Y
 _08509_/Y
 _08510_/X
 _08511_/X
 _08512_/X
 _08513_/Y
 _08514_/X
 _08515_/X
 _08516_/Y
 _08517_/Y
 _08518_/X
 _08519_/X
 _08520_/X
 _08521_/X
 _08522_/X
 _08523_/Y
 _08524_/X
 _08525_/Y
 _08526_/Y
 _08527_/X
 _08528_/Y
 _08529_/X
 _08530_/Y
 _08531_/X
 _08532_/X
 _08533_/X
 _08534_/Y
 _08535_/X
 _08536_/Y
 _08537_/X
 _08538_/Y
 _08539_/Y
 _08540_/X
 _08541_/Y
 _08542_/X
 _08543_/X
 _08544_/Y
 _08545_/Y
 _08546_/Y
 _08547_/X
 _08548_/Y
 _08549_/X
 _08550_/Y
 _08551_/Y
 _08552_/X
 _08553_/Y
 _08554_/X
 _08555_/Y
 _08556_/Y
 _08557_/X
 _08558_/X
 _08559_/X
 _08560_/Y
 _08561_/Y
 _08562_/X
 _08563_/Y
 _08564_/Y
 _08565_/Y
 _08566_/X
 _08567_/X
 _08568_/X
 _08569_/X
 _08570_/Y
 _08571_/X
 _08572_/Y
 _08573_/Y
 _08574_/X
 _08575_/Y
 _08576_/Y
 _08577_/Y
 _08578_/X
 _08579_/Y
 _08580_/X
 _08581_/X
 _08582_/Y
 _08583_/X
 _08584_/Y
 _08585_/X
 _08586_/X
 _08587_/Y
 _08588_/Y
 _08589_/Y
 _08590_/X
 _08591_/Y
 _08592_/Y
 _08593_/Y
 _08594_/Y
 _08595_/X
 _08596_/Y
 _08597_/Y
 _08598_/Y
 _08599_/X
 _08600_/X
 _08601_/Y
 _08602_/Y
 _08603_/X
 _08604_/X
 _08605_/Y
 _08606_/X
 _08607_/Y
 _08608_/X
 _08609_/Y
 _08610_/X
 _08611_/X
 _08612_/Y
 _08613_/X
 _08614_/Y
 _08615_/Y
 _08616_/X
 _08617_/Y
 _08618_/Y
 _08619_/X
 _08620_/X
 _08621_/Y
 _08622_/X
 _08623_/Y
 _08624_/X
 _08625_/X
 _08626_/X
 _08627_/Y
 _08628_/Y
 _08629_/X
 _08630_/Y
 _08631_/X
 _08632_/X
 _08633_/Y
 _08634_/Y
 _08635_/Y
 _08636_/Y
 _08637_/X
 _08638_/Y
 _08639_/Y
 _08640_/X
 _08641_/Y
 _08642_/Y
 _08643_/Y
 _08644_/X
 _08645_/Y
 _08646_/X
 _08647_/X
 _08648_/X
 _08649_/X
 _08650_/X
 _08651_/Y
 _08652_/Y
 _08653_/Y
 _08654_/Y
 _08655_/Y
 _08656_/Y
 _08657_/Y
 _08658_/Y
 _08659_/X
 _08660_/X
 _08661_/X
 _08662_/Y
 _08663_/X
 _08664_/X
 _08665_/X
 _08666_/X
 _08667_/Y
 _08668_/X
 _08669_/Y
 _08670_/X
 _08671_/X
 _08672_/X
 _08673_/X
 _08674_/Y
 _08675_/X
 _08676_/X
 _08677_/Y
 _08678_/Y
 _08679_/Y
 _08680_/X
 _08681_/Y
 _08682_/Y
 _08683_/Y
 _08684_/Y
 _08685_/Y
 _08686_/X
 _08687_/X
 _08688_/X
 _08689_/Y
 _08690_/Y
 _08691_/X
 _08692_/X
 _08693_/X
 _08694_/X
 _08695_/X
 _08696_/Y
 _08697_/Y
 _08698_/Y
 _08699_/X
 _08700_/Y
 _08701_/Y
 _08702_/Y
 _08703_/X
 _08704_/X
 _08705_/X
 _08706_/Y
 _08707_/Y
 _08708_/Y
 _08709_/X
 _08710_/Y
 _08711_/X
 _08712_/X
 _08713_/Y
 _08714_/X
 _08715_/Y
 _08716_/Y
 _08717_/X
 _08718_/Y
 _08719_/Y
 _08720_/Y
 _08721_/X
 _08722_/Y
 _08723_/Y
 _08724_/X
 _08725_/Y
 _08726_/X
 _08727_/X
 _08728_/X
 _08729_/Y
 _08730_/X
 _08731_/Y
 _08732_/Y
 _08733_/X
 _08734_/Y
 _08735_/Y
 _08736_/X
 _08737_/Y
 _08738_/X
 _08739_/Y
 _08740_/Y
 _08741_/X
 _08742_/Y
 _08743_/X
 _08744_/X
 _08745_/Y
 _08746_/X
 _08747_/X
 _08748_/Y
 _08749_/Y
 _08750_/Y
 _08751_/Y
 _08752_/Y
 _08753_/Y
 _08754_/X
 _08755_/X
 _08756_/Y
 _08757_/X
 _08758_/Y
 _08759_/X
 _08760_/Y
 _08761_/X
 _08762_/Y
 _08763_/Y
 _08764_/Y
 _08765_/X
 _08766_/Y
 _08767_/X
 _08768_/Y
 _08769_/Y
 _08770_/Y
 _08771_/X
 _08772_/Y
 _08773_/X
 _08774_/X
 _08775_/Y
 _08776_/Y
 _08777_/X
 _08778_/Y
 _08779_/Y
 _08780_/X
 _08781_/Y
 _08782_/X
 _08783_/X
 _08784_/X
 _08785_/Y
 _08786_/X
 _08787_/X
 _08788_/X
 _08789_/Y
 _08790_/Y
 _08791_/X
 _08792_/Y
 _08793_/Y
 _08794_/Y
 _08795_/Y
 _08796_/Y
 _08797_/Y
 _08798_/Y
 _08799_/Y
 _08800_/X
 _08801_/X
 _08802_/Y
 _08803_/Y
 _08804_/X
 _08805_/X
 _08806_/X
 _08807_/Y
 _08808_/Y
 _08809_/X
 _08810_/X
 _08811_/X
 _08812_/X
 _08813_/Y
 _08814_/X
 _08815_/X
 _08816_/X
 _08817_/Y
 _08818_/Y
 _08819_/Y
 _08820_/X
 _08821_/Y
 _08822_/X
 _08823_/Y
 _08824_/X
 _08825_/Y
 _08826_/X
 _08827_/Y
 _08828_/Y
 _08829_/Y
 _08830_/X
 _08831_/Y
 _08832_/X
 _08833_/Y
 _08834_/Y
 _08835_/X
 _08836_/Y
 _08837_/Y
 _08838_/X
 _08839_/X
 _08840_/Y
 _08841_/X
 _08842_/Y
 _08843_/Y
 _08844_/Y
 _08845_/Y
 _08846_/Y
 _08847_/X
 _08848_/X
 _08849_/Y
 _08850_/X
 _08851_/Y
 _08852_/Y
 _08853_/Y
 _08854_/X
 _08855_/Y
 _08856_/X
 _08857_/Y
 _08858_/X
 _08859_/Y
 _08860_/X
 _08861_/Y
 _08862_/X
 _08863_/Y
 _08864_/Y
 _08865_/X
 _08866_/X
 _08867_/Y
 _08868_/Y
 _08869_/Y
 _08870_/X
 _08871_/X
 _08872_/Y
 _08873_/X
 _08874_/X
 _08875_/X
 _08876_/Y
 _08877_/Y
 _08878_/X
 _08879_/X
 _08880_/X
 _08881_/Y
 _08882_/X
 _08883_/Y
 _08884_/X
 _08885_/X
 _08886_/Y
 _08887_/X
 _08888_/Y
 _08889_/X
 _08890_/Y
 _08891_/X
 _08892_/Y
 _08893_/X
 _08894_/Y
 _08895_/X
 _08896_/Y
 _08897_/X
 _08898_/Y
 _08899_/X
 _08900_/X
 _08901_/Y
 _08902_/Y
 _08903_/Y
 _08904_/X
 _08905_/Y
 _08906_/X
 _08907_/Y
 _08908_/Y
 _08909_/X
 _08910_/Y
 _08911_/X
 _08912_/Y
 _08913_/X
 _08914_/Y
 _08915_/X
 _08916_/Y
 _08917_/Y
 _08918_/X
 _08919_/Y
 _08920_/Y
 _08921_/X
 _08922_/Y
 _08923_/X
 _08924_/Y
 _08925_/Y
 _08926_/X
 _08927_/Y
 _08928_/X
 _08929_/X
 _08930_/X
 _08931_/Y
 _08932_/Y
 _08933_/X
 _08934_/X
 _08935_/Y
 _08936_/Y
 _08937_/X
 _08938_/Y
 _08939_/X
 _08940_/Y
 _08941_/X
 _08942_/Y
 _08943_/X
 _08944_/Y
 _08945_/X
 _08946_/Y
 _08947_/X
 _08948_/X
 _08949_/Y
 _08950_/Y
 _08951_/Y
 _08952_/X
 _08953_/X
 _08954_/X
 _08955_/Y
 _08956_/Y
 _08957_/Y
 _08958_/Y
 _08959_/X
 _08960_/Y
 _08961_/X
 _08962_/Y
 _08963_/Y
 _08964_/Y
 _08965_/X
 _08966_/X
 _08967_/Y
 _08968_/X
 _08969_/Y
 _08970_/Y
 _08971_/X
 _08972_/Y
 _08973_/X
 _08974_/X
 _08975_/Y
 _08976_/Y
 _08977_/X
 _08978_/Y
 _08979_/Y
 _08980_/X
 _08981_/Y
 _08982_/Y
 _08983_/X
 _08984_/X
 _08985_/Y
 _08986_/Y
 _08987_/X
 _08988_/Y
 _08989_/Y
 _08990_/X
 _08991_/X
 _08992_/Y
 _08993_/Y
 _08994_/Y
 _08995_/Y
 _08996_/X
 _08997_/X
 _08998_/Y
 _08999_/X
 _09000_/Y
 _09001_/X
 _09002_/Y
 _09003_/X
 _09004_/X
 _09005_/X
 _09006_/Y
 _09007_/Y
 _09008_/X
 _09009_/Y
 _09010_/X
 _09011_/X
 _09012_/Y
 _09013_/X
 _09014_/X
 _09015_/Y
 _09016_/Y
 _09017_/Y
 _09018_/X
 _09019_/Y
 _09020_/Y
 _09021_/X
 _09022_/Y
 _09023_/Y
 _09024_/Y
 _09025_/Y
 _09026_/X
 _09027_/Y
 _09028_/X
 _09029_/Y
 _09030_/Y
 _09031_/Y
 _09032_/X
 _09033_/Y
 _09034_/Y
 _09035_/X
 _09036_/X
 _09037_/X
 _09038_/X
 _09039_/Y
 _09040_/X
 _09041_/X
 _09042_/X
 _09043_/Y
 _09044_/Y
 _09045_/Y
 _09046_/X
 _09047_/Y
 _09048_/Y
 _09049_/X
 _09050_/X
 _09051_/X
 _09052_/X
 _09053_/Y
 _09054_/X
 _09055_/X
 _09056_/X
 _09057_/Y
 _09058_/X
 _09059_/Y
 _09060_/X
 _09061_/X
 _09062_/Y
 _09063_/Y
 _09064_/Y
 _09065_/X
 _09066_/Y
 _09067_/X
 _09068_/X
 _09069_/X
 _09070_/Y
 _09071_/X
 _09072_/X
 _09073_/X
 _09074_/X
 _09075_/Y
 _09076_/X
 _09077_/Y
 _09078_/X
 _09079_/Y
 _09080_/Y
 _09081_/X
 _09082_/Y
 _09083_/Y
 _09084_/Y
 _09085_/X
 _09086_/X
 _09087_/Y
 _09088_/X
 _09089_/X
 _09090_/Y
 _09091_/Y
 _09092_/Y
 _09093_/X
 _09094_/Y
 _09095_/X
 _09096_/Y
 _09097_/Y
 _09098_/X
 _09099_/X
 _09100_/X
 _09101_/X
 _09102_/X
 _09103_/Y
 _09104_/X
 _09105_/Y
 _09106_/X
 _09107_/Y
 _09108_/Y
 _09109_/Y
 _09110_/Y
 _09111_/X
 _09112_/Y
 _09113_/Y
 _09114_/Y
 _09115_/X
 _09116_/Y
 _09117_/X
 _09118_/X
 _09119_/X
 _09120_/Y
 _09121_/Y
 _09122_/X
 _09123_/Y
 _09124_/X
 _09125_/Y
 _09126_/Y
 _09127_/X
 _09128_/Y
 _09129_/X
 _09130_/X
 _09131_/Y
 _09132_/X
 _09133_/Y
 _09134_/Y
 _09135_/Y
 _09136_/X
 _09137_/X
 _09138_/X
 _09139_/X
 _09140_/Y
 _09141_/Y
 _09142_/Y
 _09143_/Y
 _09144_/X
 _09145_/Y
 _09146_/Y
 _09147_/X
 _09148_/Y
 _09149_/Y
 _09150_/X
 _09151_/Y
 _09152_/X
 _09153_/X
 _09154_/Y
 _09155_/X
 _09156_/X
 _09157_/Y
 _09158_/Y
 _09159_/Y
 _09160_/Y
 _09161_/Y
 _09162_/Y
 _09163_/X
 _09164_/X
 _09165_/Y
 _09166_/X
 _09167_/Y
 _09168_/X
 _09169_/Y
 _09170_/X
 _09171_/Y
 _09172_/Y
 _09173_/Y
 _09174_/X
 _09175_/Y
 _09176_/X
 _09177_/Y
 _09178_/Y
 _09179_/Y
 _09180_/X
 _09181_/Y
 _09182_/X
 _09183_/X
 _09184_/Y
 _09185_/Y
 _09186_/X
 _09187_/Y
 _09188_/Y
 _09189_/X
 _09190_/Y
 _09191_/X
 _09192_/X
 _09193_/X
 _09194_/Y
 _09195_/X
 _09196_/X
 _09197_/X
 _09198_/Y
 _09199_/Y
 _09200_/X
 _09201_/Y
 _09202_/Y
 _09203_/Y
 _09204_/Y
 _09205_/Y
 _09206_/Y
 _09207_/Y
 _09208_/Y
 _09209_/X
 _09210_/X
 _09211_/Y
 _09212_/Y
 _09213_/X
 _09214_/X
 _09215_/X
 _09216_/Y
 _09217_/Y
 _09218_/X
 _09219_/X
 _09220_/X
 _09221_/X
 _09222_/Y
 _09223_/X
 _09224_/X
 _09225_/X
 _09226_/Y
 _09227_/Y
 _09228_/Y
 _09229_/X
 _09230_/Y
 _09231_/X
 _09232_/Y
 _09233_/X
 _09234_/Y
 _09235_/X
 _09236_/Y
 _09237_/Y
 _09238_/Y
 _09239_/X
 _09240_/Y
 _09241_/X
 _09242_/Y
 _09243_/Y
 _09244_/X
 _09245_/Y
 _09246_/Y
 _09247_/X
 _09248_/X
 _09249_/Y
 _09250_/X
 _09251_/Y
 _09252_/Y
 _09253_/Y
 _09254_/Y
 _09255_/Y
 _09256_/X
 _09257_/X
 _09258_/Y
 _09259_/X
 _09260_/Y
 _09261_/Y
 _09262_/Y
 _09263_/X
 _09264_/Y
 _09265_/X
 _09266_/Y
 _09267_/Y
 _09268_/X
 _09269_/X
 _09270_/Y
 _09271_/Y
 _09272_/X
 _09273_/Y
 _09274_/X
 _09275_/X
 _09276_/Y
 _09277_/Y
 _09278_/Y
 _09279_/X
 _09280_/Y
 _09281_/Y
 _09282_/X
 _09283_/X
 _09284_/X
 _09285_/Y
 _09286_/Y
 _09287_/X
 _09288_/X
 _09289_/Y
 _09290_/X
 _09291_/Y
 _09292_/X
 _09293_/Y
 _09294_/X
 _09295_/Y
 _09296_/X
 _09297_/Y
 _09298_/X
 _09299_/Y
 _09300_/X
 _09301_/Y
 _09302_/X
 _09303_/Y
 _09304_/X
 _09305_/Y
 _09306_/X
 _09307_/X
 _09308_/Y
 _09309_/Y
 _09310_/Y
 _09311_/X
 _09312_/Y
 _09313_/X
 _09314_/Y
 _09315_/Y
 _09316_/X
 _09317_/Y
 _09318_/X
 _09319_/Y
 _09320_/X
 _09321_/Y
 _09322_/X
 _09323_/Y
 _09324_/Y
 _09325_/Y
 _09326_/Y
 _09327_/X
 _09328_/X
 _09329_/Y
 _09330_/X
 _09331_/X
 _09332_/X
 _09333_/Y
 _09334_/X
 _09335_/X
 _09336_/X
 _09337_/X
 _09338_/Y
 _09339_/X
 _09340_/Y
 _09341_/Y
 _09342_/X
 _09343_/Y
 _09344_/X
 _09345_/Y
 _09346_/X
 _09347_/Y
 _09348_/X
 _09349_/Y
 _09350_/X
 _09351_/Y
 _09352_/X
 _09353_/Y
 _09354_/X
 _09355_/X
 _09356_/Y
 _09357_/Y
 _09358_/Y
 _09359_/X
 _09360_/X
 _09361_/X
 _09362_/Y
 _09363_/Y
 _09364_/Y
 _09365_/Y
 _09366_/X
 _09367_/Y
 _09368_/X
 _09369_/Y
 _09370_/Y
 _09371_/X
 _09372_/X
 _09373_/X
 _09374_/Y
 _09375_/Y
 _09376_/Y
 _09377_/Y
 _09378_/Y
 _09379_/X
 _09380_/Y
 _09381_/X
 _09382_/Y
 _09383_/Y
 _09384_/Y
 _09385_/Y
 _09386_/X
 _09387_/Y
 _09388_/Y
 _09389_/X
 _09390_/X
 _09391_/Y
 _09392_/Y
 _09393_/X
 _09394_/Y
 _09395_/Y
 _09396_/X
 _09397_/Y
 _09398_/X
 _09399_/X
 _09400_/Y
 _09401_/Y
 _09402_/X
 _09403_/Y
 _09404_/Y
 _09405_/Y
 _09406_/Y
 _09407_/Y
 _09408_/Y
 _09409_/Y
 _09410_/X
 _09411_/Y
 _09412_/Y
 _09413_/X
 _09414_/X
 _09415_/X
 _09416_/Y
 _09417_/X
 _09418_/Y
 _09419_/Y
 _09420_/X
 _09421_/X
 _09422_/Y
 _09423_/Y
 _09424_/Y
 _09425_/X
 _09426_/Y
 _09427_/Y
 _09428_/X
 _09429_/Y
 _09430_/Y
 _09431_/Y
 _09432_/X
 _09433_/Y
 _09434_/X
 _09435_/X
 _09436_/Y
 _09437_/Y
 _09438_/Y
 _09439_/X
 _09440_/Y
 _09441_/Y
 _09442_/X
 _09443_/X
 _09444_/Y
 _09445_/X
 _09446_/Y
 _09447_/X
 _09448_/Y
 _09449_/X
 _09450_/X
 _09451_/X
 _09452_/X
 _09453_/Y
 _09454_/X
 _09455_/Y
 _09456_/X
 _09457_/Y
 _09458_/Y
 _09459_/X
 _09460_/Y
 _09461_/Y
 _09462_/Y
 _09463_/X
 _09464_/X
 _09465_/X
 _09466_/Y
 _09467_/Y
 _09468_/X
 _09469_/Y
 _09470_/Y
 _09471_/X
 _09472_/X
 _09473_/Y
 _09474_/X
 _09475_/Y
 _09476_/Y
 _09477_/Y
 _09478_/X
 _09479_/Y
 _09480_/X
 _09481_/Y
 _09482_/X
 _09483_/X
 _09484_/X
 _09485_/Y
 _09486_/X
 _09487_/Y
 _09488_/X
 _09489_/Y
 _09490_/Y
 _09491_/X
 _09492_/Y
 _09493_/Y
 _09494_/X
 _09495_/X
 _09496_/Y
 _09497_/Y
 _09498_/X
 _09499_/X
 _09500_/X
 _09501_/Y
 _09502_/X
 _09503_/Y
 _09504_/Y
 _09505_/X
 _09506_/Y
 _09507_/X
 _09508_/X
 _09509_/Y
 _09510_/X
 _09511_/X
 _09512_/X
 _09513_/X
 _09514_/X
 _09515_/Y
 _09516_/X
 _09517_/Y
 _09518_/X
 _09519_/X
 _09520_/X
 _09521_/Y
 _09522_/X
 _09523_/X
 _09524_/Y
 _09525_/Y
 _09526_/X
 _09527_/Y
 _09528_/X
 _09529_/Y
 _09530_/Y
 _09531_/Y
 _09532_/Y
 _09533_/Y
 _09534_/X
 _09535_/Y
 _09536_/Y
 _09537_/Y
 _09538_/Y
 _09539_/Y
 _09540_/X
 _09541_/Y
 _09542_/Y
 _09543_/X
 _09544_/Y
 _09545_/Y
 _09546_/Y
 _09547_/Y
 _09548_/X
 _09549_/X
 _09550_/Y
 _09551_/X
 _09552_/X
 _09553_/X
 _09554_/Y
 _09555_/X
 _09556_/Y
 _09557_/X
 _09558_/Y
 _09559_/Y
 _09560_/X
 _09561_/Y
 _09562_/Y
 _09563_/X
 _09564_/Y
 _09565_/X
 _09566_/X
 _09567_/Y
 _09568_/X
 _09569_/X
 _09570_/Y
 _09571_/Y
 _09572_/Y
 _09573_/Y
 _09574_/Y
 _09575_/Y
 _09576_/X
 _09577_/X
 _09578_/Y
 _09579_/X
 _09580_/Y
 _09581_/X
 _09582_/Y
 _09583_/X
 _09584_/Y
 _09585_/Y
 _09586_/Y
 _09587_/X
 _09588_/Y
 _09589_/X
 _09590_/Y
 _09591_/Y
 _09592_/Y
 _09593_/X
 _09594_/Y
 _09595_/X
 _09596_/X
 _09597_/Y
 _09598_/Y
 _09599_/X
 _09600_/Y
 _09601_/Y
 _09602_/X
 _09603_/Y
 _09604_/X
 _09605_/X
 _09606_/X
 _09607_/Y
 _09608_/X
 _09609_/X
 _09610_/X
 _09611_/Y
 _09612_/Y
 _09613_/X
 _09614_/Y
 _09615_/Y
 _09616_/Y
 _09617_/Y
 _09618_/Y
 _09619_/Y
 _09620_/Y
 _09621_/Y
 _09622_/X
 _09623_/X
 _09624_/Y
 _09625_/Y
 _09626_/X
 _09627_/Y
 _09628_/X
 _09629_/X
 _09630_/X
 _09631_/Y
 _09632_/X
 _09633_/Y
 _09634_/X
 _09635_/Y
 _09636_/X
 _09637_/X
 _09638_/X
 _09639_/Y
 _09640_/Y
 _09641_/Y
 _09642_/X
 _09643_/Y
 _09644_/X
 _09645_/Y
 _09646_/X
 _09647_/Y
 _09648_/X
 _09649_/Y
 _09650_/Y
 _09651_/Y
 _09652_/X
 _09653_/Y
 _09654_/X
 _09655_/Y
 _09656_/Y
 _09657_/Y
 _09658_/Y
 _09659_/X
 _09660_/Y
 _09661_/Y
 _09662_/X
 _09663_/X
 _09664_/X
 _09665_/X
 _09666_/Y
 _09667_/X
 _09668_/Y
 _09669_/X
 _09670_/X
 _09671_/Y
 _09672_/X
 _09673_/Y
 _09674_/Y
 _09675_/Y
 _09676_/X
 _09677_/Y
 _09678_/X
 _09679_/Y
 _09680_/Y
 _09681_/X
 _09682_/X
 _09683_/Y
 _09684_/Y
 _09685_/X
 _09686_/Y
 _09687_/X
 _09688_/X
 _09689_/Y
 _09690_/Y
 _09691_/Y
 _09692_/X
 _09693_/X
 _09694_/Y
 _09695_/Y
 _09696_/Y
 _09697_/X
 _09698_/Y
 _09699_/X
 _09700_/X
 _09701_/X
 _09702_/X
 _09703_/X
 _09704_/Y
 _09705_/X
 _09706_/X
 _09707_/Y
 _09708_/X
 _09709_/Y
 _09710_/X
 _09711_/Y
 _09712_/X
 _09713_/Y
 _09714_/X
 _09715_/Y
 _09716_/X
 _09717_/Y
 _09718_/X
 _09719_/Y
 _09720_/X
 _09721_/X
 _09722_/X
 _09723_/Y
 _09724_/Y
 _09725_/X
 _09726_/Y
 _09727_/X
 _09728_/Y
 _09729_/Y
 _09730_/X
 _09731_/Y
 _09732_/X
 _09733_/Y
 _09734_/X
 _09735_/Y
 _09736_/X
 _09737_/Y
 _09738_/Y
 _09739_/X
 _09740_/Y
 _09741_/Y
 _09742_/X
 _09743_/Y
 _09744_/Y
 _09745_/X
 _09746_/X
 _09747_/X
 _09748_/X
 _09749_/Y
 _09750_/X
 _09751_/X
 _09752_/X
 _09753_/Y
 _09754_/Y
 _09755_/X
 _09756_/X
 _09757_/Y
 _09758_/Y
 _09759_/X
 _09760_/Y
 _09761_/X
 _09762_/Y
 _09763_/X
 _09764_/Y
 _09765_/X
 _09766_/Y
 _09767_/X
 _09768_/Y
 _09769_/X
 _09770_/X
 _09771_/Y
 _09772_/Y
 _09773_/Y
 _09774_/X
 _09775_/X
 _09776_/X
 _09777_/X
 _09778_/Y
 _09779_/Y
 _09780_/X
 _09781_/X
 _09782_/X
 _09783_/Y
 _09784_/X
 _09785_/Y
 _09786_/X
 _09787_/X
 _09788_/X
 _09789_/Y
 _09790_/X
 _09791_/Y
 _09792_/Y
 _09793_/Y
 _09794_/X
 _09795_/Y
 _09796_/Y
 _09797_/Y
 _09798_/Y
 _09799_/Y
 _09800_/X
 _09801_/Y
 _09802_/Y
 _09803_/X
 _09804_/X
 _09805_/Y
 _09806_/Y
 _09807_/X
 _09808_/Y
 _09809_/Y
 _09810_/X
 _09811_/X
 _09812_/Y
 _09813_/X
 _09814_/Y
 _09815_/Y
 _09816_/X
 _09817_/X
 _09818_/X
 _09819_/Y
 _09820_/Y
 _09821_/Y
 _09822_/Y
 _09823_/X
 _09824_/X
 _09825_/Y
 _09826_/X
 _09827_/X
 _09828_/Y
 _09829_/X
 _09830_/X
 _09831_/X
 _09832_/Y
 _09833_/Y
 _09834_/X
 _09835_/X
 _09836_/Y
 _09837_/Y
 _09838_/Y
 _09839_/X
 _09840_/Y
 _09841_/Y
 _09842_/X
 _09843_/Y
 _09844_/Y
 _09845_/Y
 _09846_/Y
 _09847_/X
 _09848_/Y
 _09849_/Y
 _09850_/Y
 _09851_/Y
 _09852_/Y
 _09853_/X
 _09854_/Y
 _09855_/Y
 _09856_/Y
 _09857_/Y
 _09858_/X
 _09859_/Y
 _09860_/X
 _09861_/Y
 _09862_/X
 _09863_/X
 _09864_/X
 _09865_/X
 _09866_/Y
 _09867_/X
 _09868_/Y
 _09869_/X
 _09870_/Y
 _09871_/Y
 _09872_/X
 _09873_/Y
 _09874_/Y
 _09875_/Y
 _09876_/X
 _09877_/X
 _09878_/X
 _09879_/Y
 _09880_/X
 _09881_/Y
 _09882_/X
 _09883_/X
 _09884_/Y
 _09885_/X
 _09886_/Y
 _09887_/Y
 _09888_/X
 _09889_/Y
 _09890_/X
 _09891_/Y
 _09892_/X
 _09893_/Y
 _09894_/X
 _09895_/X
 _09896_/X
 _09897_/Y
 _09898_/Y
 _09899_/X
 _09900_/Y
 _09901_/Y
 _09902_/X
 _09903_/Y
 _09904_/Y
 _09905_/X
 _09906_/Y
 _09907_/Y
 _09908_/X
 _09909_/X
 _09910_/X
 _09911_/Y
 _09912_/Y
 _09913_/Y
 _09914_/X
 _09915_/Y
 _09916_/X
 _09917_/X
 _09918_/Y
 _09919_/X
 _09920_/Y
 _09921_/X
 _09922_/Y
 _09923_/Y
 _09924_/X
 _09925_/Y
 _09926_/Y
 _09927_/X
 _09928_/X
 _09929_/Y
 _09930_/X
 _09931_/X
 _09932_/Y
 _09933_/X
 _09934_/X
 _09935_/Y
 _09936_/X
 _09937_/Y
 _09938_/Y
 _09939_/Y
 _09940_/Y
 _09941_/Y
 _09942_/X
 _09943_/Y
 _09944_/X
 _09945_/X
 _09946_/X
 _09947_/Y
 _09948_/X
 _09949_/X
 _09950_/X
 _09951_/X
 _09952_/X
 _09953_/Y
 _09954_/X
 _09955_/Y
 _09956_/Y
 _09957_/Y
 _09958_/X
 _09959_/Y
 _09960_/X
 _09961_/X
 _09962_/Y
 _09963_/X
 _09964_/X
 _09965_/Y
 _09966_/X
 _09967_/X
 _09968_/X
 _09969_/X
 _09970_/Y
 _09971_/Y
 _09972_/X
 _09973_/Y
 _09974_/X
 _09975_/X
 _09976_/X
 _09977_/X
 _09978_/Y
 _09979_/Y
 _09980_/X
 _09981_/X
 _09982_/Y
 _09983_/Y
 _09984_/X
 _09985_/X
 _09986_/Y
 _09987_/X
 _09988_/X
 _09989_/Y
 _09990_/Y
 _09991_/Y
 _09992_/X
 _09993_/X
 _09994_/Y
 _09995_/Y
 _09996_/X
 _09997_/Y
 _09998_/X
 _09999_/Y
 _10000_/X
 _10001_/X
 _10002_/X
 _10003_/Y
 _10004_/X
 _10005_/Y
 _10006_/Y
 _10007_/X
 _10008_/Y
 _10009_/X
 _10010_/Y
 _10011_/X
 _10012_/Y
 _10013_/Y
 _10014_/Y
 _10015_/Y
 _10016_/X
 _10017_/Y
 _10018_/Y
 _10019_/X
 _10020_/X
 _10021_/X
 _10022_/X
 _10023_/Y
 _10024_/Y
 _10025_/X
 _10026_/X
 _10027_/Y
 _10028_/Y
 _10029_/X
 _10030_/X
 _10031_/Y
 _10032_/Y
 _10033_/X
 _10034_/Y
 _10035_/Y
 _10036_/X
 _10037_/Y
 _10038_/Y
 _10039_/X
 _10040_/X
 _10041_/Y
 _10042_/Y
 _10043_/Y
 _10044_/Y
 _10045_/Y
 _10046_/X
 _10047_/Y
 _10048_/X
 _10049_/Y
 _10050_/Y
 _10051_/X
 _10052_/Y
 _10053_/X
 _10054_/Y
 _10055_/X
 _10056_/Y
 _10057_/Y
 _10058_/Y
 _10059_/X
 _10060_/Y
 _10061_/Y
 _10062_/X
 _10063_/Y
 _10064_/Y
 _10065_/X
 _10066_/X
 _10067_/Y
 _10068_/Y
 _10069_/Y
 _10070_/Y
 _10071_/X
 _10072_/Y
 _10073_/Y
 _10074_/X
 _10075_/X
 _10076_/Y
 _10077_/X
 _10078_/X
 _10079_/Y
 _10080_/Y
 _10081_/Y
 _10082_/X
 _10083_/X
 _10084_/X
 _10085_/X
 _10086_/Y
 _10087_/Y
 _10088_/Y
 _10089_/X
 _10090_/X
 _10091_/X
 _10092_/X
 _10093_/X
 _10094_/X
 _10095_/Y
 _10096_/Y
 _10097_/Y
 _10098_/Y
 _10099_/Y
 _10100_/X
 _10101_/Y
 _10102_/X
 _10103_/X
 _10104_/Y
 _10105_/X
 _10106_/Y
 _10107_/Y
 _10108_/X
 _10109_/X
 _10110_/Y
 _10111_/X
 _10112_/Y
 _10113_/Y
 _10114_/Y
 _10115_/Y
 _10116_/X
 _10117_/X
 _10118_/X
 _10119_/X
 _10120_/Y
 _10121_/X
 _10122_/X
 _10123_/X
 _10124_/X
 _10125_/Y
 _10126_/Y
 _10127_/Y
 _10128_/Y
 _10129_/X
 _10130_/Y
 _10131_/X
 _10132_/X
 _10133_/Y
 _10134_/X
 _10135_/Y
 _10136_/X
 _10137_/Y
 _10138_/X
 _10139_/X
 _10140_/X
 _10141_/X
 _10142_/X
 _10143_/Y
 _10144_/X
 _10145_/Y
 _10146_/Y
 _10147_/Y
 _10148_/Y
 _10149_/Y
 _10150_/X
 _10151_/Y
 _10152_/X
 _10153_/X
 _10154_/Y
 _10155_/Y
 _10156_/Y
 _10157_/X
 _10158_/X
 _10159_/X
 _10160_/Y
 _10161_/X
 _10162_/Y
 _10163_/Y
 _10164_/X
 _10165_/Y
 _10166_/X
 _10167_/Y
 _10168_/X
 _10169_/Y
 _10170_/X
 _10171_/Y
 _10172_/X
 _10173_/Y
 _10174_/X
 _10175_/Y
 _10176_/Y
 _10177_/X
 _10178_/X
 _10179_/X
 _10180_/Y
 _10181_/Y
 _10182_/Y
 _10183_/X
 _10184_/X
 _10185_/X
 _10186_/Y
 _10187_/Y
 _10188_/Y
 _10189_/X
 _10190_/Y
 _10191_/X
 _10192_/Y
 _10193_/Y
 _10194_/X
 _10195_/X
 _10196_/X
 _10197_/X
 _10198_/Y
 _10199_/Y
 _10200_/Y
 _10201_/X
 _10202_/Y
 _10203_/Y
 _10204_/Y
 _10205_/X
 _10206_/Y
 _10207_/Y
 _10208_/Y
 _10209_/X
 _10210_/Y
 _10211_/Y
 _10212_/Y
 _10213_/X
 _10214_/X
 _10215_/Y
 _10216_/X
 _10217_/Y
 _10218_/X
 _10219_/X
 _10220_/X
 _10221_/Y
 _10222_/Y
 _10223_/Y
 _10224_/Y
 _10225_/X
 _10226_/X
 _10227_/X
 _10228_/Y
 _10229_/Y
 _10230_/Y
 _10231_/X
 _10232_/Y
 _10233_/Y
 _10234_/Y
 _10235_/X
 _10236_/X
 _10237_/X
 _10238_/X
 _10239_/X
 _10240_/Y
 _10241_/Y
 _10242_/Y
 _10243_/Y
 _10244_/X
 _10245_/Y
 _10246_/X
 _10247_/Y
 _10248_/X
 _10249_/X
 _10250_/X
 _10251_/X
 _10252_/X
 _10253_/Y
 _10254_/Y
 _10255_/X
 _10256_/Y
 _10257_/X
 _10258_/Y
 _10259_/X
 _10260_/Y
 _10261_/X
 _10262_/Y
 _10263_/X
 _10264_/Y
 _10265_/X
 _10266_/X
 _10267_/Y
 _10268_/Y
 _10269_/Y
 _10270_/X
 _10271_/Y
 _10272_/X
 _10273_/Y
 _10274_/X
 _10275_/Y
 _10276_/Y
 _10277_/X
 _10278_/Y
 _10279_/Y
 _10280_/Y
 _10281_/X
 _10282_/X
 _10283_/Y
 _10284_/X
 _10285_/X
 _10286_/Y
 _10287_/X
 _10288_/Y
 _10289_/X
 _10290_/Y
 _10291_/Y
 _10292_/X
 _10293_/Y
 _10294_/Y
 _10295_/X
 _10296_/X
 _10297_/Y
 _10298_/X
 _10299_/Y
 _10300_/X
 _10301_/X
 _10302_/X
 _10303_/X
 _10304_/Y
 _10305_/X
 _10306_/Y
 _10307_/X
 _10308_/X
 _10309_/X
 _10310_/X
 _10311_/Y
 _10312_/X
 _10313_/X
 _10314_/X
 _10315_/Y
 _10316_/X
 _10317_/Y
 _10318_/X
 _10319_/X
 _10320_/Y
 _10321_/X
 _10322_/Y
 _10323_/Y
 _10324_/X
 _10325_/X
 _10326_/Y
 _10327_/X
 _10328_/X
 _10329_/Y
 _10330_/X
 _10331_/X
 _10332_/X
 _10333_/X
 _10334_/Y
 _10335_/Y
 _10336_/Y
 _10337_/Y
 _10338_/Y
 _10339_/X
 _10340_/X
 _10341_/X
 _10342_/Y
 _10343_/Y
 _10344_/Y
 _10345_/Y
 _10346_/Y
 _10347_/Y
 _10348_/Y
 _10349_/X
 _10350_/X
 _10351_/Y
 _10352_/X
 _10353_/Y
 _10354_/Y
 _10355_/X
 _10356_/Y
 _10357_/X
 _10358_/X
 _10359_/Y
 _10360_/Y
 _10361_/X
 _10362_/Y
 _10363_/Y
 _10364_/Y
 _10365_/X
 _10366_/Y
 _10367_/X
 _10368_/X
 _10369_/X
 _10370_/X
 _10371_/Y
 _10372_/X
 _10373_/X
 _10374_/X
 _10375_/Y
 _10376_/X
 _10377_/X
 _10378_/Y
 _10379_/X
 _10380_/X
 _10381_/Y
 _10382_/Y
 _10383_/Y
 _10384_/Y
 _10385_/Y
 _10386_/Y
 _10387_/X
 _10388_/X
 _10389_/Y
 _10390_/X
 _10391_/Y
 _10392_/X
 _10393_/Y
 _10394_/X
 _10395_/Y
 _10396_/Y
 _10397_/Y
 _10398_/X
 _10399_/Y
 _10400_/X
 _10401_/Y
 _10402_/Y
 _10403_/Y
 _10404_/X
 _10405_/Y
 _10406_/X
 _10407_/X
 _10408_/Y
 _10409_/Y
 _10410_/X
 _10411_/Y
 _10412_/Y
 _10413_/X
 _10414_/Y
 _10415_/X
 _10416_/X
 _10417_/X
 _10418_/Y
 _10419_/X
 _10420_/X
 _10421_/X
 _10422_/Y
 _10423_/Y
 _10424_/X
 _10425_/Y
 _10426_/Y
 _10427_/Y
 _10428_/Y
 _10429_/Y
 _10430_/Y
 _10431_/Y
 _10432_/Y
 _10433_/X
 _10434_/X
 _10435_/Y
 _10436_/Y
 _10437_/X
 _10438_/X
 _10439_/X
 _10440_/Y
 _10441_/Y
 _10442_/X
 _10443_/X
 _10444_/X
 _10445_/X
 _10446_/Y
 _10447_/X
 _10448_/X
 _10449_/X
 _10450_/Y
 _10451_/Y
 _10452_/Y
 _10453_/X
 _10454_/Y
 _10455_/X
 _10456_/Y
 _10457_/X
 _10458_/Y
 _10459_/X
 _10460_/Y
 _10461_/Y
 _10462_/Y
 _10463_/X
 _10464_/Y
 _10465_/X
 _10466_/Y
 _10467_/Y
 _10468_/X
 _10469_/Y
 _10470_/Y
 _10471_/X
 _10472_/X
 _10473_/Y
 _10474_/X
 _10475_/Y
 _10476_/Y
 _10477_/Y
 _10478_/Y
 _10479_/Y
 _10480_/X
 _10481_/X
 _10482_/Y
 _10483_/X
 _10484_/Y
 _10485_/Y
 _10486_/Y
 _10487_/X
 _10488_/Y
 _10489_/Y
 _10490_/Y
 _10491_/Y
 _10492_/X
 _10493_/X
 _10494_/Y
 _10495_/Y
 _10496_/Y
 _10497_/Y
 _10498_/X
 _10499_/Y
 _10500_/Y
 _10501_/Y
 _10502_/X
 _10503_/Y
 _10504_/X
 _10505_/X
 _10506_/Y
 _10507_/Y
 _10508_/X
 _10509_/X
 _10510_/Y
 _10511_/X
 _10512_/Y
 _10513_/X
 _10514_/X
 _10515_/Y
 _10516_/X
 _10517_/Y
 _10518_/X
 _10519_/Y
 _10520_/X
 _10521_/X
 _10522_/Y
 _10523_/X
 _10524_/Y
 _10525_/X
 _10526_/Y
 _10527_/X
 _10528_/X
 _10529_/X
 _10530_/Y
 _10531_/Y
 _10532_/X
 _10533_/Y
 _10534_/X
 _10535_/Y
 _10536_/Y
 _10537_/X
 _10538_/Y
 _10539_/Y
 _10540_/Y
 _10541_/Y
 _10542_/Y
 _10543_/Y
 _10544_/X
 _10545_/Y
 _10546_/X
 _10547_/Y
 _10548_/Y
 _10549_/X
 _10550_/X
 _10551_/Y
 _10552_/Y
 _10553_/X
 _10554_/Y
 _10555_/X
 _10556_/Y
 _10557_/Y
 _10558_/X
 _10559_/Y
 _10560_/Y
 _10561_/Y
 _10562_/X
 _10563_/X
 _10564_/Y
 _10565_/Y
 _10566_/X
 _10567_/X
 _10568_/Y
 _10569_/Y
 _10570_/X
 _10571_/Y
 _10572_/X
 _10573_/Y
 _10574_/X
 _10575_/Y
 _10576_/X
 _10577_/Y
 _10578_/X
 _10579_/Y
 _10580_/X
 _10581_/X
 _10582_/X
 _10583_/Y
 _10584_/Y
 _10585_/Y
 _10586_/X
 _10587_/Y
 _10588_/X
 _10589_/Y
 _10590_/X
 _10591_/X
 _10592_/Y
 _10593_/X
 _10594_/X
 _10595_/X
 _10596_/Y
 _10597_/Y
 _10598_/Y
 _10599_/Y
 _10600_/X
 _10601_/Y
 _10602_/X
 _10603_/Y
 _10604_/Y
 _10605_/X
 _10606_/Y
 _10607_/X
 _10608_/X
 _10609_/Y
 _10610_/X
 _10611_/Y
 _10612_/X
 _10613_/Y
 _10614_/X
 _10615_/X
 _10616_/Y
 _10617_/X
 _10618_/Y
 _10619_/X
 _10620_/X
 _10621_/Y
 _10622_/Y
 _10623_/Y
 _10624_/X
 _10625_/Y
 _10626_/X
 _10627_/X
 _10628_/Y
 _10629_/Y
 _10630_/X
 _10631_/X
 _10632_/X
 _10633_/Y
 _10634_/X
 _10635_/X
 _10636_/Y
 _10637_/X
 _10638_/Y
 _10639_/X
 _10640_/X
 _10641_/Y
 _10642_/X
 _10643_/X
 _10644_/X
 _10645_/Y
 _10646_/Y
 _10647_/X
 _10648_/X
 _10649_/Y
 _10650_/Y
 _10651_/Y
 _10652_/X
 _10653_/Y
 _10654_/X
 _10655_/X
 _10656_/X
 _10657_/Y
 _10658_/Y
 _10659_/Y
 _10660_/Y
 _10661_/Y
 _10662_/Y
 _10663_/X
 _10664_/Y
 _10665_/Y
 _10666_/X
 _10667_/Y
 _10668_/X
 _10669_/X
 _10670_/X
 _10671_/Y
 _10672_/Y
 _10673_/X
 _10674_/Y
 _10675_/Y
 _10676_/Y
 _10677_/X
 _10678_/X
 _10679_/Y
 _10680_/Y
 _10681_/X
 _10682_/Y
 _10683_/X
 _10684_/Y
 _10685_/Y
 _10686_/X
 _10687_/X
 _10688_/Y
 _10689_/X
 _10690_/X
 _10691_/Y
 _10692_/X
 _10693_/Y
 _10694_/Y
 _10695_/Y
 _10696_/X
 _10697_/X
 _10698_/X
 _10699_/Y
 _10700_/X
 _10701_/X
 _10702_/X
 _10703_/Y
 _10704_/Y
 _10705_/X
 _10706_/Y
 _10707_/Y
 _10708_/X
 _10709_/X
 _10710_/Y
 _10711_/Y
 _10712_/X
 _10713_/X
 _10714_/Y
 _10715_/X
 _10716_/X
 _10717_/Y
 _10718_/Y
 _10719_/X
 _10720_/Y
 _10721_/X
 _10722_/X
 _10723_/Y
 _10724_/Y
 _10725_/X
 _10726_/Y
 _10727_/X
 _10728_/X
 _10729_/Y
 _10730_/Y
 _10731_/X
 _10732_/X
 _10733_/Y
 _10734_/X
 _10735_/Y
 _10736_/X
 _10737_/Y
 _10738_/Y
 _10739_/X
 _10740_/X
 _10741_/Y
 _10742_/Y
 _10743_/X
 _10744_/Y
 _10745_/X
 _10746_/Y
 _10747_/X
 _10748_/X
 _10749_/X
 _10750_/Y
 _10751_/Y
 _10752_/X
 _10753_/Y
 _10754_/X
 _10755_/Y
 _10756_/Y
 _10757_/Y
 _10758_/Y
 _10759_/X
 _10760_/X
 _10761_/Y
 _10762_/Y
 _10763_/X
 _10764_/Y
 _10765_/Y
 _10766_/X
 _10767_/Y
 _10768_/Y
 _10769_/X
 _10770_/Y
 _10771_/X
 _10772_/X
 _10773_/X
 _10774_/Y
 _10775_/X
 _10776_/X
 _10777_/Y
 _10778_/Y
 _10779_/Y
 _10780_/Y
 _10781_/X
 _10782_/X
 _10783_/Y
 _10784_/X
 _10785_/Y
 _10786_/X
 _10787_/Y
 _10788_/X
 _10789_/Y
 _10790_/X
 _10791_/Y
 _10792_/Y
 _10793_/Y
 _10794_/X
 _10795_/Y
 _10796_/X
 _10797_/Y
 _10798_/X
 _10799_/Y
 _10800_/Y
 _10801_/X
 _10802_/Y
 _10803_/Y
 _10804_/X
 _10805_/Y
 _10806_/Y
 _10807_/X
 _10808_/X
 _10809_/X
 _10810_/Y
 _10811_/X
 _10812_/Y
 _10813_/Y
 _10814_/X
 _10815_/X
 _10816_/X
 _10817_/Y
 _10818_/X
 _10819_/X
 _10820_/X
 _10821_/Y
 _10822_/Y
 _10823_/X
 _10824_/Y
 _10825_/Y
 _10826_/Y
 _10827_/Y
 _10828_/X
 _10829_/Y
 _10830_/Y
 _10831_/Y
 _10832_/Y
 _10833_/X
 _10834_/X
 _10835_/Y
 _10836_/X
 _10837_/Y
 _10838_/Y
 _10839_/Y
 _10840_/Y
 _10841_/X
 _10842_/X
 _10843_/X
 _10844_/Y
 _10845_/Y
 _10846_/Y
 _10847_/X
 _10848_/Y
 _10849_/X
 _10850_/Y
 _10851_/X
 _10852_/Y
 _10853_/X
 _10854_/Y
 _10855_/X
 _10856_/Y
 _10857_/Y
 _10858_/Y
 _10859_/Y
 _10860_/Y
 _10861_/X
 _10862_/Y
 _10863_/Y
 _10864_/X
 _10865_/Y
 _10866_/Y
 _10867_/X
 _10868_/X
 _10869_/Y
 _10870_/Y
 _10871_/X
 _10872_/Y
 _10873_/Y
 _10874_/X
 _10875_/X
 _10876_/Y
 _10877_/X
 _10878_/Y
 _10879_/Y
 _10880_/Y
 _10881_/Y
 _10882_/Y
 _10883_/Y
 _10884_/Y
 _10885_/X
 _10886_/Y
 _10887_/Y
 _10888_/Y
 _10889_/Y
 _10890_/X
 _10891_/X
 _10892_/Y
 _10893_/X
 _10894_/X
 _10895_/X
 _10896_/Y
 _10897_/Y
 _10898_/X
 _10899_/X
 _10900_/Y
 _10901_/Y
 _10902_/X
 _10903_/Y
 _10904_/X
 _10905_/X
 _10906_/X
 _10907_/Y
 _10908_/X
 _10909_/X
 _10910_/X
 _10911_/Y
 _10912_/Y
 _10913_/Y
 _10914_/X
 _10915_/Y
 _10916_/X
 _10917_/Y
 _10918_/Y
 _10919_/X
 _10920_/X
 _10921_/X
 _10922_/Y
 _10923_/X
 _10924_/Y
 _10925_/X
 _10926_/Y
 _10927_/X
 _10928_/Y
 _10929_/Y
 _10930_/X
 _10931_/Y
 _10932_/Y
 _10933_/X
 _10934_/Y
 _10935_/X
 _10936_/X
 _10937_/Y
 _10938_/X
 _10939_/Y
 _10940_/Y
 _10941_/X
 _10942_/Y
 _10943_/X
 _10944_/Y
 _10945_/X
 _10946_/X
 _10947_/X
 _10948_/Y
 _10949_/Y
 _10950_/X
 _10951_/Y
 _10952_/Y
 _10953_/Y
 _10954_/X
 _10955_/Y
 _10956_/X
 _10957_/Y
 _10958_/Y
 _10959_/X
 _10960_/Y
 _10961_/X
 _10962_/Y
 _10963_/Y
 _10964_/Y
 _10965_/Y
 _10966_/X
 _10967_/Y
 _10968_/Y
 _10969_/X
 _10970_/Y
 _10971_/Y
 _10972_/X
 _10973_/Y
 _10974_/X
 _10975_/Y
 _10976_/X
 _10977_/X
 _10978_/Y
 _10979_/X
 _10980_/Y
 _10981_/X
 _10982_/Y
 _10983_/X
 _10984_/Y
 _10985_/X
 _10986_/X
 _10987_/X
 _10988_/Y
 _10989_/Y
 _10990_/X
 _10991_/Y
 _10992_/X
 _10993_/Y
 _10994_/Y
 _10995_/X
 _10996_/Y
 _10997_/X
 _10998_/X
 _10999_/Y
 _11000_/X
 _11001_/X
 _11002_/Y
 _11003_/X
 _11004_/Y
 _11005_/X
 _11006_/Y
 _11007_/Y
 _11008_/X
 _11009_/Y
 _11010_/X
 _11011_/Y
 _11012_/X
 _11013_/X
 _11014_/X
 _11015_/Y
 _11016_/X
 _11017_/Y
 _11018_/Y
 _11019_/X
 _11020_/Y
 _11021_/X
 _11022_/X
 _11023_/X
 _11024_/Y
 _11025_/X
 _11026_/X
 _11027_/Y
 _11028_/Y
 _11029_/X
 _11030_/Y
 _11031_/Y
 _11032_/Y
 _11033_/X
 _11034_/X
 _11035_/Y
 _11036_/Y
 _11037_/X
 _11038_/Y
 _11039_/X
 _11040_/Y
 _11041_/X
 _11042_/Y
 _11043_/Y
 _11044_/X
 _11045_/X
 _11046_/Y
 _11047_/X
 _11048_/Y
 _11049_/Y
 _11050_/X
 _11051_/Y
 _11052_/X
 _11053_/X
 _11054_/X
 _11055_/Y
 _11056_/Y
 _11057_/X
 _11058_/X
 _11059_/Y
 _11060_/X
 _11061_/X
 _11062_/Y
 _11063_/X
 _11064_/Y
 _11065_/Y
 _11066_/X
 _11067_/X
 _11068_/X
 _11069_/X
 _11070_/X
 _11071_/Y
 _11072_/X
 _11073_/X
 _11074_/Y
 _11075_/Y
 _11076_/Y
 _11077_/X
 _11078_/X
 _11079_/Y
 _11080_/X
 _11081_/Y
 _11082_/X
 _11083_/Y
 _11084_/X
 _11085_/X
 _11086_/X
 _11087_/Y
 _11088_/X
 _11089_/Y
 _11090_/X
 _11091_/Y
 _11092_/Y
 _11093_/X
 _11094_/Y
 _11095_/Y
 _11096_/X
 _11097_/X
 _11098_/Y
 _11099_/Y
 _11100_/Y
 _11101_/Y
 _11102_/Y
 _11103_/Y
 _11104_/X
 _11105_/Y
 _11106_/X
 _11107_/Y
 _11108_/X
 _11109_/X
 _11110_/Y
 _11111_/Y
 _11112_/X
 _11113_/X
 _11114_/X
 _11115_/Y
 _11116_/X
 _11117_/Y
 _11118_/X
 _11119_/Y
 _11120_/X
 _11121_/X
 _11122_/Y
 _11123_/X
 _11124_/Y
 _11125_/Y
 _11126_/Y
 _11127_/Y
 _11128_/Y
 _11129_/Y
 _11130_/X
 _11131_/Y
 _11132_/Y
 _11133_/X
 _11134_/Y
 _11135_/Y
 _11136_/X
 _11137_/Y
 _11138_/X
 _11139_/Y
 _11140_/X
 _11141_/Y
 _11142_/X
 _11143_/X
 _11144_/X
 _11145_/Y
 _11146_/Y
 _11147_/X
 _11148_/Y
 _11149_/X
 _11150_/X
 _11151_/X
 _11152_/X
 _11153_/Y
 _11154_/X
 _11155_/X
 _11156_/X
 _11157_/Y
 _11158_/X
 _11159_/Y
 _11160_/X
 _11161_/X
 _11162_/X
 _11163_/Y
 _11164_/X
 _11165_/X
 _11166_/Y
 _11167_/Y
 _11168_/Y
 _11169_/Y
 _11170_/X
 _11171_/X
 _11172_/Y
 _11173_/X
 _11174_/Y
 _11175_/X
 _11176_/Y
 _11177_/X
 _11178_/Y
 _11179_/X
 _11180_/Y
 _11181_/Y
 _11182_/Y
 _11183_/X
 _11184_/Y
 _11185_/X
 _11186_/Y
 _11187_/X
 _11188_/Y
 _11189_/Y
 _11190_/X
 _11191_/Y
 _11192_/Y
 _11193_/X
 _11194_/Y
 _11195_/Y
 _11196_/X
 _11197_/X
 _11198_/X
 _11199_/Y
 _11200_/X
 _11201_/Y
 _11202_/X
 _11203_/X
 _11204_/X
 _11205_/Y
 _11206_/X
 _11207_/X
 _11208_/X
 _11209_/Y
 _11210_/Y
 _11211_/X
 _11212_/Y
 _11213_/Y
 _11214_/Y
 _11215_/Y
 _11216_/X
 _11217_/Y
 _11218_/Y
 _11219_/Y
 _11220_/Y
 _11221_/X
 _11222_/Y
 _11223_/Y
 _11224_/X
 _11225_/X
 _11226_/X
 _11227_/X
 _11228_/X
 _11229_/Y
 _11230_/Y
 _11231_/Y
 _11232_/X
 _11233_/X
 _11234_/X
 _11235_/Y
 _11236_/Y
 _11237_/Y
 _11238_/X
 _11239_/Y
 _11240_/X
 _11241_/Y
 _11242_/X
 _11243_/Y
 _11244_/X
 _11245_/Y
 _11246_/Y
 _11247_/Y
 _11248_/X
 _11249_/Y
 _11250_/X
 _11251_/Y
 _11252_/X
 _11253_/Y
 _11254_/Y
 _11255_/X
 _11256_/Y
 _11257_/Y
 _11258_/X
 _11259_/X
 _11260_/Y
 _11261_/X
 _11262_/Y
 _11263_/X
 _11264_/Y
 _11265_/X
 _11266_/X
 _11267_/Y
 _11268_/X
 _11269_/Y
 _11270_/Y
 _11271_/Y
 _11272_/Y
 _11273_/Y
 _11274_/X
 _11275_/Y
 _11276_/Y
 _11277_/X
 _11278_/X
 _11279_/Y
 _11280_/Y
 _11281_/Y
 _11282_/X
 _11283_/X
 _11284_/Y
 _11285_/Y
 _11286_/Y
 _11287_/X
 _11288_/X
 _11289_/Y
 _11290_/X
 _11291_/Y
 _11292_/Y
 _11293_/X
 _11294_/Y
 _11295_/X
 _11296_/X
 _11297_/X
 _11298_/Y
 _11299_/Y
 _11300_/X
 _11301_/X
 _11302_/X
 _11303_/Y
 _11304_/Y
 _11305_/Y
 _11306_/X
 _11307_/Y
 _11308_/X
 _11309_/Y
 _11310_/Y
 _11311_/X
 _11312_/X
 _11313_/X
 _11314_/Y
 _11315_/X
 _11316_/Y
 _11317_/X
 _11318_/Y
 _11319_/X
 _11320_/Y
 _11321_/Y
 _11322_/Y
 _11323_/Y
 _11324_/X
 _11325_/X
 _11326_/Y
 _11327_/X
 _11328_/X
 _11329_/X
 _11330_/X
 _11331_/Y
 _11332_/X
 _11333_/Y
 _11334_/X
 _11335_/Y
 _11336_/X
 _11337_/Y
 _11338_/X
 _11339_/Y
 _11340_/X
 _11341_/X
 _11342_/X
 _11343_/Y
 _11344_/Y
 _11345_/X
 _11346_/Y
 _11347_/Y
 _11348_/Y
 _11349_/X
 _11350_/Y
 _11351_/X
 _11352_/Y
 _11353_/Y
 _11354_/X
 _11355_/Y
 _11356_/X
 _11357_/Y
 _11358_/Y
 _11359_/Y
 _11360_/Y
 _11361_/X
 _11362_/Y
 _11363_/Y
 _11364_/X
 _11365_/Y
 _11366_/Y
 _11367_/X
 _11368_/Y
 _11369_/X
 _11370_/Y
 _11371_/X
 _11372_/X
 _11373_/Y
 _11374_/X
 _11375_/Y
 _11376_/X
 _11377_/Y
 _11378_/X
 _11379_/Y
 _11380_/X
 _11381_/X
 _11382_/X
 _11383_/Y
 _11384_/X
 _11385_/Y
 _11386_/X
 _11387_/X
 _11388_/X
 _11389_/Y
 _11390_/X
 _11391_/Y
 _11392_/X
 _11393_/X
 _11394_/Y
 _11395_/X
 _11396_/X
 _11397_/Y
 _11398_/X
 _11399_/Y
 _11400_/X
 _11401_/Y
 _11402_/Y
 _11403_/X
 _11404_/Y
 _11405_/X
 _11406_/Y
 _11407_/X
 _11408_/X
 _11409_/X
 _11410_/Y
 _11411_/X
 _11412_/Y
 _11413_/Y
 _11414_/X
 _11415_/Y
 _11416_/X
 _11417_/X
 _11418_/X
 _11419_/X
 _11420_/Y
 _11421_/Y
 _11422_/X
 _11423_/X
 _11424_/Y
 _11425_/Y
 _11426_/X
 _11427_/Y
 _11428_/Y
 _11429_/Y
 _11430_/X
 _11431_/X
 _11432_/Y
 _11433_/X
 _11434_/Y
 _11435_/Y
 _11436_/X
 _11437_/Y
 _11438_/Y
 _11439_/X
 _11440_/Y
 _11441_/X
 _11442_/Y
 _11443_/X
 _11444_/Y
 _11445_/Y
 _11446_/X
 _11447_/Y
 _11448_/X
 _11449_/X
 _11450_/X
 _11451_/Y
 _11452_/X
 _11453_/X
 _11454_/Y
 _11455_/X
 _11456_/X
 _11457_/Y
 _11458_/X
 _11459_/Y
 _11460_/Y
 _11461_/Y
 _11462_/X
 _11463_/X
 _11464_/X
 _11465_/Y
 _11466_/X
 _11467_/Y
 _11468_/X
 _11469_/Y
 _11470_/Y
 _11471_/Y
 _11472_/Y
 _11473_/Y
 _11474_/X
 _11475_/Y
 _11476_/Y
 _11477_/Y
 _11478_/X
 _11479_/X
 _11480_/Y
 _11481_/X
 _11482_/X
 _11483_/X
 _11484_/Y
 _11485_/X
 _11486_/Y
 _11487_/X
 _11488_/Y
 _11489_/Y
 _11490_/X
 _11491_/Y
 _11492_/X
 _11493_/Y
 _11494_/X
 _11495_/X
 _11496_/Y
 _11497_/X
 _11498_/Y
 _11499_/Y
 _11500_/Y
 _11501_/Y
 _11502_/X
 _11503_/Y
 _11504_/Y
 _11505_/X
 _11506_/X
 _11507_/X
 _11508_/Y
 _11509_/Y
 _11510_/X
 _11511_/X
 _11512_/X
 _11513_/Y
 _11514_/X
 _11515_/Y
 _11516_/X
 _11517_/X
 _11518_/Y
 _11519_/X
 _11520_/Y
 _11521_/X
 _11522_/Y
 _11523_/Y
 _11524_/X
 _11525_/X
 _11526_/Y
 _11527_/Y
 _11528_/X
 _11529_/Y
 _11530_/X
 _11531_/X
 _11532_/X
 _11533_/Y
 _11534_/Y
 _11535_/X
 _11536_/Y
 _11537_/X
 _11538_/Y
 _11539_/X
 _11540_/X
 _11541_/X
 _11542_/Y
 _11543_/X
 _11544_/Y
 _11545_/Y
 _11546_/X
 _11547_/Y
 _11548_/X
 _11549_/X
 _11550_/X
 _11551_/X
 _11552_/Y
 _11553_/Y
 _11554_/X
 _11555_/Y
 _11556_/Y
 _11557_/X
 _11558_/X
 _11559_/Y
 _11560_/X
 _11561_/Y
 _11562_/X
 _11563_/Y
 _11564_/Y
 _11565_/X
 _11566_/Y
 _11567_/Y
 _11568_/Y
 _11569_/X
 _11570_/Y
 _11571_/Y
 _11572_/X
 _11573_/X
 _11574_/X
 _11575_/Y
 _11576_/X
 _11577_/Y
 _11578_/X
 _11579_/X
 _11580_/Y
 _11581_/Y
 _11582_/X
 _11583_/Y
 _11584_/X
 _11585_/X
 _11586_/X
 _11587_/X
 _11588_/X
 _11589_/Y
 _11590_/Y
 _11591_/Y
 _11592_/X
 _11593_/X
 _11594_/Y
 _11595_/X
 _11596_/X
 _11597_/Y
 _11598_/Y
 _11599_/Y
 _11600_/Y
 _11601_/X
 _11602_/Y
 _11603_/X
 _11604_/Y
 _11605_/Y
 _11606_/Y
 _11607_/Y
 _11608_/Y
 _11609_/X
 _11610_/Y
 _11611_/Y
 _11612_/Y
 _11613_/X
 _11614_/Y
 _11615_/X
 _11616_/X
 _11617_/Y
 _11618_/X
 _11619_/Y
 _11620_/Y
 _11621_/X
 _11622_/X
 _11623_/X
 _11624_/X
 _11625_/X
 _11626_/Y
 _11627_/Y
 _11628_/X
 _11629_/X
 _11630_/Y
 _11631_/Y
 _11632_/X
 _11633_/Y
 _11634_/X
 _11635_/X
 _11636_/Y
 _11637_/Y
 _11638_/Y
 _11639_/X
 _11640_/Y
 _11641_/Y
 _11642_/Y
 _11643_/Y
 _11644_/Y
 _11645_/X
 _11646_/Y
 _11647_/Y
 _11648_/Y
 _11649_/X
 _11650_/Y
 _11651_/Y
 _11652_/Y
 _11653_/Y
 _11654_/Y
 _11655_/Y
 _11656_/Y
 _11657_/X
 _11658_/X
 _11659_/Y
 _11660_/X
 _11661_/Y
 _11662_/Y
 _11663_/X
 _11664_/Y
 _11665_/Y
 _11666_/Y
 _11667_/X
 _11668_/X
 _11669_/Y
 _11670_/X
 _11671_/Y
 _11672_/Y
 _11673_/Y
 _11674_/X
 _11675_/X
 _11676_/Y
 _11677_/X
 _11678_/Y
 _11679_/X
 _11680_/Y
 _11681_/X
 _11682_/Y
 _11683_/Y
 _11684_/X
 _11685_/Y
 _11686_/X
 _11687_/X
 _11688_/X
 _11689_/X
 _11690_/X
 _11691_/Y
 _11692_/X
 _11693_/Y
 _11694_/Y
 _11695_/Y
 _11696_/X
 _11697_/X
 _11698_/X
 _11699_/Y
 _11700_/X
 _11701_/Y
 _11702_/Y
 _11703_/Y
 _11704_/X
 _11705_/X
 _11706_/X
 _11707_/Y
 _11708_/X
 _11709_/X
 _11710_/Y
 _11711_/Y
 _11712_/Y
 _11713_/X
 _11714_/Y
 _11715_/X
 _11716_/X
 _11717_/Y
 _11718_/Y
 _11719_/Y
 _11720_/Y
 _11721_/Y
 _11722_/Y
 _11723_/X
 _11724_/Y
 _11725_/Y
 _11726_/Y
 _11727_/Y
 _11728_/Y
 _11729_/Y
 _11730_/Y
 _11731_/X
 _11732_/Y
 _11733_/Y
 _11734_/X
 _11735_/Y
 _11736_/X
 _11737_/Y
 _11738_/Y
 _11739_/X
 _11740_/Y
 _11741_/X
 _11742_/X
 _11743_/Y
 _11744_/X
 _11745_/Y
 _11746_/Y
 _11747_/Y
 _11748_/Y
 _11749_/X
 _11750_/X
 _11751_/Y
 _11752_/X
 _11753_/Y
 _11754_/X
 _11755_/X
 _11756_/Y
 _11757_/X
 _11758_/X
 _11759_/Y
 _11760_/X
 _11761_/X
 _11762_/Y
 _11763_/Y
 _11764_/X
 _11765_/Y
 _11766_/X
 _11767_/X
 _11768_/Y
 _11769_/Y
 _11770_/Y
 _11771_/X
 _11772_/Y
 _11773_/Y
 _11774_/Y
 _11775_/X
 _11776_/X
 _11777_/Y
 _11778_/Y
 _11779_/Y
 _11780_/Y
 _11781_/X
 _11782_/X
 _11783_/Y
 _11784_/Y
 _11785_/Y
 _11786_/X
 _11787_/X
 _11788_/X
 _11789_/X
 _11790_/Y
 _11791_/X
 _11792_/X
 _11793_/Y
 _11794_/Y
 _11795_/X
 _11796_/Y
 _11797_/Y
 _11798_/Y
 _11799_/Y
 _11800_/X
 _11801_/Y
 _11802_/X
 _11803_/X
 _11804_/Y
 _11805_/Y
 _11806_/X
 _11807_/Y
 _11808_/X
 _11809_/Y
 _11810_/X
 _11811_/X
 _11812_/X
 _11813_/Y
 _11814_/X
 _11815_/X
 _11816_/Y
 _11817_/X
 _11818_/X
 _11819_/X
 _11820_/Y
 _11821_/Y
 _11822_/Y
 _11823_/Y
 _11824_/Y
 _11825_/Y
 _11826_/Y
 _11827_/X
 _11828_/Y
 _11829_/Y
 _11830_/Y
 _11831_/Y
 _11832_/Y
 _11833_/X
 _11834_/X
 _11835_/X
 _11836_/X
 _11837_/X
 _11838_/X
 _11839_/Y
 _11840_/Y
 _11841_/X
 _11842_/X
 _11843_/X
 _11844_/Y
 _11845_/Y
 _11846_/X
 _11847_/X
 _11848_/X
 _11849_/X
 _11850_/X
 _11851_/X
 _11852_/X
 _11853_/X
 _11854_/X
 _11855_/Y
 _11856_/X
 _11857_/Y
 _11858_/Y
 _11859_/X
 _11860_/X
 _11861_/X
 _11862_/Y
 _11863_/X
 _11864_/Y
 _11865_/X
 _11866_/Y
 _11867_/Y
 _11868_/Y
 _11869_/Y
 _11870_/X
 _11871_/Y
 _11872_/Y
 _11873_/X
 _11874_/X
 _11875_/Y
 _11876_/Y
 _11877_/X
 _11878_/Y
 _11879_/X
 _11880_/Y
 _11881_/Y
 _11882_/Y
 _11883_/X
 _11884_/Y
 _11885_/Y
 _11886_/X
 _11887_/Y
 _11888_/X
 _11889_/X
 _11890_/Y
 _11891_/Y
 _11892_/Y
 _11893_/Y
 _11894_/X
 _11895_/Y
 _11896_/Y
 _11897_/Y
 _11898_/Y
 _11899_/Y
 _11900_/Y
 _11901_/Y
 _11902_/Y
 _11903_/Y
 _11904_/Y
 _11905_/X
 _11906_/Y
 _11907_/Y
 _11908_/Y
 _11909_/X
 _11910_/Y
 _11911_/X
 _11912_/Y
 _11913_/X
 _11914_/X
 _11915_/Y
 _11916_/Y
 _11917_/X
 _11918_/Y
 _11919_/Y
 _11920_/Y
 _11921_/Y
 _11922_/Y
 _11923_/Y
 _11924_/X
 _11925_/Y
 _11926_/X
 _11927_/X
 _11928_/Y
 _11929_/X
 _11930_/X
 _11931_/Y
 _11932_/X
 _11933_/Y
 _11934_/X
 _11935_/Y
 _11936_/X
 _11937_/Y
 _11938_/Y
 _11939_/X
 _11940_/Y
 _11941_/Y
 _11942_/Y
 _11943_/X
 _11944_/Y
 _11945_/Y
 _11946_/X
 _11947_/Y
 _11948_/Y
 _11949_/X
 _11950_/Y
 _11951_/Y
 _11952_/Y
 _11953_/Y
 _11954_/X
 _11955_/Y
 _11956_/X
 _11957_/Y
 _11958_/X
 _11959_/Y
 _11960_/Y
 _11961_/Y
 _11962_/Y
 _11963_/X
 _11964_/Y
 _11965_/Y
 _11966_/Y
 _11967_/Y
 _11968_/Y
 _11969_/X
 _11970_/Y
 _11971_/Y
 _11972_/Y
 _11973_/Y
 _11974_/Y
 _11975_/Y
 _11976_/X
 _11977_/X
 _11978_/Y
 _11979_/Y
 _11980_/X
 _11981_/X
 _11982_/X
 _11983_/Y
 _11984_/Y
 _11985_/X
 _11986_/Y
 _11987_/Y
 _11988_/X
 _11989_/Y
 _11990_/X
 _11991_/X
 _11992_/Y
 _11993_/X
 _11994_/Y
 _11995_/X
 _11996_/Y
 _11997_/Y
 _11998_/X
 _11999_/X
 _12000_/Y
 _12001_/Y
 _12002_/X
 _12003_/Y
 _12004_/Y
 _12005_/X
 _12006_/Y
 _12007_/X
 _12008_/Y
 _12009_/X
 _12010_/Y
 _12011_/Y
 _12012_/Y
 _12013_/X
 _12014_/Y
 _12015_/Y
 _12016_/Y
 _12017_/X
 _12018_/Y
 _12019_/Y
 _12020_/Y
 _12021_/Y
 _12022_/X
 _12023_/Y
 _12024_/Y
 _12025_/X
 _12026_/X
 _12027_/Y
 _12028_/X
 _12029_/Y
 _12030_/Y
 _12031_/X
 _12032_/Y
 _12033_/X
 _12034_/Y
 _12035_/Y
 _12036_/X
 _12037_/Y
 _12038_/X
 _12039_/Y
 _12040_/X
 _12041_/X
 _12042_/X
 _12043_/Y
 _12044_/X
 _12045_/Y
 _12046_/X
 _12047_/X
 _12048_/X
 _12049_/Y
 _12050_/X
 _12051_/X
 _12052_/Y
 _12053_/X
 _12054_/Y
 _12055_/X
 _12056_/X
 _12057_/X
 _12058_/Y
 _12059_/Y
 _12060_/X
 _12061_/Y
 _12062_/Y
 _12063_/Y
 _12064_/Y
 _12065_/X
 _12066_/Y
 _12067_/X
 _12068_/Y
 _12069_/X
 _12070_/X
 _12071_/Y
 _12072_/X
 _12073_/Y
 _12074_/X
 _12075_/X
 _12076_/Y
 _12077_/X
 _12078_/Y
 _12079_/Y
 _12080_/X
 _12081_/Y
 _12082_/Y
 _12083_/Y
 _12084_/X
 _12085_/X
 _12086_/Y
 _12087_/X
 _12088_/Y
 _12089_/Y
 _12090_/X
 _12091_/Y
 _12092_/X
 _12093_/X
 _12094_/Y
 _12095_/X
 _12096_/X
 _12097_/X
 _12098_/Y
 _12099_/Y
 _12100_/X
 _12101_/Y
 _12102_/Y
 _12103_/X
 _12104_/Y
 _12105_/X
 _12106_/X
 _12107_/Y
 _12108_/Y
 _12109_/X
 _12110_/X
 _12111_/X
 _12112_/Y
 _12113_/X
 _12114_/Y
 _12115_/X
 _12116_/Y
 _12117_/Y
 _12118_/X
 _12119_/X
 _12120_/Y
 _12121_/Y
 _12122_/X
 _12123_/Y
 _12124_/X
 _12125_/Y
 _12126_/Y
 _12127_/X
 _12128_/Y
 _12129_/X
 _12130_/Y
 _12131_/X
 _12132_/Y
 _12133_/Y
 _12134_/Y
 _12135_/X
 _12136_/Y
 _12137_/X
 _12138_/Y
 _12139_/X
 _12140_/X
 _12141_/Y
 _12142_/Y
 _12143_/Y
 _12144_/Y
 _12145_/Y
 _12146_/X
 _12147_/Y
 _12148_/X
 _12149_/Y
 _12150_/X
 _12151_/X
 _12152_/Y
 _12153_/Y
 _12154_/X
 _12155_/X
 _12156_/Y
 _12157_/Y
 _12158_/X
 _12159_/Y
 _12160_/X
 _12161_/Y
 _12162_/X
 _12163_/X
 _12164_/X
 _12165_/X
 _12166_/X
 _12167_/Y
 _12168_/Y
 _12169_/X
 _12170_/Y
 _12171_/X
 _12172_/X
 _12173_/X
 _12174_/X
 _12175_/Y
 _12176_/X
 _12177_/Y
 _12178_/X
 _12179_/Y
 _12180_/Y
 _12181_/Y
 _12182_/Y
 _12183_/X
 _12184_/Y
 _12185_/Y
 _12186_/X
 _12187_/X
 _12188_/Y
 _12189_/X
 _12190_/X
 _12191_/X
 _12192_/Y
 _12193_/Y
 _12194_/Y
 _12195_/Y
 _12196_/X
 _12197_/Y
 _12198_/X
 _12199_/X
 _12200_/Y
 _12201_/X
 _12202_/X
 _12203_/Y
 _12204_/Y
 _12205_/Y
 _12206_/Y
 _12207_/X
 _12208_/Y
 _12209_/Y
 _12210_/Y
 _12211_/Y
 _12212_/Y
 _12213_/Y
 _12214_/Y
 _12215_/X
 _12216_/Y
 _12217_/X
 _12218_/X
 _12219_/X
 _12220_/X
 _12221_/X
 _12222_/Y
 _12223_/Y
 _12224_/Y
 _12225_/X
 _12226_/Y
 _12227_/X
 _12228_/Y
 _12229_/X
 _12230_/X
 _12231_/Y
 _12232_/Y
 _12233_/X
 _12234_/Y
 _12235_/Y
 _12236_/Y
 _12237_/Y
 _12238_/Y
 _12239_/Y
 _12240_/X
 _12241_/X
 _12242_/X
 _12243_/Y
 _12244_/X
 _12245_/Y
 _12246_/Y
 _12247_/X
 _12248_/Y
 _12249_/Y
 _12250_/Y
 _12251_/X
 _12252_/Y
 _12253_/Y
 _12254_/X
 _12255_/Y
 _12256_/Y
 _12257_/Y
 _12258_/X
 _12259_/Y
 _12260_/Y
 _12261_/X
 _12262_/Y
 _12263_/Y
 _12264_/X
 _12265_/Y
 _12266_/Y
 _12267_/Y
 _12268_/Y
 _12269_/X
 _12270_/Y
 _12271_/X
 _12272_/Y
 _12273_/X
 _12274_/Y
 _12275_/Y
 _12276_/Y
 _12277_/Y
 _12278_/X
 _12279_/X
 _12280_/Y
 _12281_/X
 _12282_/Y
 _12283_/X
 _12284_/Y
 _12285_/Y
 _12286_/Y
 _12287_/Y
 _12288_/Y
 _12289_/Y
 _12290_/X
 _12291_/X
 _12292_/Y
 _12293_/Y
 _12294_/X
 _12295_/X
 _12296_/X
 _12297_/Y
 _12298_/Y
 _12299_/X
 _12300_/Y
 _12301_/Y
 _12302_/X
 _12303_/Y
 _12304_/X
 _12305_/X
 _12306_/Y
 _12307_/X
 _12308_/Y
 _12309_/X
 _12310_/Y
 _12311_/Y
 _12312_/X
 _12313_/X
 _12314_/Y
 _12315_/Y
 _12316_/X
 _12317_/X
 _12318_/Y
 _12319_/Y
 _12320_/Y
 _12321_/X
 _12322_/Y
 _12323_/Y
 _12324_/Y
 _12325_/X
 _12326_/Y
 _12327_/Y
 _12328_/Y
 _12329_/X
 _12330_/Y
 _12331_/Y
 _12332_/Y
 _12333_/Y
 _12334_/Y
 _12335_/Y
 _12336_/X
 _12337_/X
 _12338_/Y
 _12339_/X
 _12340_/Y
 _12341_/Y
 _12342_/X
 _12343_/Y
 _12344_/X
 _12345_/Y
 _12346_/Y
 _12347_/X
 _12348_/Y
 _12349_/X
 _12350_/Y
 _12351_/X
 _12352_/X
 _12353_/X
 _12354_/Y
 _12355_/X
 _12356_/Y
 _12357_/X
 _12358_/X
 _12359_/X
 _12360_/Y
 _12361_/X
 _12362_/X
 _12363_/Y
 _12364_/X
 _12365_/Y
 _12366_/X
 _12367_/X
 _12368_/X
 _12369_/Y
 _12370_/Y
 _12371_/Y
 _12372_/Y
 _12373_/Y
 _12374_/Y
 _12375_/X
 _12376_/Y
 _12377_/X
 _12378_/Y
 _12379_/X
 _12380_/X
 _12381_/Y
 _12382_/X
 _12383_/X
 _12384_/Y
 _12385_/Y
 _12386_/X
 _12387_/X
 _12388_/X
 _12389_/Y
 _12390_/X
 _12391_/Y
 _12392_/Y
 _12393_/Y
 _12394_/X
 _12395_/X
 _12396_/Y
 _12397_/Y
 _12398_/X
 _12399_/Y
 _12400_/Y
 _12401_/X
 _12402_/Y
 _12403_/X
 _12404_/X
 _12405_/Y
 _12406_/X
 _12407_/X
 _12408_/X
 _12409_/Y
 _12410_/Y
 _12411_/X
 _12412_/Y
 _12413_/Y
 _12414_/Y
 _12415_/Y
 _12416_/Y
 _12417_/Y
 _12418_/X
 _12419_/Y
 _12420_/Y
 _12421_/Y
 _12422_/X
 _12423_/X
 _12424_/Y
 _12425_/X
 _12426_/X
 _12427_/X
 _12428_/Y
 _12429_/Y
 _12430_/X
 _12431_/Y
 _12432_/Y
 _12433_/X
 _12434_/X
 _12435_/Y
 _12436_/Y
 _12437_/X
 _12438_/Y
 _12439_/Y
 _12440_/Y
 _12441_/X
 _12442_/Y
 _12443_/Y
 _12444_/Y
 _12445_/X
 _12446_/X
 _12447_/Y
 _12448_/X
 _12449_/Y
 _12450_/Y
 _12451_/Y
 _12452_/Y
 _12453_/Y
 _12454_/Y
 _12455_/Y
 _12456_/X
 _12457_/Y
 _12458_/Y
 _12459_/X
 _12460_/Y
 _12461_/X
 _12462_/X
 _12463_/Y
 _12464_/X
 _12465_/Y
 _12466_/Y
 _12467_/X
 _12468_/Y
 _12469_/X
 _12470_/X
 _12471_/X
 _12472_/Y
 _12473_/Y
 _12474_/X
 _12475_/Y
 _12476_/X
 _12477_/Y
 _12478_/X
 _12479_/Y
 _12480_/Y
 _12481_/X
 _12482_/Y
 _12483_/X
 _12484_/X
 _12485_/Y
 _12486_/X
 _12487_/Y
 _12488_/X
 _12489_/Y
 _12490_/X
 _12491_/Y
 _12492_/Y
 _12493_/Y
 _12494_/Y
 _12495_/X
 _12496_/Y
 _12497_/Y
 _12498_/X
 _12499_/X
 _12500_/Y
 _12501_/Y
 _12502_/X
 _12503_/Y
 _12504_/Y
 _12505_/X
 _12506_/Y
 _12507_/Y
 _12508_/X
 _12509_/Y
 _12510_/Y
 _12511_/X
 _12512_/Y
 _12513_/X
 _12514_/X
 _12515_/Y
 _12516_/Y
 _12517_/Y
 _12518_/Y
 _12519_/X
 _12520_/Y
 _12521_/Y
 _12522_/Y
 _12523_/Y
 _12524_/Y
 _12525_/Y
 _12526_/Y
 _12527_/Y
 _12528_/Y
 _12529_/X
 _12530_/Y
 _12531_/Y
 _12532_/Y
 _12533_/X
 _12534_/Y
 _12535_/X
 _12536_/Y
 _12537_/X
 _12538_/X
 _12539_/Y
 _12540_/Y
 _12541_/X
 _12542_/Y
 _12543_/Y
 _12544_/Y
 _12545_/Y
 _12546_/Y
 _12547_/Y
 _12548_/X
 _12549_/X
 _12550_/X
 _12551_/Y
 _12552_/X
 _12553_/X
 _12554_/Y
 _12555_/X
 _12556_/Y
 _12557_/Y
 _12558_/Y
 _12559_/X
 _12560_/Y
 _12561_/Y
 _12562_/X
 _12563_/Y
 _12564_/Y
 _12565_/Y
 _12566_/X
 _12567_/Y
 _12568_/Y
 _12569_/X
 _12570_/Y
 _12571_/Y
 _12572_/X
 _12573_/Y
 _12574_/Y
 _12575_/Y
 _12576_/Y
 _12577_/X
 _12578_/Y
 _12579_/X
 _12580_/X
 _12581_/Y
 _12582_/Y
 _12583_/Y
 _12584_/Y
 _12585_/X
 _12586_/X
 _12587_/Y
 _12588_/X
 _12589_/Y
 _12590_/X
 _12591_/Y
 _12592_/Y
 _12593_/Y
 _12594_/Y
 _12595_/Y
 _12596_/Y
 _12597_/X
 _12598_/X
 _12599_/Y
 _12600_/Y
 _12601_/X
 _12602_/X
 _12603_/X
 _12604_/Y
 _12605_/Y
 _12606_/X
 _12607_/Y
 _12608_/Y
 _12609_/X
 _12610_/Y
 _12611_/X
 _12612_/X
 _12613_/Y
 _12614_/X
 _12615_/X
 _12616_/Y
 _12617_/Y
 _12618_/X
 _12619_/X
 _12620_/Y
 _12621_/Y
 _12622_/X
 _12623_/X
 _12624_/Y
 _12625_/Y
 _12626_/Y
 _12627_/X
 _12628_/Y
 _12629_/Y
 _12630_/Y
 _12631_/X
 _12632_/Y
 _12633_/Y
 _12634_/Y
 _12635_/X
 _12636_/Y
 _12637_/Y
 _12638_/Y
 _12639_/Y
 _12640_/Y
 _12641_/X
 _12642_/Y
 _12643_/Y
 _12644_/Y
 _12645_/X
 _12646_/Y
 _12647_/Y
 _12648_/X
 _12649_/X
 _12650_/Y
 _12651_/X
 _12652_/Y
 _12653_/X
 _12654_/Y
 _12655_/X
 _12656_/X
 _12657_/X
 _12658_/Y
 _12659_/X
 _12660_/Y
 _12661_/X
 _12662_/X
 _12663_/X
 _12664_/Y
 _12665_/X
 _12666_/X
 _12667_/Y
 _12668_/X
 _12669_/Y
 _12670_/X
 _12671_/X
 _12672_/X
 _12673_/Y
 _12674_/Y
 _12675_/Y
 _12676_/Y
 _12677_/Y
 _12678_/Y
 _12679_/X
 _12680_/Y
 _12681_/Y
 _12682_/X
 _12683_/Y
 _12684_/X
 _12685_/Y
 _12686_/X
 _12687_/X
 _12688_/Y
 _12689_/Y
 _12690_/X
 _12691_/X
 _12692_/X
 _12693_/Y
 _12694_/X
 _12695_/Y
 _12696_/Y
 _12697_/Y
 _12698_/X
 _12699_/X
 _12700_/Y
 _12701_/X
 _12702_/Y
 _12703_/Y
 _12704_/X
 _12705_/Y
 _12706_/X
 _12707_/X
 _12708_/Y
 _12709_/X
 _12710_/X
 _12711_/X
 _12712_/Y
 _12713_/Y
 _12714_/X
 _12715_/Y
 _12716_/Y
 _12717_/Y
 _12718_/Y
 _12719_/Y
 _12720_/Y
 _12721_/X
 _12722_/X
 _12723_/X
 _12724_/Y
 _12725_/X
 _12726_/Y
 _12727_/X
 _12728_/Y
 _12729_/Y
 _12730_/X
 _12731_/X
 _12732_/Y
 _12733_/Y
 _12734_/X
 _12735_/Y
 _12736_/Y
 _12737_/X
 _12738_/X
 _12739_/Y
 _12740_/Y
 _12741_/X
 _12742_/Y
 _12743_/X
 _12744_/Y
 _12745_/X
 _12746_/Y
 _12747_/Y
 _12748_/X
 _12749_/Y
 _12750_/Y
 _12751_/X
 _12752_/X
 _12753_/Y
 _12754_/X
 _12755_/Y
 _12756_/Y
 _12757_/Y
 _12758_/Y
 _12759_/Y
 _12760_/X
 _12761_/Y
 _12762_/Y
 _12763_/X
 _12764_/Y
 _12765_/X
 _12766_/X
 _12767_/Y
 _12768_/X
 _12769_/Y
 _12770_/X
 _12771_/Y
 _12772_/X
 _12773_/Y
 _12774_/X
 _12775_/X
 _12776_/X
 _12777_/Y
 _12778_/Y
 _12779_/X
 _12780_/Y
 _12781_/X
 _12782_/X
 _12783_/Y
 _12784_/Y
 _12785_/X
 _12786_/Y
 _12787_/X
 _12788_/X
 _12789_/X
 _12790_/Q
 _12791_/Q
 _12792_/Q
 _12793_/Q
 _12794_/Q
 _12795_/Q
 _12796_/Q
 _12797_/Q
 _12798_/Q
 _12799_/Q
 _12800_/Q
 _12801_/Q
 _12802_/Q
 _12803_/Q
 _12804_/Q
 _12805_/Q
 _12806_/Q
 _12807_/Q
 _12808_/Q
 _12809_/Q
 _12810_/Q
 _12811_/Q
 _12812_/Q
 _12813_/Q
 _12814_/Q
 _12815_/Q
 _12816_/Q
 _12817_/Q
 _12818_/Q
 _12819_/Q
 _12820_/Q
 _12821_/Q
 _12822_/Q
 _12823_/Q
 _12824_/Q
 _12825_/Q
 _12826_/Q
 _12827_/Q
 _12828_/Q
 _12829_/Q
 _12830_/Q
 _12831_/Q
 _12832_/Q
 _12833_/Q
 _12834_/Q
 _12835_/Q
 _12836_/Q
 _12837_/Q
 _12838_/Q
 _12839_/Q
 _12840_/Q
 _12841_/Q
 _12842_/Q
 _12843_/Q
 _12844_/Q
 _12845_/Q
 _12846_/Q
 _12847_/Q
 _12848_/Q
 _12849_/Q
 _12850_/Q
 _12851_/Q
 _12852_/Q
 _12853_/Q
 _12854_/Q
 _12855_/Q
 _12856_/Q
 _12857_/Q
 _12858_/Q
 _12859_/Q
 _12860_/Q
 _12861_/Q
 _12862_/Q
 _12863_/Q
 _12864_/Q
 _12865_/Q
 _12866_/Q
 _12867_/Q
 _12868_/Q
 _12869_/Q
 _12870_/Q
 _12871_/Q
 _12872_/Q
 _12873_/Q
 _12874_/Q
 _12875_/Q
 _12876_/Q
 _12877_/Q
 _12878_/Q
 _12879_/Q
 _12880_/Q
 _12881_/Q
 _12882_/Q
 _12883_/Q
 _12884_/Q
 _12885_/Q
 _12886_/Q
 _12887_/Q
 _12888_/Q
 _12889_/Q
 _12890_/Q
 _12891_/Q
 _12892_/Q
 _12893_/Q
 _12894_/Q
 _12895_/Q
 _12896_/Q
 _12897_/Q
 _12898_/Q
 _12899_/Q
 _12900_/Q
 _12901_/Q
 _12902_/Q
 _12903_/Q
 _12904_/Q
 _12905_/Q
 _12906_/Q
 _12907_/Q
 _12908_/Q
 _12909_/Q
 _12910_/Q
 _12911_/Q
 _12912_/Q
 _12913_/Q
 _12914_/Q
 _12915_/Q
 _12916_/Q
 _12917_/Q
 _12918_/Q
 _12919_/Q
 _12920_/Q
 _12921_/Q
 _12922_/Q
 _12923_/Q
 _12924_/Q
 _12925_/Q
 _12926_/Q
 _12927_/Q
 _12928_/Q
 _12929_/Q
 _12930_/Q
 _12931_/Q
 _12932_/Q
 _12933_/Q
 _12934_/Q
 _12935_/Q
 _12936_/Q
 _12937_/Q
 _12938_/Q
 _12939_/Q
 _12940_/Q
 _12941_/Q
 _12942_/Q
 _12943_/Q
 _12944_/Q
 _12945_/Q
 _12946_/Q
 _12947_/Q
 _12948_/Q
 _12949_/Q
 _12950_/Q
 _12951_/Q
 _12952_/Q
 _12953_/Q
 _12954_/Q
 _12955_/Q
 _12956_/Q
 _12957_/Q
 _12958_/Q
 _12959_/Q
 _12960_/Q
 _12961_/Q
 _12962_/Q
 _12963_/Q
 _12964_/Q
 _12965_/Q
 _12966_/Q
 _12967_/Q
 _12968_/Q
 _12969_/Q
 _12970_/Q
 _12971_/Q
 _12972_/Q
 _12973_/Q
 _12974_/Q
 _12975_/Q
 _12976_/Q
 _12977_/Q
 _12978_/Q
 _12979_/Q
 _12980_/Q
 _12981_/Q
 _12982_/Q
 _12983_/Q
 _12984_/Q
 _12985_/Q
 _12986_/Q
 _12987_/Q
 _12988_/Q
 _12989_/Q
 _12990_/Q
 _12991_/Q
 _12992_/Q
 _12993_/Q
 _12994_/Q
 _12995_/Q
 _12996_/Q
 _12997_/Q
 _12998_/Q
 _12999_/Q
 _13000_/Q
 _13001_/Q
 _13002_/Q
 _13003_/Q
 _13004_/Q
 _13005_/Q
 _13006_/Q
 _13007_/Q
 _13008_/Q
 _13009_/Q
 _13010_/Q
 _13011_/Q
 _13012_/Q
 _13013_/Q
 _13014_/Q
 _13015_/Q
 _13016_/Q
 _13017_/Q
 _13018_/Q
 _13019_/Q
 _13020_/Q
 _13021_/Q
 _13022_/Q
 _13023_/Q
 _13024_/Q
 _13025_/Q
 _13026_/Q
 _13027_/Q
 _13028_/Q
 _13029_/Q
 _13030_/Q
 _13031_/Q
 _13032_/Q
 _13033_/Q
 _13034_/Q
 _13035_/Q
 _13036_/Q
 _13037_/Q
 _13038_/Q
 _13039_/Q
 _13040_/Q
 _13041_/Q
 _13042_/Q
 _13043_/Q
 _13044_/Q
 _13045_/Q
 _13046_/Q
 _13047_/Q
 _13048_/Q
 _13049_/Q
 _13050_/Q
 _13051_/Q
 _13052_/Q
 _13053_/Q
 _13054_/Q
 _13055_/Q
 _13056_/Q
 _13057_/Q
 _13058_/Q
 _13059_/Q
 _13060_/Q
 _13061_/Q
 _13062_/Q
 _13063_/Q
 _13064_/Q
 _13065_/Q
 _13066_/Q
 _13067_/Q
 _13068_/Q
 _13069_/Q
 _13070_/Q
 _13071_/Q
 _13072_/Q
 _13073_/Q
 _13074_/Q
 _13075_/Q
 _13076_/Q
 _13077_/Q
 _13078_/Q
 _13079_/Q
 _13080_/Q
 _13081_/Q
 _13082_/Q
 _13083_/Q
 _13084_/Q
 _13085_/Q
 _13086_/Q
 _13087_/Q
 _13088_/Q
 _13089_/Q
 _13090_/Q
 _13091_/Q
 _13092_/Q
 _13093_/Q
 _13094_/Q
 _13095_/Q
 _13096_/Q
 _13097_/Q
 _13098_/Q
 _13099_/Q
 _13100_/Q
 _13101_/Q
 _13102_/Q
 _13103_/Q
 _13104_/Q
 _13105_/Q
 _13106_/Q
 _13107_/Q
 _13108_/Q
 _13109_/Q
 _13110_/Q
 _13111_/Q
 _13112_/Q
 _13113_/Q
 _13114_/Q
 _13115_/Q
 _13116_/Q
 _13117_/Q
 _13118_/Q
 _13119_/Q
 _13120_/Q
 _13121_/Q
 _13122_/Q
 _13123_/Q
 _13124_/Q
 _13125_/Q
 _13126_/Q
 _13127_/Q
 _13128_/Q
 _13129_/Q
 _13130_/Q
 _13131_/Q
 _13132_/Q
 _13133_/Q
 _13134_/Q
 _13135_/Q
 _13136_/Q
 _13137_/Q
 _13138_/Q
 _13139_/Q
 _13140_/Q
 _13141_/Q
 _13142_/Q
 _13143_/Q
 _13144_/Q
 _13145_/Q
 _13146_/Q
 _13147_/Q
 _13148_/Q
 _13149_/Q
 _13150_/Q
 _13151_/Q
 _13152_/Q
 _13153_/Q
 _13154_/Q
 _13155_/Q
 _13156_/Q
 _13157_/Q
 _13158_/Q
 _13159_/Q
 _13160_/Q
 _13161_/Q
 _13162_/Q
 _13163_/Q
 _13164_/Q
 _13165_/Q
 _13166_/Q
 _13167_/Q
 _13168_/Q
 _13169_/Q
 _13170_/Q
 _13171_/Q
 _13172_/Q
 _13173_/Q
 _13174_/Q
 _13175_/Q
 _13176_/Q
 _13177_/Q
 _13178_/Q
 _13179_/Q
 _13180_/Q
 _13181_/Q
 _13182_/Q
 _13183_/Q
 _13184_/Q
 _13185_/Q
 _13186_/Q
 _13187_/Q
 _13188_/Q
 _13189_/Q
 _13190_/Q
 _13191_/Q
 _13192_/Q
 _13193_/Q
 _13194_/Q
 _13195_/Q
 _13196_/Q
 _13197_/Q
 _13198_/Q
 _13199_/Q
 _13200_/Q
 _13201_/Q
 _13202_/Q
 _13203_/Q
 _13204_/Q
 _13205_/Q
 _13206_/Q
 _13207_/Q
 _13208_/Q
 _13209_/Q
 _13210_/Q
 _13211_/Q
 _13212_/Q
 _13213_/Q
 _13214_/Q
 _13215_/Q
 _13216_/Q
 _13217_/Q
 _13218_/Q
 _13219_/Q
 _13220_/Q
 _13221_/Q
 _13222_/Q
 _13223_/Q
 _13224_/Q
 _13225_/Q
 _13226_/Q
 _13227_/Q
 _13228_/Q
 _13229_/Q
 _13230_/Q
 _13231_/Q
 _13232_/Q
 _13233_/Q
 _13234_/Q
 _13235_/Q
 _13236_/Q
 _13237_/Q
 _13238_/Q
 _13239_/Q
 _13240_/Q
 _13241_/Q
 _13242_/Q
 _13243_/Q
 _13244_/Q
 _13245_/Q
 _13246_/Q
 _13247_/Q
 _13248_/Q
 _13249_/Q
 _13250_/Q
 _13251_/Q
 _13252_/Q
 _13253_/Q
 _13254_/Q
 _13255_/Q
 _13256_/Q
 _13257_/Q
 _13258_/Q
 _13259_/Q
 _13260_/Q
 _13261_/Q
 _13262_/Q
 _13263_/Q
 _13264_/Q
 _13265_/Q
 _13266_/Q
 _13267_/Q
 _13268_/Q
 _13269_/Q
 _13270_/Q
 _13271_/Q
 _13272_/Q
 _13273_/Q
 _13274_/Q
 _13275_/Q
 _13276_/Q
 _13277_/Q
 _13278_/Q
 _13279_/Q
 _13280_/Q
 _13281_/Q
 _13282_/Q
 _13283_/Q
 _13284_/Q
 _13285_/Q
 _13286_/Q
 _13287_/Q
 _13288_/Q
 _13289_/Q
 _13290_/Q
 _13291_/Q
 _13292_/Q
 _13293_/Q
 _13294_/Q
 _13295_/Q
 _13296_/Q
 _13297_/Q
 _13298_/Q
 _13299_/Q
 _13300_/Q
 _13301_/Q
 _13302_/Q
 _13303_/Q
 _13304_/Q
 _13305_/Q
 _13306_/Q
 _13307_/Q
 _13308_/Q
 _13309_/Q
 _13310_/Q
 _13311_/Q
 _13312_/Q
 _13313_/Q
 _13314_/Q
 _13315_/Q
 _13316_/Q
 _13317_/Q
 _13318_/Q
 _13319_/Q
 _13320_/Q
 _13321_/Q
 _13322_/Q
 _13323_/Q
 _13324_/Q
 _13325_/Q
 _13326_/Q
 _13327_/Q
 _13328_/Q
 _13329_/Q
 _13330_/Q
 _13331_/Q
 _13332_/Q
 _13333_/Q
 _13334_/Q
 _13335_/Q
 _13336_/Q
 _13337_/Q
 _13338_/Q
 _13339_/Q
 _13340_/Q
 _13341_/Q
 _13342_/Q
 _13343_/Q
 _13344_/Q
 _13345_/Q
 _13346_/Q
 _13347_/Q
 _13348_/Q
 _13349_/Q
 _13350_/Q
 _13351_/Q
 _13352_/Q
 _13353_/Q
 _13354_/Q
 _13355_/Q
 _13356_/Q
 _13357_/Q
 _13358_/Q
 _13359_/Q
 _13360_/Q
 _13361_/Q
 _13362_/Q
 _13363_/Q
 _13364_/Q
 _13365_/Q
 _13366_/Q
 _13367_/Q
 _13368_/Q
 _13369_/Q
 _13370_/HI
 _13370_/LO
 _13371_/HI
 _13371_/LO
 _13372_/HI
 _13372_/LO
 _13373_/HI
 _13373_/LO
 _13374_/HI
 _13374_/LO
 _13375_/HI
 _13375_/LO
 _13376_/HI
 _13376_/LO
 _13377_/HI
 _13377_/LO
 _13378_/HI
 _13378_/LO
 _13379_/HI
 _13379_/LO
 _13380_/HI
 _13380_/LO
 _13381_/HI
 _13381_/LO
 _13382_/HI
 _13382_/LO
 _13383_/HI
 _13383_/LO
 _13384_/HI
 _13384_/LO
 _13385_/HI
 _13385_/LO
 _13386_/HI
 _13386_/LO
 _13387_/HI
 _13387_/LO
 _13388_/HI
 _13388_/LO
 _13389_/HI
 _13389_/LO
 _13390_/HI
 _13390_/LO
 _13391_/HI
 _13391_/LO
 _13392_/HI
 _13392_/LO
 _13393_/HI
 _13393_/LO
 _13394_/HI
 _13394_/LO
 _13395_/HI
 _13395_/LO
 _13396_/HI
 _13396_/LO
 _13397_/HI
 _13397_/LO
 _13398_/HI
 _13398_/LO
 _13399_/HI
 _13399_/LO
 _13400_/HI
 _13400_/LO
 _13401_/HI
 _13401_/LO
 _13402_/HI
 _13402_/LO
 _13403_/HI
 _13403_/LO
 _13404_/HI
 _13404_/LO
 _13405_/HI
 _13405_/LO
 _13406_/HI
 _13406_/LO
 _13407_/HI
 _13407_/LO
 _13408_/HI
 _13408_/LO
 _13409_/HI
 _13409_/LO
 _13410_/HI
 _13410_/LO
 _13411_/HI
 _13411_/LO
 _13412_/HI
 _13412_/LO
 _13413_/HI
 _13413_/LO
 _13414_/HI
 _13414_/LO
 _13415_/HI
 _13415_/LO
 _13416_/HI
 _13416_/LO
 _13417_/HI
 _13417_/LO
 _13418_/HI
 _13418_/LO
 _13419_/HI
 _13419_/LO
 _13420_/HI
 _13420_/LO
 _13421_/HI
 _13421_/LO
Found 0 partially unannotated drivers.

===========================================================================
max slew violation count 776
max fanout violation count 250
max cap violation count 2
============================================================================

===========================================================================
check_setup -verbose -unconstrained_endpoints -multiple_clock -no_clock -no_input_delay -loops -generated_clocks
===========================================================================
Warning: There are 52 unconstrained endpoints.
  acc_out[115]
  acc_out[116]
  acc_out[117]
  acc_out[118]
  acc_out[119]
  acc_out[120]
  acc_out[121]
  acc_out[122]
  acc_out[123]
  acc_out[124]
  acc_out[125]
  acc_out[126]
  acc_out[127]
  acc_out[19]
  acc_out[20]
  acc_out[21]
  acc_out[22]
  acc_out[23]
  acc_out[24]
  acc_out[25]
  acc_out[26]
  acc_out[27]
  acc_out[28]
  acc_out[29]
  acc_out[30]
  acc_out[31]
  acc_out[51]
  acc_out[52]
  acc_out[53]
  acc_out[54]
  acc_out[55]
  acc_out[56]
  acc_out[57]
  acc_out[58]
  acc_out[59]
  acc_out[60]
  acc_out[61]
  acc_out[62]
  acc_out[63]
  acc_out[83]
  acc_out[84]
  acc_out[85]
  acc_out[86]
  acc_out[87]
  acc_out[88]
  acc_out[89]
  acc_out[90]
  acc_out[91]
  acc_out[92]
  acc_out[93]
  acc_out[94]
  acc_out[95]
