net,length_um
clknet_0_clk,814.865µm
net695,629.24µm
net626,594.4µm
clknet_3_6__leaf_clk,468.4µm
clknet_3_5__leaf_clk,457.49µm
net1,448.58µm
clknet_3_2__leaf_clk,443.36µm
clknet_3_4__leaf_clk,403.44µm
clknet_3_3__leaf_clk,394.995µm
clknet_3_1__leaf_clk,385.34µm
clknet_3_7__leaf_clk,375.56µm
clk,374.26µm
net660,345.67µm
clknet_3_0__leaf_clk,317.315µm
net614,301.725µm
net615,299.92µm
net637,299.54µm
net680,296.26µm
net630,279.58µm
net659,262.975µm
net611,252.9µm
net623,249.91µm
net432,246.25µm
net434,243.3µm
net597,242.52µm
net603,239.38µm
net688,235.92µm
net636,233.935µm
net318,227.635µm
net289,227.285µm
net605,223.015µm
net669,218.04µm
net613,212.84µm
net416,210.8µm
net427,209.02µm
net578,203.865µm
net631,200.94µm
net599,198.395µm
net313,198.22µm
net592,196.375µm
mac_data_in1\[1\],193.885µm
net624,193.26µm
net622,189.97µm
net519,189.96µm
net411,188.28µm
mac_acc_in1\[78\],188.02µm
net647,187.42µm
net601,186.28µm
net312,184.935µm
net546,184.7µm
net646,183.295µm
net547,183.16µm
net596,182.88µm
net418,182.41µm
net186,182.36µm
net205,182.02µm
net569,181.82µm
net577,179.075µm
mac_wt_in2\[23\],178.28µm
net575,176.83µm
net184,176.6µm
net378,176.485µm
net286,176.225µm
net215,176.14µm
net198,176.07µm
net625,174.37µm
net315,173.74µm
net609,173.28µm
net665,172.3µm
_00051_,171.685µm
net573,171.5µm
net612,171.06µm
net372,170.96µm
net284,170.67µm
net399,170.56µm
net402,170.415µm
net468,170.24µm
net388,170.055µm
net257,169.235µm
net618,168.85µm
net395,168.11µm
net290,167.96µm
net377,167.96µm
net369,167.12µm
net415,167.095µm
net282,166.355µm
net160,166.075µm
net190,165.62µm
net627,165.035µm
net645,163.84µm
net683,163.76µm
mac_data_in3\[0\],163.36µm
mac_acc_in1\[77\],163.16µm
net493,163.02µm
net425,162.635µm
net367,162.6µm
net694,162.44µm
net390,161.46µm
net658,160.795µm
net684,160.42µm
net344,158.1µm
net310,157.84µm
net550,157.76µm
net481,157.25µm
net513,156.955µm
net600,156.92µm
net412,155.97µm
net33,155.445µm
net19,155.415µm
net635,155.1µm
net364,155.08µm
net620,155.03µm
net518,155.025µm
net591,154.77µm
net200,153.915µm
net516,152.78µm
net508,152.14µm
net457,151.855µm
net594,151.59µm
net593,151.32µm
net420,151.285µm
net579,151.03µm
net288,150.85µm
net272,150.32µm
mac_data_in1\[22\],150.08µm
net462,149.15µm
net634,149.1µm
net203,148.34µm
net287,148.275µm
net392,148µm
net590,147.84µm
_00019_,146.58µm
net159,146.36µm
net339,145.725µm
net221,145.54µm
net196,145.2µm
net534,145.09µm
net668,144.985µm
net333,144.92µm
net256,144.79µm
net650,144.48µm
net673,143.7µm
net585,143.605µm
net563,142.295µm
net459,142.265µm
net549,142.22µm
net255,142µm
net679,141.675µm
net561,140.935µm
net162,140.88µm
net674,140.53µm
net525,140.52µm
net366,140.215µm
net212,140.02µm
net182,140µm
net218,139.65µm
mac_wt_in3\[6\],139.48µm
net188,139.43µm
net158,139.38µm
net672,139.36µm
net488,139.35µm
net506,138.79µm
net477,138.695µm
net559,138.245µm
net253,138.04µm
net210,137.6µm
net407,137.39µm
net610,136.98µm
net192,136.86µm
net523,136.615µm
net208,136.32µm
net495,136.05µm
net616,135.06µm
_00556_,135.04µm
net498,134.555µm
net263,134.42µm
net458,134.26µm
mac_wt_in1\[26\],134.15µm
mac_data_in3\[1\],133.92µm
net530,133.59µm
net475,133.24µm
_00018_,132.635µm
net403,131.76µm
net285,131.71µm
net566,131.52µm
net451,131.19µm
net463,130.76µm
net21,130.4µm
net440,130.12µm
net691,130.1µm
net511,129.82µm
net643,129.6µm
net368,129.215µm
net504,129.19µm
_00559_,129.18µm
net595,128.48µm
net533,128.31µm
net65,128.16µm
mac_wt_in3\[29\],128.105µm
net64,127.48µm
net271,127.34µm
net520,126.86µm
_00033_,126.655µm
net230,126.44µm
net486,125.8µm
clknet_leaf_18_clk,125.62µm
_00032_,125.375µm
net461,125.1µm
mac_wt_in1\[2\],124.515µm
net568,123.385µm
net517,123.23µm
net380,123.1µm
_00023_,122.555µm
net10,122.525µm
net330,121.985µm
_00039_,121.15µm
net181,121.08µm
net353,120.855µm
net316,120.8µm
_00000_,120.76µm
net570,120.64µm
net544,120.47µm
mac_data_in1\[2\],120.24µm
net370,120.18µm
net501,119.96µm
mac_wt_in3\[19\],119.7µm
net275,119.415µm
net693,119.32µm
mac_wt_in1\[18\],119.16µm
net604,118.9µm
net179,118.835µm
net430,118.64µm
mac_data_in2\[8\],118.32µm
mac_wt_in1\[15\],118.31µm
net524,118.1µm
net268,118.02µm
net409,117.26µm
net542,117.1µm
net565,116.72µm
net466,116.66µm
net445,116.565µm
net443,116.14µm
net328,115.9µm
net204,115.45µm
_00022_,114.98µm
net223,114.71µm
net503,114.46µm
net398,114.37µm
net555,114.37µm
net405,114.05µm
net400,113.98µm
net424,113.84µm
mac_wt_in3\[5\],113.71µm
net375,112.78µm
_00055_,112.605µm
net219,112.5µm
net510,112.48µm
net283,112.19µm
net194,111.98µm
net269,111.81µm
net484,111.74µm
net572,111.63µm
net314,110.975µm
net304,110.84µm
net431,110.83µm
net489,110.65µm
net361,110.53µm
mac_acc_in1\[73\],110.5µm
_00035_,110.45µm
net664,110.44µm
mac_data_in2\[1\],110.08µm
_00049_,109.82µm
_00470_,109.8µm
clknet_leaf_57_clk,109.76µm
net414,109.72µm
net295,109.67µm
net456,109.61µm
net359,109.425µm
net553,108.97µm
net342,108.925µm
net262,108.92µm
net355,108.735µm
net586,108.48µm
mac_acc_in1\[44\],108.18µm
net472,108.18µm
net20,108.14µm
net382,108.06µm
net373,107.78µm
net197,107.705µm
net244,107.705µm
net692,107.7µm
net11,107.6µm
net351,107.34µm
_00448_,107.14µm
mac_data_in1\[24\],106.93µm
net483,106.76µm
net654,106.44µm
net300,106.24µm
mac_data_in2\[24\],106.095µm
net641,105.975µm
mac_wt_in3\[16\],105.97µm
clknet_leaf_50_clk,105.74µm
clknet_leaf_7_clk,105.46µm
net640,105.44µm
net482,105.1µm
net260,105µm
net235,104.9µm
net396,104.7µm
net298,104.52µm
net340,104.37µm
net386,104.37µm
_00034_,104.18µm
net214,104.165µm
_00016_,104.12µm
net619,104.12µm
mac_data_in2\[10\],103.83µm
mac_wt_in1\[21\],103.7µm
net357,103.52µm
net258,103.51µm
net435,103.44µm
net168,103.42µm
net299,103.3µm
net502,103.215µm
net292,103.16µm
net233,103.125µm
net322,103.1µm
net41,103.09µm
net349,103.09µm
net470,102.78µm
net447,102.495µm
net639,102.48µm
net345,101.98µm
_00405_,101.955µm
net185,101.925µm
net428,101.905µm
net617,101.81µm
net329,101.805µm
net171,101.74µm
mac_data_in1\[16\],101.66µm
u_MAC14.mac_weight\[4\],101.47µm
net326,101.22µm
net199,100.56µm
_00017_,100.525µm
net363,100.5µm
net515,100.36µm
net296,100.145µm
net629,99.98µm
net526,99.845µm
net401,99.84µm
net347,99.64µm
net350,99.36µm
mac_wt_in2\[22\],99.235µm
clknet_leaf_25_clk,99.16µm
net280,99.135µm
net436,99.065µm
net374,99µm
net429,99µm
net394,98.8µm
net571,98.685µm
net42,98.56µm
net294,98.3µm
net642,98.22µm
net426,97.845µm
net583,97.78µm
clknet_leaf_43_clk,97.78µm
net337,97.4µm
_00054_,97.085µm
net666,96.82µm
net211,96.625µm
mac_data_in1\[17\],96.62µm
net311,96.39µm
net201,96.005µm
net632,95.96µm
net557,95.88µm
net455,95.86µm
net404,95.7µm
net656,95.58µm
net242,95.53µm
net512,95.5µm
net175,95.19µm
net567,95.115µm
net384,95.1µm
net241,95µm
mac_acc_in1\[39\],94.775µm
net452,94.76µm
clknet_leaf_56_clk,94.46µm
net661,94.22µm
net302,94.055µm
net365,93.82µm
net187,93.77µm
net176,93.7µm
net480,93.635µm
_00558_,93.4µm
net306,93.39µm
net606,93.12µm
net231,93.085µm
u_MAC14.mac_weight\[6\],93µm
net541,92.58µm
_00372_,92.565µm
net681,92.48µm
net607,92.42µm
clknet_leaf_6_clk,92.32µm
mac_acc_in2\[38\],92.22µm
net433,92.125µm
net3,91.9µm
mac_data_in1\[21\],91.68µm
net686,91.68µm
_00119_,91.645µm
mac_data_in2\[16\],91.64µm
mac_data_in3\[28\],91.62µm
net266,91.32µm
net307,91.19µm
net193,90.94µm
net438,90.82µm
net441,90.765µm
net496,90.635µm
mac_data_in1\[13\],90.62µm
net473,90.58µm
net169,90.32µm
mac_wt_in3\[10\],90.2µm
clknet_leaf_75_clk,89.74µm
net166,89.695µm
mac_acc_in2\[39\],89.56µm
net536,89.48µm
net551,89.46µm
net548,89.44µm
mac_acc_in1\[40\],89.36µm
clknet_leaf_37_clk,89.36µm
net4,89.22µm
clknet_leaf_46_clk,88.765µm
net226,88.64µm
net397,88.62µm
net529,88.12µm
net581,88.12µm
net191,88.09µm
net393,88.05µm
net564,87.96µm
u_MAC34.mac_weight\[2\],87.88µm
net497,87.82µm
net154,87.365µm
net562,87.33µm
clknet_leaf_36_clk,87.14µm
net554,86.7µm
_00050_,86.66µm
mac_data_in3\[20\],86.38µm
mac_acc_in1\[41\],86.215µm
net574,86.18µm
net273,85.8µm
_00569_,85.76µm
net183,85.735µm
mac_wt_in2\[21\],85.66µm
net324,85.505µm
net161,85.42µm
u_MAC14.mac_weight\[0\],85.22µm
net331,85.165µm
net474,85.085µm
mac_acc_in1\[69\],85.02µm
mac_data_in2\[9\],84.64µm
net491,84.44µm
mac_data_in1\[20\],84.38µm
net334,84.24µm
clknet_leaf_3_clk,84.135µm
mac_acc_in2\[41\],83.91µm
clknet_leaf_73_clk,83.88µm
mac_acc_in1\[110\],83.78µm
net532,83.68µm
net576,83.52µm
net580,83.39µm
mac_data_in1\[12\],83.18µm
mac_wt_in2\[1\],83.04µm
net156,82.94µm
net454,82.86µm
net32,82.76µm
net638,82.72µm
_00053_,82.56µm
mac_data_in3\[19\],82.42µm
net224,82.35µm
net309,82.225µm
_00118_,81.965µm
net209,81.96µm
net17,81.86µm
mac_data_in3\[16\],81.85µm
net341,81.63µm
mac_wt_in1\[3\],81.54µm
_00557_,81.44µm
mac_data_in2\[25\],81.44µm
net608,81.28µm
mac_data_in1\[31\],81.26µm
u_MAC44.mac_weight\[2\],81.12µm
clknet_leaf_55_clk,81.1µm
net174,80.97µm
u_MAC34.mac_weight\[5\],80.85µm
_00020_,80.82µm
mac_acc_in1\[42\],80.82µm
net677,80.68µm
net657,80.42µm
_00002_,80.22µm
net485,80.095µm
mac_acc_in1\[47\],80.08µm
net648,79.98µm
clknet_leaf_68_clk,79.94µm
net320,79.86µm
net264,79.83µm
net18,79.78µm
mac_acc_in1\[67\],79.72µm
mac_wt_in3\[2\],79.62µm
net439,79.22µm
net528,79.12µm
mac_data_in3\[13\],78.66µm
mac_acc_in2\[47\],78.26µm
net545,78.12µm
net471,78.04µm
net487,78.02µm
net653,77.9µm
mac_acc_in1\[72\],77.8µm
net499,77.68µm
net663,77.52µm
_00568_,77.34µm
_00484_,77.22µm
clknet_leaf_10_clk,77.04µm
net437,76.94µm
net478,76.94µm
mac_acc_in1\[68\],76.78µm
net222,76.75µm
mac_acc_in2\[110\],76.5µm
net293,76.46µm
net195,76.43µm
clknet_leaf_49_clk,76.38µm
net252,76.24µm
net522,76.2µm
net238,75.77µm
_00517_,75.7µm
net469,75.68µm
clknet_leaf_47_clk,75.68µm
net371,75.63µm
net165,75.43µm
mac_acc_in1\[6\],75.14µm
mac_acc_in2\[103\],75.06µm
net254,74.995µm
_00328_,74.985µm
mac_data_in2\[27\],74.97µm
net678,74.78µm
clknet_leaf_9_clk,74.78µm
net667,74.76µm
mac_data_in1\[11\],74.62µm
net8,74.57µm
net521,74.46µm
net621,74.36µm
net422,74.31µm
mac_acc_in2\[42\],74.22µm
mac_acc_in2\[43\],74.18µm
mac_acc_in2\[106\],73.96µm
clknet_leaf_61_clk,73.64µm
mac_acc_in2\[75\],73.56µm
net507,73.5µm
net689,73.42µm
net587,73.36µm
net180,73.29µm
net505,73.235µm
net240,73.21µm
net237,73.16µm
net305,73.115µm
clknet_leaf_40_clk,73.04µm
mac_acc_in1\[7\],73.01µm
net500,72.965µm
net543,72.95µm
mac_data_in3\[24\],72.88µm
net247,72.845µm
mac_data_in1\[8\],72.84µm
clknet_leaf_38_clk,72.62µm
_00566_,72.4µm
net213,72.31µm
_00451_,72.28µm
net690,72.14µm
net236,72.09µm
mac_acc_in1\[70\],71.98µm
net217,71.905µm
mac_acc_in3\[104\],71.9µm
net317,71.87µm
_00567_,71.84µm
mac_acc_in1\[108\],71.82µm
clknet_leaf_23_clk,71.78µm
clknet_leaf_71_clk,71.775µm
_00224_,71.74µm
_00483_,71.7µm
mac_acc_in1\[66\],71.26µm
clknet_leaf_4_clk,71.2µm
mac_acc_in2\[101\],71.12µm
mac_acc_in2\[108\],71.1µm
net155,71.06µm
net321,70.955µm
mac_acc_in3\[76\],70.88µm
mac_acc_in2\[40\],70.8µm
mac_data_in2\[26\],70.62µm
mac_data_in1\[5\],70.55µm
clknet_leaf_52_clk,70.48µm
u_MAC14.mac_weight\[5\],70.46µm
net220,70.38µm
mac_acc_in1\[65\],70.02µm
clknet_leaf_80_clk,69.86µm
mac_acc_in2\[111\],69.84µm
clknet_leaf_1_clk,69.8µm
net453,69.675µm
net682,69.54µm
mac_data_in2\[13\],69.5µm
net540,69.5µm
mac_data_in1\[3\],69.44µm
mac_wt_in3\[13\],69.16µm
net385,69.075µm
mac_acc_in2\[107\],68.96µm
net423,68.86µm
_00080_,68.825µm
net202,68.82µm
net251,68.64µm
mac_data_in3\[25\],68.48µm
mac_acc_in2\[104\],68.46µm
net644,68.42µm
net588,68.24µm
net442,68.19µm
mac_acc_in3\[108\],68.18µm
net671,68.12µm
clknet_leaf_22_clk,67.84µm
net406,67.83µm
mac_acc_in1\[38\],67.76µm
mac_acc_in3\[75\],67.76µm
mac_wt_in1\[19\],67.72µm
clknet_leaf_60_clk,67.61µm
mac_acc_in1\[71\],67.46µm
net446,67.4µm
net449,67.36µm
net490,67.26µm
mac_acc_in1\[43\],67.06µm
clknet_leaf_78_clk,67.06µm
mac_acc_in2\[109\],66.88µm
net651,66.76µm
net173,66.62µm
mac_acc_in3\[111\],66.56µm
net279,66.48µm
_00539_,66.44µm
mac_acc_in1\[105\],66.44µm
_00329_,66.26µm
mac_data_in3\[26\],66.24µm
mac_acc_in3\[73\],66.12µm
net323,66.09µm
mac_acc_in2\[76\],66.06µm
clknet_leaf_66_clk,65.86µm
mac_acc_in1\[45\],65.58µm
net245,65.52µm
net464,65.52µm
mac_acc_in2\[102\],65.43µm
net494,65.36µm
mac_wt_in1\[14\],65.2µm
mac_acc_in3\[39\],65.16µm
_00360_,65.125µm
mac_data_in3\[14\],64.995µm
clknet_leaf_19_clk,64.92µm
mac_wt_in3\[20\],64.84µm
mac_acc_in2\[105\],64.7µm
mac_data_in2\[12\],64.64µm
mac_acc_in2\[73\],64.46µm
_00384_,64.405µm
net276,64.385µm
net228,64.24µm
mac_data_in3\[27\],64.14µm
_00021_,64.06µm
net628,64.02µm
net157,63.98µm
net527,63.84µm
net164,63.82µm
net417,63.82µm
_00674_,63.74µm
net476,63.73µm
net387,63.69µm
clknet_leaf_8_clk,63.44µm
_00243_,63.34µm
_00004_,63.28µm
u_MAC14.mac_weight\[2\],63.14µm
mac_acc_in2\[3\],63.12µm
_00117_,63.085µm
mac_acc_in2\[72\],63.02µm
mac_data_in1\[30\],62.88µm
_00373_,62.825µm
mac_wt_in2\[10\],62.71µm
net178,62.61µm
net467,62.6µm
net584,62.405µm
mac_data_in2\[2\],62.38µm
net675,62.38µm
mac_data_in1\[7\],62.28µm
_00450_,62.26µm
clknet_leaf_62_clk,62.24µm
net189,62.13µm
net389,62.12µm
_00456_,62.105µm
_00361_,62.025µm
net560,61.84µm
mac_acc_in3\[107\],61.6µm
_00388_,61.545µm
_00452_,61.485µm
net444,61.38µm
_00386_,61.305µm
net539,61.28µm
mac_acc_in3\[109\],61.24µm
net531,61.2µm
mac_wt_in2\[20\],61.1µm
mac_acc_in2\[77\],60.98µm
clknet_leaf_12_clk,60.84µm
_00422_,60.66µm
net391,60.6µm
_00455_,60.585µm
_00487_,60.545µm
u_MAC14.mac_weight\[1\],60.525µm
net9,60.46µm
mac_data_in1\[6\],60.45µm
mac_acc_in2\[36\],60.38µm
mac_wt_in1\[27\],60.36µm
mac_acc_in2\[71\],60.08µm
mac_acc_in1\[104\],60.02µm
mac_wt_in3\[17\],59.96µm
_00371_,59.84µm
net376,59.84µm
mac_data_in3\[21\],59.62µm
net582,59.585µm
_00001_,59.54µm
mac_acc_in2\[74\],59.16µm
_00251_,58.98µm
mac_wt_in2\[17\],58.98µm
net492,58.98µm
net413,58.93µm
mac_acc_in3\[6\],58.82µm
mac_data_in3\[5\],58.78µm
mac_acc_in2\[78\],58.76µm
mac_acc_in1\[9\],58.74µm
mac_wt_in1\[30\],58.6µm
_00225_,58.56µm
_00005_,58.52µm
net277,58.385µm
mac_acc_in1\[100\],58.32µm
net450,58.32µm
_00249_,58.26µm
_00330_,58.245µm
_00383_,58.205µm
mac_acc_in2\[79\],58.16µm
clknet_leaf_70_clk,58.1µm
mac_data_in1\[0\],57.94µm
_00642_,57.86µm
mac_acc_in2\[37\],57.78µm
_00292_,57.705µm
mac_acc_in2\[70\],57.52µm
mac_acc_in2\[46\],57.48µm
clknet_leaf_58_clk,57.14µm
_00081_,57.125µm
net249,57.065µm
_00346_,57.045µm
mac_acc_in3\[72\],56.93µm
net243,56.92µm
mac_data_in3\[9\],56.8µm
mac_data_in1\[4\],56.74µm
net687,56.66µm
net172,56.64µm
clknet_leaf_53_clk,56.6µm
_00600_,56.56µm
clknet_leaf_20_clk,56.56µm
mac_data_in2\[3\],56.5µm
net261,56.46µm
clknet_leaf_32_clk,56.44µm
_00970_,56.34µm
mac_acc_in2\[32\],56.24µm
net346,56.22µm
net465,56.22µm
clknet_leaf_44_clk,56.14µm
mac_acc_in1\[103\],56.06µm
net419,55.58µm
mac_acc_in3\[70\],55.38µm
net216,55.26µm
net335,55.26µm
net301,55.225µm
mac_data_in3\[8\],55.1µm
_00353_,55.065µm
_00385_,54.925µm
mac_acc_in2\[100\],54.88µm
mac_acc_in2\[7\],54.86µm
mac_acc_in3\[110\],54.655µm
mac_data_in1\[9\],54.6µm
mac_acc_in1\[64\],54.56µm
mac_acc_in3\[77\],54.56µm
net343,54.43µm
net265,54.4µm
mac_acc_in3\[79\],54.34µm
mac_data_in2\[0\],54.28µm
mac_data_in3\[17\],54.16µm
_05256_,54.14µm
net234,54.12µm
clknet_leaf_28_clk,54.12µm
mac_data_in2\[19\],53.96µm
net685,53.96µm
net558,53.88µm
_00573_,53.84µm
net354,53.78µm
mac_acc_in3\[106\],53.76µm
_00227_,53.7µm
clknet_leaf_21_clk,53.7µm
clknet_leaf_27_clk,53.66µm
_00712_,53.54µm
mac_acc_in3\[41\],53.5µm
net12,53.5µm
_03731_,53.44µm
mac_acc_in3\[101\],53.42µm
net206,53.42µm
mac_wt_in2\[5\],53.4µm
mac_acc_in1\[5\],53.14µm
mac_wt_in1\[6\],52.96µm
_00228_,52.885µm
mac_acc_in1\[101\],52.86µm
clknet_leaf_34_clk,52.74µm
mac_acc_in2\[80\],52.5µm
_00354_,52.46µm
mac_acc_in3\[105\],52.36µm
net538,52.36µm
clknet_leaf_74_clk,52.26µm
_00340_,52.2µm
_05278_,52.12µm
_00116_,51.745µm
mac_data_in3\[23\],51.65µm
u_MAC24.mac_weight\[5\],51.59µm
net360,51.56µm
_00518_,51.52µm
net552,51.36µm
_00458_,51.125µm
net598,51.02µm
net670,50.74µm
_00246_,50.68µm
_00341_,50.625µm
mac_data_in2\[20\],50.62µm
clknet_leaf_30_clk,50.48µm
u_MAC34.mac_weight\[4\],50.36µm
mac_acc_in2\[4\],50.28µm
_01241_,50.22µm
_00115_,50.205µm
_00755_,50.07µm
_03706_,50µm
clknet_leaf_2_clk,49.995µm
_01140_,49.98µm
mac_wt_in2\[0\],49.88µm
mac_wt_in1\[1\],49.69µm
clknet_leaf_81_clk,49.58µm
net662,49.56µm
_00423_,49.445µm
clknet_leaf_65_clk,49.42µm
_00183_,49.295µm
mac_wt_in2\[4\],49.28µm
mac_acc_in3\[7\],49.24µm
_00291_,49.125µm
net655,49.05µm
_00375_,49.025µm
mac_data_in1\[29\],48.95µm
net408,48.9µm
mac_data_in2\[6\],48.84µm
mac_data_in2\[17\],48.82µm
net163,48.76µm
net308,48.66µm
net332,48.56µm
_00709_,48.48µm
mac_data_in3\[2\],48.36µm
net358,48.345µm
net170,48.28µm
net2,48.18µm
mac_acc_in2\[5\],48.1µm
_00382_,47.905µm
_00182_,47.735µm
clknet_leaf_79_clk,47.7µm
mac_wt_in2\[15\],47.68µm
_00229_,47.665µm
mac_wt_in1\[31\],47.64µm
net362,47.6µm
_03324_,47.58µm
mac_acc_in3\[67\],47.52µm
mac_data_in2\[21\],47.52µm
net356,47.52µm
net535,47.4µm
_00461_,47.305µm
u_MAC24.mac_weight\[2\],47.3µm
net267,47.26µm
_02943_,47.22µm
net352,47.04µm
_00248_,47.02µm
_00410_,46.965µm
_00352_,46.92µm
mac_acc_in2\[69\],46.84µm
u_MAC44.mac_weight\[3\],46.72µm
mac_acc_in2\[6\],46.68µm
mac_data_in2\[5\],46.68µm
_00331_,46.525µm
_00308_,46.465µm
_00460_,46.085µm
_00454_,45.845µm
net270,45.68µm
net460,45.64µm
net845,45.58µm
_00381_,45.385µm
clknet_leaf_72_clk,45.34µm
_00003_,45.3µm
net281,45.11µm
_00447_,44.965µm
net479,44.92µm
_05277_,44.84µm
net676,44.72µm
mac_data_in3\[11\],44.68µm
_00335_,44.645µm
mac_wt_in1\[29\],44.58µm
net227,44.56µm
u_MAC34.mac_weight\[0\],44.54µm
net556,44.42µm
clknet_leaf_83_clk,44.42µm
net167,44.19µm
net633,44.19µm
_00343_,44.105µm
mac_acc_in3\[100\],44µm
u_MAC44.mac_weight\[5\],43.94µm
_00825_,43.78µm
_04851_,43.76µm
mac_data_in1\[18\],43.74µm
mac_data_in3\[30\],43.72µm
_00523_,43.7µm
_00376_,43.66µm
net319,43.66µm
mac_data_in2\[14\],43.62µm
mac_acc_in2\[112\],43.38µm
u_MAC24.mac_weight\[0\],43.38µm
clknet_leaf_69_clk,43.26µm
clknet_leaf_63_clk,43.2µm
_04992_,43.09µm
mac_wt_in1\[5\],42.92µm
net649,42.9µm
net259,42.875µm
mac_acc_in3\[78\],42.84µm
_00052_,42.8µm
net348,42.76µm
mac_acc_in1\[36\],42.695µm
_00506_,42.58µm
clknet_leaf_5_clk,42.58µm
u_MAC44.mac_weight\[0\],42.52µm
net448,42.5µm
_00380_,42.465µm
mac_acc_in1\[99\],42.22µm
clknet_leaf_82_clk,42.2µm
u_MAC14.mac_weight\[3\],42.16µm
mac_wt_in1\[24\],42.08µm
mac_wt_in2\[11\],41.88µm
net338,41.85µm
_00421_,41.845µm
_05628_,41.8µm
_00507_,41.72µm
net207,41.56µm
_00614_,41.52µm
_05367_,41.46µm
_00529_,41.2µm
mac_wt_in2\[8\],41.16µm
clknet_leaf_15_clk,41.16µm
u_MAC24.mac_weight\[3\],41.08µm
net379,40.84µm
_00552_,40.83µm
net229,40.64µm
clknet_leaf_77_clk,40.2µm
mac_data_in1\[26\],40µm
clknet_leaf_14_clk,39.9µm
net291,39.85µm
mac_wt_in2\[9\],39.8µm
_01220_,39.78µm
_00128_,39.745µm
_02257_,39.54µm
_03489_,39.36µm
net327,39.04µm
clknet_leaf_33_clk,39.02µm
clknet_leaf_64_clk,38.7µm
u_MAC24.mac_weight\[1\],38.64µm
net239,38.54µm
mac_wt_in2\[18\],38.52µm
_02704_,38.5µm
mac_acc_in3\[36\],38.44µm
_00332_,38.28µm
clknet_leaf_0_clk,38.24µm
net836,38µm
_00420_,37.905µm
net589,37.875µm
clknet_leaf_67_clk,37.72µm
_03428_,37.52µm
_00459_,37.44µm
mac_acc_in2\[1\],37.12µm
mac_wt_in3\[8\],36.98µm
_00036_,36.96µm
_01988_,36.8µm
net177,36.75µm
_02729_,36.48µm
_00097_,36.405µm
clknet_leaf_51_clk,36.36µm
net602,36.32µm
clknet_leaf_29_clk,36.32µm
_00550_,36.16µm
_00679_,35.98µm
_05388_,35.98µm
net383,35.9µm
mac_acc_in1\[4\],35.68µm
mac_wt_in3\[0\],35.62µm
_00548_,35.46µm
net537,35.46µm
_05391_,35.42µm
mac_acc_in2\[2\],35.36µm
_00751_,35.18µm
_05818_,35.18µm
_00913_,35.02µm
mac_acc_in3\[38\],34.88µm
mac_data_in3\[3\],34.835µm
mac_acc_in2\[15\],34.8µm
_03471_,34.76µm
mac_data_in2\[11\],34.74µm
mac_wt_in2\[13\],34.74µm
net49,34.36µm
mac_wt_in3\[1\],34.26µm
_03792_,34.22µm
mac_wt_in1\[16\],34.18µm
_05419_,34.14µm
_01141_,34.06µm
mac_data_in2\[23\],34.02µm
_03993_,33.96µm
_03072_,33.9µm
_01584_,33.845µm
_05795_,33.78µm
_01927_,33.68µm
_02098_,33.68µm
_02356_,33.68µm
net225,33.5µm
mac_wt_in1\[17\],33.3µm
net297,33.3µm
_00736_,33.18µm
net278,33.18µm
net848,33.16µm
mac_data_in3\[4\],33.125µm
_00181_,33.095µm
_01946_,33.075µm
mac_data_in2\[22\],33.02µm
_01815_,33µm
net37,32.88µm
net303,32.815µm
_04628_,32.7µm
_00262_,32.66µm
net652,32.44µm
_01098_,32.34µm
net248,32.24µm
net250,32.24µm
mac_acc_in3\[37\],32.18µm
mac_data_in2\[4\],32.16µm
_00549_,32.04µm
_02009_,31.96µm
mac_wt_in1\[4\],31.96µm
_00377_,31.885µm
_00761_,31.84µm
net232,31.79µm
_00162_,31.785µm
_00309_,31.785µm
mac_acc_in3\[1\],31.66µm
_01165_,31.62µm
net421,31.62µm
u_MAC44.mac_weight\[6\],31.42µm
_01341_,31.32µm
net336,31.295µm
u_MAC24.mac_weight\[6\],31.26µm
_05385_,31.06µm
_00048_,31µm
_04266_,31µm
mac_wt_in2\[7\],30.96µm
_00403_,30.945µm
_00821_,30.92µm
net26,30.9µm
mac_wt_in3\[11\],30.85µm
mac_acc_in3\[64\],30.79µm
_03159_,30.71µm
net274,30.7µm
_00333_,30.665µm
net325,30.66µm
_02428_,30.62µm
_03170_,30.56µm
net246,30.5µm
_01469_,30.46µm
_01536_,30.36µm
net844,30.36µm
_06350_,30.26µm
mac_data_in2\[29\],30.18µm
_03408_,30.16µm
_01365_,29.98µm
_06217_,29.98µm
mac_data_in2\[15\],29.98µm
_05903_,29.96µm
_01401_,29.92µm
net48,29.88µm
_04115_,29.82µm
_04218_,29.8µm
_01582_,29.78µm
_05387_,29.74µm
_00715_,29.72µm
mac_acc_in1\[33\],29.64µm
net39,29.62µm
_00906_,29.6µm
_01198_,29.54µm
_04626_,29.5µm
_02071_,29.42µm
clknet_leaf_16_clk,29.42µm
_02300_,29.4µm
_01545_,29.38µm
_03962_,29.38µm
mac_acc_out3\[41\],29.32µm
_00334_,29.285µm
net821,29.185µm
_04339_,29.17µm
_02056_,29.16µm
net822,29.06µm
net849,29.06µm
_04952_,29.02µm
_01204_,28.9µm
net514,28.9µm
_00934_,28.88µm
net509,28.84µm
_05373_,28.8µm
net381,28.73µm
net44,28.72µm
_00682_,28.7µm
_06114_,28.66µm
_03787_,28.6µm
_03479_,28.44µm
_01544_,28.42µm
mac_acc_in3\[12\],28.32µm
_01097_,28.28µm
mac_acc_in2\[67\],28.28µm
mac_data_in2\[28\],28.06µm
_05550_,28µm
u_MAC24.mac_weight\[7\],28µm
_00321_,27.98µm
_00797_,27.98µm
_05351_,27.965µm
_00311_,27.96µm
clknet_leaf_48_clk,27.96µm
_03157_,27.9µm
net30,27.8µm
_02709_,27.74µm
_02320_,27.7µm
mac_data_in1\[27\],27.7µm
net748,27.7µm
_05107_,27.68µm
net57,27.68µm
mac_data_in2\[30\],27.66µm
u_MAC34.mac_weight\[3\],27.66µm
_00006_,27.64µm
_00114_,27.46µm
_06313_,27.44µm
_03305_,27.42µm
_04668_,27.4µm
_02100_,27.36µm
_00525_,27.3µm
_02132_,27.28µm
_03712_,27.24µm
_05115_,27.16µm
_00446_,27.105µm
_04426_,27.1µm
u_MAC44.mac_weight\[4\],27.06µm
_00884_,26.96µm
_01557_,26.96µm
_00391_,26.925µm
_02956_,26.895µm
_02254_,26.86µm
clknet_leaf_42_clk,26.82µm
_00445_,26.745µm
_05314_,26.66µm
_00098_,26.605µm
_00129_,26.605µm
clknet_leaf_17_clk,26.6µm
_03092_,26.56µm
_04443_,26.5µm
_04466_,26.4µm
_05781_,26.4µm
_03382_,26.38µm
_01377_,26.375µm
_01207_,26.36µm
_01968_,26.28µm
_00553_,26.26µm
_04727_,26.2µm
_02764_,26.16µm
_00007_,26.04µm
_01675_,25.96µm
_04889_,25.9µm
_03695_,25.86µm
mac_acc_in3\[32\],25.84µm
_03562_,25.78µm
_04158_,25.76µm
_00310_,25.685µm
_05083_,25.68µm
_01787_,25.6µm
_00277_,25.58µm
_05837_,25.56µm
_01840_,25.5µm
_02119_,25.5µm
_03737_,25.48µm
_00978_,25.46µm
_01497_,25.46µm
data_arr[31],25.42µm
_00574_,25.38µm
_02266_,25.32µm
_01775_,25.31µm
_00418_,25.265µm
_02944_,25.26µm
_05285_,25.26µm
_00852_,25.24µm
_01779_,25.205µm
_01202_,25.2µm
_02664_,25.18µm
mac_acc_in1\[13\],25.18µm
_02069_,25.14µm
_03071_,25.14µm
mac_acc_out3\[36\],25.12µm
_05981_,25.1µm
_05530_,25.09µm
_02318_,25.08µm
net842,25.08µm
_01882_,25.06µm
_01826_,25.02µm
_01131_,24.98µm
_03351_,24.96µm
_05473_,24.96µm
_04822_,24.92µm
u_MAC24.mac_weight\[4\],24.88µm
_03360_,24.86µm
_00732_,24.78µm
_01419_,24.76µm
_04798_,24.74µm
_02875_,24.72µm
_03480_,24.7µm
_04215_,24.68µm
_04955_,24.66µm
_03836_,24.64µm
net410,24.625µm
_05521_,24.62µm
clknet_leaf_35_clk,24.6µm
_04935_,24.56µm
_03958_,24.52µm
_00278_,24.485µm
_03536_,24.48µm
_05064_,24.48µm
acc_out[114],24.47µm
_02702_,24.46µm
_01685_,24.42µm
_00796_,24.36µm
_03885_,24.3µm
_05378_,24.3µm
mac_acc_out3\[34\],24.24µm
_06181_,24.22µm
_03266_,24.2µm
_03392_,24.18µm
_05182_,24.16µm
_00914_,24.12µm
_03548_,24.06µm
_01866_,24µm
_03013_,23.98µm
_03269_,23.96µm
_02425_,23.84µm
_04168_,23.84µm
_01817_,23.72µm
_01892_,23.72µm
_03250_,23.7µm
_02987_,23.68µm
_01893_,23.65µm
_01548_,23.62µm
_04343_,23.62µm
_04363_,23.62µm
_05109_,23.62µm
mac_acc_in3\[3\],23.59µm
_03135_,23.56µm
_01266_,23.54µm
_01615_,23.52µm
mac_acc_in3\[9\],23.52µm
_04391_,23.4µm
_00265_,23.345µm
_03515_,23.32µm
_01752_,23.3µm
_05810_,23.28µm
_03029_,23.26µm
_02522_,23.22µm
_00554_,23.18µm
_00836_,23.18µm
_02965_,23.18µm
_05572_,23.1µm
_03152_,23.04µm
_02622_,23.02µm
_04570_,23µm
_00745_,22.94µm
_00793_,22.94µm
_01436_,22.94µm
_02301_,22.92µm
_02984_,22.92µm
net833,22.92µm
_01020_,22.88µm
_01947_,22.84µm
mac_acc_in2\[64\],22.84µm
_00864_,22.8µm
_03098_,22.8µm
_04624_,22.8µm
_01384_,22.78µm
_00858_,22.72µm
_01498_,22.72µm
_05052_,22.68µm
_00457_,22.665µm
_01574_,22.66µm
_01910_,22.66µm
_05317_,22.66µm
_05926_,22.58µm
_02093_,22.57µm
_02652_,22.54µm
_04871_,22.54µm
_04088_,22.5µm
_01463_,22.48µm
_01990_,22.42µm
_02029_,22.4µm
_05270_,22.38µm
_04953_,22.36µm
_03178_,22.3µm
_00401_,22.285µm
_02422_,22.24µm
_04747_,22.22µm
_01861_,22.2µm
_04635_,22.2µm
_05560_,22.16µm
_05888_,22.16µm
_01284_,22.14µm
_03987_,22.14µm
_05112_,22.14µm
mac_acc_in3\[0\],22.14µm
_01583_,22.12µm
_02253_,22.105µm
mac_data_in2\[31\],22.08µm
_05934_,22.075µm
net147,22.06µm
_03656_,22.04µm
_03338_,22.02µm
_02999_,22µm
_01963_,21.92µm
_02326_,21.91µm
_04863_,21.875µm
mac_data_in3\[31\],21.87µm
_03570_,21.86µm
_02060_,21.84µm
_02781_,21.84µm
_06026_,21.84µm
wt_arr[17],21.82µm
_04731_,21.8µm
_04735_,21.78µm
_00758_,21.745µm
_03160_,21.72µm
_03600_,21.68µm
_04119_,21.68µm
_02574_,21.66µm
_06133_,21.66µm
net838,21.66µm
_01392_,21.64µm
_05122_,21.62µm
_02464_,21.6µm
_02929_,21.6µm
_04619_,21.6µm
_01278_,21.595µm
_01234_,21.56µm
_03380_,21.56µm
_03977_,21.54µm
_04030_,21.54µm
_00037_,21.535µm
_02872_,21.48µm
_05360_,21.48µm
_01217_,21.46µm
_02874_,21.46µm
_05349_,21.46µm
_00485_,21.44µm
_05924_,21.44µm
_01633_,21.42µm
_01818_,21.42µm
_05731_,21.42µm
_04706_,21.4µm
_01647_,21.38µm
_03117_,21.38µm
_00853_,21.36µm
_01901_,21.34µm
_01862_,21.3µm
_04907_,21.3µm
_02521_,21.28µm
_01071_,21.24µm
_02743_,21.22µm
_01847_,21.18µm
_00530_,21.16µm
_01142_,21.16µm
_04535_,21.16µm
_01796_,21.12µm
data_arr[24],21.1µm
_01952_,21.06µm
_03665_,21.02µm
_03843_,21µm
_04192_,21µm
_02195_,20.96µm
_02516_,20.96µm
_04739_,20.96µm
_02949_,20.94µm
_04259_,20.94µm
_05761_,20.94µm
_04921_,20.92µm
_00705_,20.9µm
_01166_,20.9µm
net22,20.9µm
net23,20.9µm
_00416_,20.845µm
_00823_,20.8µm
_02429_,20.8µm
_05040_,20.76µm
_01178_,20.72µm
_02843_,20.72µm
_03549_,20.72µm
_06319_,20.7µm
_05547_,20.68µm
_05678_,20.67µm
_01173_,20.64µm
_01937_,20.64µm
clknet_leaf_31_clk,20.62µm
_06152_,20.6µm
_01614_,20.58µm
clknet_leaf_11_clk,20.54µm
_01160_,20.53µm
acc_out[66],20.53µm
_01279_,20.52µm
_01199_,20.5µm
_00719_,20.48µm
_00684_,20.46µm
_03116_,20.46µm
_00891_,20.44µm
_02031_,20.44µm
_03320_,20.44µm
_06076_,20.44µm
net25,20.44µm
_03888_,20.38µm
_06243_,20.38µm
u_MAC34.mac_weight\[7\],20.38µm
_03513_,20.355µm
_03336_,20.35µm
_03727_,20.34µm
_03925_,20.34µm
_04909_,20.32µm
_03776_,20.3µm
_01595_,20.295µm
_04716_,20.28µm
_03175_,20.27µm
_00625_,20.26µm
_01423_,20.26µm
_01911_,20.26µm
_02281_,20.26µm
_00958_,20.24µm
_00987_,20.2µm
_01089_,20.2µm
_03812_,20.2µm
_04630_,20.2µm
_00317_,20.18µm
_02322_,20.16µm
_02804_,20.16µm
_05226_,20.16µm
_02864_,20.14µm
_03327_,20.14µm
_03810_,20.14µm
_03761_,20.12µm
_03768_,20.12µm
_04248_,20.12µm
_05156_,20.12µm
_03620_,20.1µm
_04155_,20.1µm
_01072_,20.08µm
_02041_,20.08µm
net143,20.08µm
_04320_,20.07µm
_00717_,20.06µm
_02978_,20.06µm
_05354_,20.06µm
data_arr[25],20.06µm
_01464_,20.02µm
_04434_,20.02µm
_04676_,20.02µm
_06197_,20.01µm
_04580_,19.995µm
mac_acc_in3\[11\],19.96µm
_04230_,19.94µm
_05962_,19.94µm
_02199_,19.915µm
_03719_,19.9µm
_05019_,19.9µm
_05526_,19.88µm
_04693_,19.86µm
acc_out[99],19.86µm
_05320_,19.84µm
acc_out[6],19.84µm
acc_out[8],19.84µm
_03343_,19.82µm
_04201_,19.82µm
_04204_,19.82µm
_02157_,19.8µm
_04184_,19.8µm
_05046_,19.8µm
_00415_,19.785µm
_04847_,19.78µm
_04966_,19.76µm
_01864_,19.72µm
_04033_,19.72µm
_04340_,19.7µm
_04359_,19.7µm
_03440_,19.66µm
_03518_,19.66µm
_00038_,19.64µm
_00287_,19.64µm
_03031_,19.64µm
_02937_,19.6µm
mac_acc_in3\[2\],19.58µm
_02095_,19.54µm
_03465_,19.52µm
mac_acc_out3\[107\],19.52µm
_01860_,19.5µm
_04621_,19.46µm
_03234_,19.45µm
_04152_,19.44µm
_05680_,19.44µm
_00588_,19.42µm
_05540_,19.4µm
_01472_,19.38µm
_01342_,19.36µm
_02912_,19.36µm
_01010_,19.34µm
_01186_,19.34µm
_04372_,19.34µm
mac_wt_in3\[3\],19.34µm
_00581_,19.32µm
_04100_,19.32µm
_05675_,19.28µm
_01961_,19.26µm
_03279_,19.25µm
_02524_,19.24µm
_02948_,19.24µm
_05408_,19.24µm
_05044_,19.22µm
_03827_,19.2µm
wt_arr[1],19.19µm
_01380_,19.18µm
_02012_,19.18µm
_03867_,19.16µm
_04686_,19.16µm
_05589_,19.16µm
_06230_,19.16µm
_00918_,19.14µm
_05932_,19.14µm
_01422_,19.12µm
_06233_,19.12µm
_06111_,19.1µm
_02557_,19.08µm
_01029_,19.06µm
_01310_,19.06µm
_04221_,19.03µm
_04592_,19.02µm
_01700_,19µm
_03823_,19µm
_04255_,19µm
_05192_,19µm
_01150_,18.98µm
_05762_,18.96µm
data_arr[27],18.96µm
net841,18.96µm
_06206_,18.94µm
net55,18.94µm
_01989_,18.92µm
_05667_,18.92µm
_00656_,18.9µm
_01756_,18.9µm
_01803_,18.9µm
_05298_,18.9µm
_03921_,18.88µm
_05472_,18.88µm
_00441_,18.86µm
_01361_,18.82µm
_05135_,18.82µm
_02479_,18.8µm
_02641_,18.8µm
mac_acc_in3\[80\],18.78µm
_01249_,18.77µm
_02362_,18.765µm
_00082_,18.745µm
_05166_,18.72µm
_05593_,18.72µm
net820,18.705µm
_02032_,18.7µm
_00479_,18.685µm
_05437_,18.68µm
_01535_,18.66µm
_05321_,18.66µm
_02849_,18.62µm
_01886_,18.6µm
_04763_,18.6µm
_04801_,18.58µm
_01732_,18.56µm
_02852_,18.56µm
_04473_,18.56µm
_05075_,18.56µm
_05097_,18.56µm
_03906_,18.55µm
_04202_,18.54µm
_04557_,18.54µm
_05815_,18.54µm
_04237_,18.52µm
_05380_,18.52µm
_02519_,18.5µm
_02027_,18.48µm
_02541_,18.48µm
_02731_,18.48µm
_06315_,18.48µm
_05084_,18.46µm
wt_arr[10],18.45µm
_02859_,18.42µm
_04012_,18.42µm
_05824_,18.42µm
_00953_,18.41µm
net823,18.4µm
_04494_,18.34µm
_03533_,18.32µm
_05189_,18.32µm
_05304_,18.32µm
_00637_,18.3µm
_00661_,18.28µm
_01352_,18.28µm
_03168_,18.26µm
_03756_,18.26µm
_03285_,18.24µm
_05041_,18.22µm
_03778_,18.2µm
_04595_,18.2µm
_05450_,18.2µm
_00933_,18.18µm
_04053_,18.18µm
_04562_,18.16µm
_04741_,18.16µm
_05002_,18.16µm
_03599_,18.14µm
_05984_,18.14µm
_01481_,18.12µm
_05045_,18.12µm
_04265_,18.1µm
_05590_,18.1µm
acc_out[98],18.1µm
_02352_,18.08µm
_03275_,18.08µm
_03694_,18.08µm
_00929_,18.06µm
_01597_,18.04µm
_05078_,18.04µm
_04303_,18.02µm
_04991_,18.02µm
_02424_,18µm
_03630_,18µm
_01885_,17.98µm
_02455_,17.98µm
_01962_,17.96µm
_02361_,17.96µm
_03118_,17.96µm
_03926_,17.94µm
_02751_,17.91µm
_01627_,17.9µm
_01560_,17.88µm
_01076_,17.87µm
_04141_,17.86µm
_04213_,17.86µm
_04354_,17.86µm
_02911_,17.84µm
_03052_,17.84µm
_06331_,17.84µm
_04083_,17.82µm
_05976_,17.82µm
clknet_leaf_26_clk,17.82µm
_01438_,17.8µm
_01491_,17.8µm
_04442_,17.8µm
_05148_,17.8µm
_01424_,17.78µm
_01902_,17.78µm
_02067_,17.78µm
_02149_,17.78µm
_05972_,17.78µm
_06207_,17.78µm
clknet_leaf_41_clk,17.78µm
_05664_,17.77µm
_04337_,17.76µm
_00861_,17.74µm
_01695_,17.74µm
_02970_,17.74µm
_05927_,17.71µm
_00903_,17.7µm
_03661_,17.64µm
_05808_,17.64µm
mac_acc_in3\[13\],17.62µm
_05167_,17.6µm
mac_data_in3\[10\],17.6µm
_02003_,17.58µm
_01994_,17.57µm
_06039_,17.56µm
_06045_,17.56µm
_00714_,17.54µm
_02768_,17.54µm
_02010_,17.48µm
_02167_,17.48µm
_00990_,17.46µm
_00904_,17.44µm
_04447_,17.44µm
net13,17.42µm
_05861_,17.41µm
_02131_,17.4µm
_05423_,17.4µm
_06269_,17.4µm
_00950_,17.37µm
_02553_,17.32µm
_04330_,17.3µm
_05906_,17.3µm
_04922_,17.28µm
_04975_,17.28µm
_06054_,17.28µm
_03339_,17.245µm
_01281_,17.21µm
_02242_,17.2µm
_02833_,17.18µm
_05163_,17.18µm
_06311_,17.18µm
acc_out[5],17.18µm
_01992_,17.16µm
_04779_,17.16µm
_04253_,17.14µm
_04750_,17.14µm
_06356_,17.14µm
_06142_,17.12µm
acc_out[7],17.12µm
_01741_,17.1µm
_03957_,17.1µm
_02481_,17.08µm
_03988_,17.06µm
_05077_,17.06µm
_05940_,17.06µm
_01680_,17.04µm
_02690_,17.04µm
_05479_,17.04µm
_01715_,17µm
acc_out[112],16.99µm
_06163_,16.98µm
_04430_,16.95µm
_05779_,16.95µm
mac_acc_in1\[3\],16.94µm
_01236_,16.92µm
net741,16.92µm
_03103_,16.9µm
_06218_,16.88µm
mac_acc_in2\[68\],16.87µm
_00587_,16.86µm
_00594_,16.86µm
_01058_,16.86µm
_01569_,16.86µm
_03400_,16.86µm
_06050_,16.86µm
_01772_,16.85µm
wt_arr[5],16.83µm
_01527_,16.82µm
_02284_,16.82µm
_02386_,16.82µm
_02494_,16.82µm
_05283_,16.82µm
net814,16.805µm
wt_arr[12],16.79µm
_00694_,16.78µm
_05915_,16.78µm
mac_acc_in3\[34\],16.78µm
_00881_,16.77µm
_01612_,16.76µm
mac_acc_out3\[103\],16.76µm
_00696_,16.74µm
_02593_,16.74µm
_04448_,16.73µm
_05353_,16.72µm
_02749_,16.7µm
_05036_,16.7µm
_04512_,16.68µm
_05228_,16.68µm
_01905_,16.67µm
_00336_,16.66µm
_03111_,16.66µm
_01950_,16.62µm
_05943_,16.62µm
_01094_,16.6µm
_01118_,16.6µm
_02218_,16.6µm
_02409_,16.6µm
_04367_,16.6µm
_01294_,16.59µm
_03952_,16.585µm
_00635_,16.54µm
_01635_,16.54µm
_05013_,16.54µm
_05103_,16.54µm
_01276_,16.53µm
acc_out[32],16.53µm
_04112_,16.525µm
_05733_,16.52µm
_00630_,16.5µm
_00759_,16.5µm
_02499_,16.5µm
_02619_,16.48µm
_03739_,16.48µm
_04861_,16.48µm
_05247_,16.48µm
_04697_,16.47µm
_01638_,16.44µm
_04397_,16.44µm
_02415_,16.42µm
_02871_,16.41µm
_01070_,16.4µm
_02015_,16.4µm
_00440_,16.385µm
_05965_,16.385µm
_05524_,16.38µm
_04666_,16.32µm
_00781_,16.3µm
_01123_,16.3µm
_01368_,16.3µm
_04166_,16.3µm
_06244_,16.285µm
_01551_,16.28µm
_01618_,16.28µm
_03264_,16.28µm
_03426_,16.28µm
_01172_,16.26µm
mac_acc_in3\[35\],16.26µm
_05015_,16.24µm
_06129_,16.24µm
clknet_leaf_45_clk,16.24µm
_02914_,16.23µm
_01617_,16.22µm
_05363_,16.22µm
_05744_,16.22µm
mac_data_in3\[12\],16.22µm
_04776_,16.2µm
_05714_,16.2µm
_06035_,16.2µm
_00982_,16.185µm
_04876_,16.18µm
data_arr[11],16.17µm
_03084_,16.16µm
_04950_,16.16µm
_05382_,16.16µm
_06117_,16.16µm
_02659_,16.15µm
_02616_,16.14µm
_04082_,16.14µm
_01211_,16.1µm
_01969_,16.1µm
_04736_,16.1µm
_05866_,16.1µm
_00743_,16.08µm
_01739_,16.08µm
_04048_,16.07µm
_01240_,16.06µm
_04982_,16.06µm
_05535_,16.06µm
_02434_,16.04µm
_02645_,16.04µm
_05498_,16.04µm
data_arr[23],16.04µm
_04130_,16.02µm
_01406_,16µm
_02674_,16µm
_04647_,16µm
_00777_,15.985µm
_04336_,15.98µm
_04667_,15.98µm
_05352_,15.98µm
_03124_,15.97µm
_03917_,15.97µm
_03045_,15.96µm
_03573_,15.945µm
_02718_,15.94µm
_02861_,15.94µm
_00130_,15.92µm
_02579_,15.92µm
_04543_,15.92µm
_05091_,15.92µm
_04289_,15.915µm
_05233_,15.9µm
_00805_,15.895µm
_01903_,15.88µm
_05240_,15.88µm
_01185_,15.86µm
_03413_,15.86µm
_03521_,15.86µm
_04669_,15.86µm
_05868_,15.86µm
_02109_,15.855µm
_03711_,15.84µm
_03743_,15.84µm
_04662_,15.84µm
_05462_,15.84µm
_02747_,15.83µm
_02841_,15.82µm
_05922_,15.82µm
_01329_,15.8µm
_01473_,15.8µm
_03405_,15.8µm
_06166_,15.8µm
_02249_,15.78µm
_05724_,15.78µm
_04561_,15.76µm
_06023_,15.74µm
_01643_,15.72µm
_00879_,15.7µm
_02558_,15.7µm
_04085_,15.7µm
_05681_,15.7µm
mac_wt_in3\[4\],15.7µm
_06123_,15.695µm
_01828_,15.68µm
_05243_,15.68µm
_03062_,15.66µm
_05289_,15.66µm
_00393_,15.645µm
_02765_,15.64µm
_03458_,15.63µm
_02789_,15.62µm
_02990_,15.62µm
_04487_,15.62µm
_06184_,15.62µm
_00400_,15.605µm
_03618_,15.6µm
_05154_,15.6µm
_05642_,15.6µm
_05718_,15.6µm
_01642_,15.58µm
_01655_,15.58µm
_03244_,15.57µm
_01466_,15.56µm
_01593_,15.56µm
_03417_,15.56µm
net730,15.56µm
_00851_,15.555µm
_01948_,15.54µm
_03034_,15.54µm
_02500_,15.52µm
_05686_,15.52µm
_05979_,15.52µm
_06385_,15.52µm
_00794_,15.48µm
_00952_,15.48µm
_03670_,15.48µm
_01104_,15.47µm
_02025_,15.46µm
_04547_,15.46µm
_04180_,15.44µm
_04685_,15.44µm
_01851_,15.42µm
_05446_,15.42µm
mac_acc_in1\[2\],15.42µm
_01299_,15.4µm
_01663_,15.4µm
_02604_,15.4µm
_04023_,15.4µm
_04927_,15.4µm
_01251_,15.38µm
_04614_,15.38µm
_02666_,15.36µm
_02618_,15.34µm
_05688_,15.34µm
_01320_,15.32µm
_00612_,15.3µm
_01730_,15.3µm
_03390_,15.3µm
_04399_,15.3µm
_06153_,15.3µm
_00925_,15.28µm
_02105_,15.28µm
_02458_,15.28µm
_02695_,15.28µm
_06119_,15.28µm
_00515_,15.26µm
_00757_,15.26µm
_01985_,15.26µm
_00718_,15.24µm
_01599_,15.24µm
_02624_,15.24µm
_06277_,15.24µm
u_MAC34.mac_weight\[6\],15.24µm
wt_arr[24],15.24µm
_03466_,15.22µm
_05648_,15.22µm
_00995_,15.2µm
_04232_,15.2µm
_01259_,15.18µm
_01768_,15.18µm
_01041_,15.16µm
_05774_,15.16µm
_04127_,15.14µm
_02939_,15.12µm
_02823_,15.1µm
_03229_,15.1µm
_04407_,15.1µm
_05634_,15.1µm
_05842_,15.1µm
mac_data_in3\[6\],15.1µm
_01735_,15.08µm
_01780_,15.08µm
_02596_,15.08µm
_03429_,15.08µm
_03928_,15.08µm
_04044_,15.08µm
_04674_,15.08µm
_00946_,15.06µm
_01373_,15.06µm
_01707_,15.06µm
_02400_,15.06µm
_05403_,15.06µm
_02487_,15.04µm
_00834_,15.02µm
_02387_,15.02µm
_05627_,15.02µm
_02819_,15.01µm
_00469_,15.005µm
_00392_,15µm
_02236_,15µm
_03083_,15µm
_05743_,15µm
_00524_,14.99µm
_01357_,14.98µm
_01448_,14.98µm
_01247_,14.96µm
_01670_,14.96µm
_02163_,14.96µm
_06112_,14.96µm
_02342_,14.95µm
_02205_,14.94µm
_04817_,14.94µm
_05191_,14.94µm
_06263_,14.94µm
_03611_,14.93µm
_00622_,14.9µm
_01999_,14.9µm
_03299_,14.9µm
_03705_,14.9µm
_06333_,14.9µm
_00315_,14.885µm
_02498_,14.88µm
_05778_,14.88µm
_03332_,14.86µm
_04782_,14.86µm
_06342_,14.86µm
_05200_,14.84µm
data_arr[2],14.83µm
_05170_,14.825µm
_05042_,14.82µm
_02176_,14.78µm
_04457_,14.78µm
_00261_,14.765µm
_00596_,14.76µm
_01200_,14.76µm
_01710_,14.76µm
_04665_,14.76µm
_03747_,14.74µm
_04699_,14.74µm
_04743_,14.74µm
_02548_,14.72µm
_02779_,14.72µm
_02811_,14.72µm
_04297_,14.72µm
_04797_,14.72µm
_05263_,14.72µm
_05490_,14.72µm
_05758_,14.72µm
mac_data_in1\[23\],14.72µm
_02757_,14.7µm
_03240_,14.7µm
_03468_,14.7µm
_04504_,14.7µm
_06338_,14.7µm
wt_arr[26],14.7µm
net15,14.7µm
_01115_,14.66µm
mac_data_in1\[14\],14.66µm
_00645_,14.64µm
_01014_,14.64µm
_01289_,14.64µm
_01566_,14.64µm
_01515_,14.62µm
_02640_,14.62µm
_04233_,14.62µm
_06227_,14.62µm
_06183_,14.61µm
_01221_,14.6µm
_02147_,14.6µm
_03509_,14.6µm
_03567_,14.6µm
_04097_,14.6µm
_04374_,14.6µm
_04577_,14.595µm
_03319_,14.59µm
_01914_,14.58µm
_03481_,14.58µm
_03569_,14.58µm
_00785_,14.56µm
_06059_,14.56µm
_04960_,14.54µm
_00489_,14.525µm
_02046_,14.52µm
_03738_,14.52µm
_04108_,14.52µm
_04664_,14.52µm
_01478_,14.5µm
_04361_,14.5µm
_05476_,14.5µm
_00632_,14.48µm
_02565_,14.48µm
_04254_,14.48µm
_02049_,14.46µm
_02559_,14.46µm
_02173_,14.45µm
_00099_,14.445µm
_02723_,14.44µm
_04417_,14.44µm
_03816_,14.42µm
_05657_,14.42µm
_01238_,14.4µm
_03915_,14.4µm
_05054_,14.4µm
_02931_,14.39µm
_04460_,14.38µm
_04692_,14.38µm
_06379_,14.38µm
_05764_,14.375µm
_01877_,14.36µm
_01896_,14.36µm
_03104_,14.36µm
_03557_,14.36µm
_05670_,14.35µm
net146,14.35µm
_03283_,14.34µm
_05626_,14.34µm
_00692_,14.32µm
_02384_,14.32µm
_02932_,14.32µm
_04551_,14.32µm
_02102_,14.3µm
_02436_,14.3µm
_02636_,14.3µm
_03167_,14.3µm
_05753_,14.3µm
mac_data_in3\[22\],14.3µm
_03196_,14.29µm
_04195_,14.28µm
_04864_,14.28µm
_05935_,14.28µm
_01589_,14.27µm
_02501_,14.265µm
_01302_,14.26µm
_03043_,14.26µm
_05047_,14.26µm
_01873_,14.24µm
_02104_,14.24µm
_02694_,14.24µm
_05425_,14.24µm
acc_out[100],14.24µm
_01026_,14.22µm
_01573_,14.22µm
_03886_,14.22µm
_03920_,14.22µm
_04103_,14.22µm
_05499_,14.22µm
_05588_,14.22µm
_02077_,14.2µm
_02395_,14.2µm
_04121_,14.2µm
_04312_,14.2µm
_04895_,14.18µm
_04996_,14.18µm
clknet_leaf_59_clk,14.18µm
_05694_,14.16µm
_05358_,14.14µm
_01354_,14.12µm
_02609_,14.12µm
_02656_,14.11µm
_02355_,14.1µm
_06361_,14.1µm
_00787_,14.08µm
_04880_,14.08µm
_03289_,14.065µm
_01852_,14.04µm
_06201_,14.04µm
_01192_,14.02µm
_03262_,14.02µm
_05147_,14.02µm
_01692_,14µm
_02792_,14µm
_04728_,14µm
_05381_,14µm
_00426_,13.985µm
_03658_,13.98µm
_03910_,13.98µm
_04329_,13.98µm
_05005_,13.98µm
_04299_,13.96µm
_00856_,13.94µm
_01763_,13.94µm
_03524_,13.94µm
_01149_,13.92µm
_01269_,13.92µm
_04774_,13.92µm
_01441_,13.9µm
_05973_,13.9µm
_03636_,13.88µm
_04305_,13.88µm
_04680_,13.88µm
_05611_,13.88µm
_06200_,13.88µm
_01928_,13.86µm
_02762_,13.86µm
_03855_,13.86µm
_06194_,13.86µm
_01161_,13.85µm
_00543_,13.84µm
_01099_,13.84µm
_01446_,13.84µm
_02469_,13.84µm
_02783_,13.84µm
_02813_,13.84µm
_05087_,13.84µm
_05604_,13.84µm
_06027_,13.84µm
_01215_,13.82µm
_01740_,13.82µm
_02806_,13.82µm
_03354_,13.82µm
net153,13.82µm
_01224_,13.8µm
_02485_,13.8µm
_02855_,13.8µm
_02913_,13.8µm
_04314_,13.8µm
_04321_,13.8µm
_05346_,13.8µm
_05495_,13.78µm
_02264_,13.765µm
_02467_,13.76µm
_03740_,13.76µm
_04917_,13.76µm
_05443_,13.76µm
_06089_,13.76µm
_04529_,13.74µm
_02828_,13.72µm
_03047_,13.72µm
_03153_,13.72µm
_03764_,13.7µm
_04732_,13.7µm
_05401_,13.7µm
acc_out[111],13.69µm
acc_out[33],13.69µm
_01806_,13.685µm
_03555_,13.68µm
mac_acc_in1\[32\],13.68µm
mac_data_in1\[25\],13.68µm
_03880_,13.67µm
_03498_,13.66µm
_01755_,13.65µm
_00960_,13.64µm
_01162_,13.64µm
_01206_,13.64µm
_01399_,13.64µm
_04286_,13.64µm
_06012_,13.64µm
_01876_,13.62µm
_04281_,13.62µm
_05649_,13.62µm
_01105_,13.6µm
_01571_,13.6µm
_02024_,13.6µm
_02894_,13.6µm
_02980_,13.6µm
_03514_,13.6µm
_05048_,13.6µm
_03009_,13.58µm
_03208_,13.58µm
_03216_,13.58µm
_05232_,13.58µm
_01587_,13.56µm
_02075_,13.56µm
_03639_,13.56µm
_04578_,13.56µm
_05177_,13.56µm
_00270_,13.545µm
_01346_,13.54µm
_05305_,13.54µm
acc_out[101],13.54µm
_04037_,13.52µm
_05746_,13.515µm
_00788_,13.5µm
_01939_,13.5µm
_03996_,13.5µm
_04223_,13.5µm
_01151_,13.48µm
_02683_,13.48µm
_03091_,13.48µm
_03255_,13.48µm
_04682_,13.48µm
_05028_,13.48µm
_05974_,13.48µm
acc_out[34],13.47µm
_05705_,13.465µm
_02180_,13.46µm
_02614_,13.46µm
_02625_,13.46µm
_03688_,13.46µm
_01075_,13.44µm
_01147_,13.44µm
_02011_,13.44µm
_03766_,13.44µm
_04309_,13.44µm
_03474_,13.42µm
_03578_,13.42µm
_04971_,13.42µm
_05618_,13.42µm
_02649_,13.405µm
_00747_,13.4µm
_01504_,13.4µm
_01681_,13.4µm
_01936_,13.4µm
_03328_,13.4µm
_03758_,13.4µm
_04322_,13.4µm
mac_acc_out3\[42\],13.4µm
_01452_,13.38µm
_01509_,13.38µm
_01712_,13.38µm
_01889_,13.38µm
_03245_,13.38µm
_05162_,13.38µm
_04564_,13.37µm
net144,13.36µm
_01738_,13.34µm
_02478_,13.34µm
_02510_,13.34µm
_02854_,13.34µm
_04004_,13.34µm
_05679_,13.34µm
_06363_,13.305µm
_01628_,13.3µm
_01984_,13.3µm
_05942_,13.3µm
_01488_,13.29µm
_01555_,13.28µm
_06018_,13.28µm
_02354_,13.26µm
_04056_,13.26µm
_04859_,13.26µm
_04980_,13.26µm
_05293_,13.26µm
_06062_,13.26µm
_06264_,13.26µm
_04240_,13.25µm
_03605_,13.225µm
_00770_,13.22µm
_02324_,13.22µm
_03370_,13.22µm
_04287_,13.22µm
_01237_,13.2µm
_06317_,13.2µm
_00938_,13.18µm
_02280_,13.18µm
_05397_,13.18µm
_05456_,13.18µm
_05975_,13.18µm
_05987_,13.17µm
_03055_,13.16µm
_03070_,13.16µm
_03254_,13.16µm
_05236_,13.16µm
wt_arr[4],13.15µm
_02306_,13.14µm
_04272_,13.14µm
_04475_,13.14µm
_05829_,13.14µm
_00966_,13.135µm
_02981_,13.12µm
_05575_,13.12µm
_05601_,13.12µm
_05857_,13.12µm
_01367_,13.11µm
_00631_,13.1µm
_05522_,13.1µm
_03847_,13.08µm
_04998_,13.08µm
_05700_,13.08µm
_05877_,13.08µm
_03994_,13.06µm
_04926_,13.06µm
_01652_,13.04µm
_01790_,13.04µm
_02655_,13.04µm
_02951_,13.04µm
_03951_,13.04µm
_00659_,13.02µm
_01155_,13.02µm
_06364_,13.02µm
mac_acc_in1\[76\],13.02µm
_00254_,13.005µm
_05804_,13.005µm
_02679_,13µm
_03004_,13µm
_04637_,13µm
_01836_,12.98µm
_04410_,12.98µm
_05728_,12.98µm
_03985_,12.97µm
_00593_,12.96µm
_00942_,12.96µm
_03940_,12.96µm
_04176_,12.96µm
_06073_,12.96µm
_02495_,12.94µm
_03626_,12.94µm
_04087_,12.94µm
_05303_,12.935µm
_02339_,12.92µm
_01092_,12.9µm
_01153_,12.9µm
_02682_,12.9µm
_03079_,12.9µm
_05069_,12.9µm
_05114_,12.9µm
_06208_,12.9µm
_01530_,12.88µm
_03114_,12.88µm
_03541_,12.88µm
_04307_,12.88µm
_05780_,12.865µm
_05511_,12.86µm
_06115_,12.86µm
_01085_,12.84µm
_01943_,12.84µm
_02298_,12.84µm
_02575_,12.84µm
_04285_,12.84µm
_03109_,12.835µm
_04650_,12.82µm
_04820_,12.82µm
_05237_,12.815µm
_04597_,12.81µm
_04969_,12.81µm
_00627_,12.8µm
_01567_,12.8µm
_01708_,12.8µm
_01711_,12.8µm
_02171_,12.8µm
_02398_,12.8µm
_02542_,12.8µm
_03631_,12.8µm
_04646_,12.8µm
_05900_,12.8µm
_01325_,12.78µm
_03141_,12.78µm
_05897_,12.78µm
_05272_,12.77µm
_00443_,12.765µm
_01268_,12.76µm
_04096_,12.76µm
_06172_,12.76µm
_00871_,12.74µm
_05253_,12.74µm
mac_acc_out3\[106\],12.74µm
_01116_,12.72µm
_05773_,12.72µm
_00854_,12.7µm
_01480_,12.7µm
_03647_,12.7µm
_04518_,12.7µm
_05140_,12.7µm
_06049_,12.7µm
_03933_,12.68µm
_04241_,12.68µm
_04250_,12.68µm
_05874_,12.68µm
_05296_,12.67µm
_02959_,12.66µm
_00680_,12.64µm
_03050_,12.64µm
_03281_,12.64µm
_03561_,12.64µm
_03628_,12.64µm
_03901_,12.64µm
_04064_,12.64µm
_04613_,12.64µm
_00624_,12.62µm
_01810_,12.62µm
_03497_,12.62µm
_03572_,12.62µm
_05843_,12.62µm
_05871_,12.62µm
mac_acc_in1\[1\],12.62µm
_02860_,12.6µm
_05230_,12.6µm
_05690_,12.6µm
acc_out[12],12.6µm
acc_out[15],12.6µm
_01262_,12.58µm
_02314_,12.58µm
_04034_,12.58µm
_04081_,12.58µm
_04836_,12.58µm
_04853_,12.58µm
_06179_,12.58µm
_06345_,12.58µm
mac_acc_in1\[0\],12.58µm
mac_wt_in3\[7\],12.58µm
_01358_,12.56µm
_03133_,12.56µm
_03759_,12.56µm
_04261_,12.56µm
_04298_,12.56µm
_04883_,12.56µm
_05003_,12.56µm
_04641_,12.54µm
_05261_,12.54µm
_01870_,12.525µm
_02750_,12.52µm
_02778_,12.52µm
_02550_,12.51µm
wt_arr[7],12.51µm
_01646_,12.5µm
_02717_,12.5µm
_03595_,12.5µm
_05998_,12.5µm
_00374_,12.48µm
_00606_,12.48µm
_01191_,12.48µm
_01671_,12.48µm
_02926_,12.48µm
_04124_,12.48µm
mac_acc_in1\[14\],12.48µm
_01770_,12.46µm
_03156_,12.46µm
_04807_,12.46µm
_05194_,12.46µm
_06053_,12.46µm
_02735_,12.445µm
_00616_,12.44µm
_01145_,12.44µm
_03277_,12.44µm
_04999_,12.44µm
_06149_,12.44µm
_02219_,12.42µm
_02468_,12.42µm
_03552_,12.42µm
_06355_,12.42µm
net16,12.42µm
_00954_,12.395µm
_04687_,12.39µm
_01315_,12.385µm
_00849_,12.38µm
_02229_,12.38µm
_05128_,12.38µm
_05051_,12.37µm
_03033_,12.36µm
_04819_,12.36µm
data_arr[28],12.36µm
data_arr[29],12.36µm
data_arr[30],12.36µm
_00885_,12.34µm
_01461_,12.34µm
_02562_,12.34µm
_02977_,12.34µm
_04900_,12.34µm
_05008_,12.34µm
_05316_,12.34µm
_03010_,12.32µm
_05750_,12.32µm
_04149_,12.31µm
_00863_,12.3µm
_05180_,12.3µm
_05658_,12.3µm
_04414_,12.28µm
_05763_,12.28µm
_03451_,12.26µm
_03723_,12.26µm
_03972_,12.26µm
_05831_,12.26µm
_06290_,12.26µm
_04210_,12.25µm
_00537_,12.24µm
_02885_,12.24µm
_05393_,12.24µm
_06096_,12.24µm
_01037_,12.22µm
_01432_,12.22µm
_01604_,12.22µm
_01728_,12.22µm
_03441_,12.22µm
_04729_,12.22µm
_05171_,12.22µm
_05469_,12.22µm
_05497_,12.22µm
_05992_,12.22µm
_00444_,12.205µm
_01195_,12.2µm
_01347_,12.2µm
_01750_,12.2µm
_01788_,12.2µm
_01846_,12.2µm
_02383_,12.2µm
_02686_,12.2µm
_05007_,12.2µm
_05985_,12.2µm
_00819_,12.18µm
_02408_,12.18µm
_05693_,12.18µm
data_arr[1],12.17µm
_02251_,12.165µm
_00764_,12.16µm
_01290_,12.16µm
_01995_,12.16µm
_02323_,12.16µm
_02382_,12.16µm
_02393_,12.16µm
_03938_,12.16µm
_04710_,12.16µm
_04829_,12.16µm
_05308_,12.16µm
_05518_,12.16µm
_06347_,12.16µm
_03535_,12.15µm
_01669_,12.14µm
_03089_,12.14µm
_03223_,12.14µm
_03746_,12.14µm
_06261_,12.14µm
_00396_,12.125µm
_01114_,12.12µm
_01317_,12.12µm
_01503_,12.12µm
_02504_,12.12µm
_03204_,12.12µm
_03424_,12.12µm
_04190_,12.12µm
_04893_,12.12µm
_04936_,12.12µm
_04951_,12.12µm
_04575_,12.115µm
_01922_,12.1µm
_03128_,12.1µm
_03506_,12.1µm
_04402_,12.1µm
_04937_,12.1µm
wt_arr[2],12.09µm
_00845_,12.08µm
_01028_,12.08µm
_03449_,12.08µm
_04405_,12.08µm
_05629_,12.065µm
_00721_,12.06µm
_00791_,12.06µm
_04724_,12.06µm
_04923_,12.06µm
net148,12.06µm
_01490_,12.04µm
_05740_,12.04µm
_05783_,12.04µm
_02215_,12.03µm
wt_arr[20],12.03µm
_00497_,12.02µm
_01676_,12.02µm
_02508_,12.02µm
_04616_,12.02µm
_04911_,12.02µm
_06262_,12.02µm
_06289_,12.02µm
_01274_,12µm
_03214_,12µm
_03295_,12µm
_03942_,12µm
_04468_,12µm
clknet_leaf_24_clk,12µm
_02657_,11.98µm
_03815_,11.98µm
_05301_,11.98µm
_05800_,11.98µm
_02714_,11.96µm
_03672_,11.96µm
_03979_,11.96µm
_04385_,11.96µm
_04522_,11.96µm
_06128_,11.96µm
_06075_,11.945µm
_00478_,11.94µm
_01981_,11.94µm
wt_arr[28],11.94µm
_01051_,11.92µm
_03531_,11.92µm
_04059_,11.92µm
wt_arr[14],11.91µm
_03467_,11.9µm
_03982_,11.9µm
_02452_,11.88µm
_02672_,11.88µm
_03000_,11.88µm
_04792_,11.88µm
_05246_,11.88µm
_05290_,11.88µm
_01184_,11.86µm
_02068_,11.86µm
_02809_,11.86µm
data_arr[10],11.86µm
_02513_,11.84µm
_02908_,11.84µm
_04018_,11.84µm
_04283_,11.84µm
_04243_,11.81µm
_04497_,11.81µm
_00955_,11.8µm
_02315_,11.8µm
_03566_,11.8µm
_04590_,11.8µm
_04767_,11.8µm
_05275_,11.8µm
_06216_,11.8µm
_01500_,11.78µm
_01529_,11.78µm
_01540_,11.78µm
_01880_,11.78µm
_01899_,11.78µm
_02671_,11.78µm
_03365_,11.78µm
_04452_,11.78µm
_05434_,11.78µm
_05519_,11.78µm
_00242_,11.765µm
_01157_,11.76µm
_04866_,11.76µm
_00184_,11.745µm
_02057_,11.74µm
_04781_,11.74µm
_05569_,11.74µm
mac_acc_out3\[111\],11.74µm
_00936_,11.735µm
_03760_,11.72µm
_04186_,11.72µm
_04672_,11.72µm
_00299_,11.705µm
_00980_,11.7µm
_01930_,11.7µm
_02805_,11.7µm
_04663_,11.7µm
_05574_,11.7µm
mac_data_in3\[18\],11.7µm
_01959_,11.68µm
_02544_,11.68µm
_03161_,11.68µm
_03623_,11.68µm
_05771_,11.68µm
acc_out[0],11.68µm
acc_out[10],11.68µm
acc_out[11],11.68µm
acc_out[13],11.68µm
acc_out[14],11.68µm
acc_out[16],11.68µm
acc_out[17],11.68µm
acc_out[18],11.68µm
acc_out[1],11.68µm
acc_out[2],11.68µm
acc_out[43],11.68µm
acc_out[45],11.68µm
acc_out[46],11.68µm
acc_out[47],11.68µm
acc_out[50],11.68µm
_00577_,11.66µm
_01102_,11.66µm
_01524_,11.66µm
_01823_,11.66µm
_01898_,11.66µm
_03984_,11.66µm
_04607_,11.66µm
_04639_,11.66µm
_04658_,11.66µm
_05004_,11.66µm
_05850_,11.66µm
_05430_,11.65µm
_01093_,11.64µm
_01576_,11.64µm
_01748_,11.64µm
_03202_,11.64µm
_03992_,11.64µm
_04973_,11.64µm
_02447_,11.63µm
_06173_,11.63µm
_00542_,11.62µm
_00847_,11.62µm
_02935_,11.62µm
_03278_,11.62µm
_03634_,11.62µm
_03755_,11.62µm
_05794_,11.6µm
mac_acc_in1\[75\],11.6µm
_00670_,11.595µm
_00830_,11.595µm
_01953_,11.58µm
_02072_,11.58µm
_02858_,11.58µm
_03015_,11.58µm
_03316_,11.58µm
_05561_,11.58µm
_00628_,11.56µm
_00789_,11.56µm
_01705_,11.56µm
_01975_,11.56µm
_02922_,11.56µm
_03735_,11.56µm
_03965_,11.56µm
_05689_,11.56µm
mac_acc_in1\[96\],11.56µm
_00866_,11.54µm
_01842_,11.54µm
_01970_,11.54µm
_02191_,11.54µm
_03708_,11.54µm
_03728_,11.54µm
_04948_,11.54µm
_06271_,11.54µm
_06320_,11.54µm
_01511_,11.52µm
_03130_,11.52µm
_04643_,11.52µm
_05533_,11.52µm
_06300_,11.52µm
_00945_,11.5µm
_01081_,11.5µm
_03210_,11.5µm
_04335_,11.5µm
_04384_,11.5µm
_00875_,11.48µm
_01878_,11.48µm
_04481_,11.48µm
_02790_,11.47µm
_01018_,11.46µm
_01858_,11.46µm
_01895_,11.46µm
_02883_,11.46µm
_03247_,11.46µm
_04010_,11.46µm
_04041_,11.46µm
_04154_,11.46µm
_04629_,11.46µm
_04700_,11.46µm
_04868_,11.46µm
_04990_,11.46µm
_05442_,11.46µm
_00665_,11.44µm
_02560_,11.44µm
_02680_,11.44µm
_04196_,11.44µm
net743,11.44µm
net746,11.44µm
net706,11.44µm
net711,11.44µm
net712,11.44µm
net735,11.44µm
data_arr[26],11.44µm
net696,11.44µm
data_arr[7],11.43µm
_02895_,11.425µm
_01976_,11.42µm
_02423_,11.42µm
_02675_,11.42µm
_02867_,11.42µm
_03668_,11.42µm
_05201_,11.42µm
_05735_,11.42µm
_05844_,11.42µm
_01126_,11.41µm
_01771_,11.4µm
_02601_,11.4µm
_03121_,11.4µm
_04308_,11.39µm
_01559_,11.38µm
_03171_,11.38µm
_05682_,11.38µm
_02631_,11.36µm
_00971_,11.345µm
_03404_,11.34µm
_05483_,11.34µm
_05988_,11.34µm
_01254_,11.32µm
_02471_,11.32µm
_02974_,11.32µm
_04811_,11.32µm
_00965_,11.31µm
_02258_,11.31µm
_02742_,11.31µm
_03753_,11.3µm
_04052_,11.3µm
_04446_,11.3µm
_04620_,11.3µm
_05241_,11.3µm
_05484_,11.3µm
_02209_,11.28µm
_05414_,11.28µm
net58,11.28µm
_02470_,11.26µm
_02900_,11.26µm
_03757_,11.26µm
_03900_,11.26µm
_02370_,11.25µm
_01100_,11.24µm
_01594_,11.24µm
_01978_,11.24µm
_04486_,11.24µm
_05737_,11.24µm
_06100_,11.24µm
net82,11.24µm
_03064_,11.22µm
_03425_,11.22µm
_03692_,11.22µm
_03714_,11.22µm
_04172_,11.22µm
_04274_,11.22µm
_04325_,11.22µm
_05225_,11.22µm
_05355_,11.22µm
_06255_,11.22µm
acc_out[3],11.22µm
acc_out[42],11.22µm
acc_out[44],11.22µm
acc_out[48],11.22µm
acc_out[49],11.22µm
acc_out[4],11.22µm
acc_out[9],11.22µm
_02231_,11.2µm
_04074_,11.2µm
_04084_,11.2µm
_04503_,11.2µm
_05010_,11.2µm
_05132_,11.2µm
_05269_,11.2µm
_05461_,11.2µm
_05645_,11.2µm
_05790_,11.2µm
_05793_,11.2µm
_06370_,11.2µm
mac_acc_in2\[45\],11.2µm
_01900_,11.195µm
_03667_,11.18µm
_04425_,11.18µm
_04755_,11.18µm
_05025_,11.18µm
_05478_,11.18µm
_05715_,11.18µm
_01734_,11.16µm
_02185_,11.16µm
_03372_,11.16µm
_04236_,11.16µm
_06353_,11.15µm
_04881_,11.14µm
_05220_,11.14µm
_01525_,11.12µm
_02407_,11.12µm
_02654_,11.12µm
_02938_,11.12µm
_04046_,11.12µm
_05139_,11.12µm
_05741_,11.12µm
mac_acc_in1\[10\],11.12µm
net93,11.12µm
_00974_,11.1µm
_01429_,11.1µm
_01465_,11.1µm
_01832_,11.1µm
_01932_,11.1µm
_03433_,11.1µm
_03444_,11.1µm
_05207_,11.1µm
_05923_,11.1µm
_00806_,11.08µm
_01945_,11.08µm
_02540_,11.08µm
_02741_,11.08µm
_03288_,11.08µm
_03551_,11.08µm
_04133_,11.08µm
_04136_,11.08µm
_04582_,11.08µm
_04609_,11.08µm
_04721_,11.08µm
_04766_,11.08µm
_05720_,11.08µm
_01539_,11.06µm
_03194_,11.06µm
_03892_,11.06µm
_03968_,11.055µm
_00667_,11.04µm
_01069_,11.04µm
_01323_,11.04µm
_02311_,11.04µm
_03802_,11.04µm
_06084_,11.04µm
mac_acc_in3\[45\],11.035µm
_05265_,11.025µm
_03635_,11.02µm
_04009_,11.02µm
_04228_,11.01µm
_04788_,11.005µm
_01650_,11µm
_03956_,11µm
_05104_,11µm
_06215_,11µm
_00633_,10.98µm
_01387_,10.98µm
_03860_,10.975µm
_01171_,10.97µm
_00947_,10.96µm
_04219_,10.96µm
_04284_,10.96µm
_04989_,10.96µm
_06220_,10.96µm
_06236_,10.96µm
_06310_,10.96µm
net815,10.945µm
_02639_,10.94µm
_02919_,10.94µm
_02972_,10.94µm
_03770_,10.94µm
_05202_,10.94µm
_06046_,10.94µm
_02880_,10.935µm
_00307_,10.925µm
_02985_,10.92µm
_03614_,10.92µm
_04553_,10.92µm
_05017_,10.92µm
_05592_,10.92µm
_06326_,10.92µm
_03981_,10.9µm
_05218_,10.9µm
_05532_,10.9µm
_03615_,10.89µm
net818,10.885µm
_01385_,10.88µm
_01658_,10.88µm
_02222_,10.88µm
_02287_,10.88µm
_03423_,10.88µm
_03617_,10.88µm
_04120_,10.88µm
_05297_,10.88µm
_06063_,10.88µm
_06368_,10.88µm
_02546_,10.87µm
_01101_,10.86µm
_01580_,10.86µm
_02847_,10.86µm
_03641_,10.86µm
_04134_,10.86µm
_05738_,10.86µm
_06256_,10.86µm
mac_acc_in3\[15\],10.86µm
mac_acc_out3\[100\],10.86µm
mac_acc_out3\[13\],10.86µm
net34,10.86µm
_00704_,10.84µm
_01868_,10.84µm
_02668_,10.84µm
_03132_,10.84µm
_04789_,10.84µm
_05033_,10.84µm
_05493_,10.84µm
_05787_,10.84µm
_02189_,10.82µm
_02359_,10.82µm
_03887_,10.82µm
_04163_,10.82µm
_05709_,10.82µm
_02658_,10.8µm
_03924_,10.8µm
acc_out[107],10.8µm
_01127_,10.79µm
_01674_,10.78µm
_02449_,10.78µm
_02815_,10.78µm
_03093_,10.78µm
_03381_,10.78µm
_05268_,10.78µm
_05336_,10.78µm
_05730_,10.78µm
_05219_,10.775µm
_00327_,10.765µm
_02803_,10.76µm
_03344_,10.76µm
_03500_,10.76µm
_06224_,10.76µm
_01372_,10.75µm
acc_out[65],10.75µm
_01231_,10.74µm
_01252_,10.74µm
_02378_,10.74µm
_02404_,10.74µm
_03026_,10.74µm
_03503_,10.74µm
_04225_,10.74µm
_04563_,10.74µm
_04579_,10.74µm
_04703_,10.74µm
_05858_,10.74µm
_06260_,10.74µm
_02853_,10.72µm
_04689_,10.72µm
_04843_,10.72µm
_04919_,10.72µm
_05917_,10.72µm
_04420_,10.715µm
_00026_,10.705µm
_00598_,10.705µm
_00795_,10.7µm
_00831_,10.7µm
_01049_,10.7µm
_01216_,10.7µm
_02089_,10.7µm
_04558_,10.7µm
_03246_,10.68µm
_03609_,10.68µm
_06351_,10.68µm
_05376_,10.675µm
_00996_,10.66µm
_02437_,10.66µm
_04029_,10.66µm
_05883_,10.66µm
_05918_,10.66µm
_05963_,10.66µm
_00411_,10.64µm
_03742_,10.64µm
_03775_,10.64µm
_03783_,10.64µm
_04040_,10.64µm
_04117_,10.64µm
_04459_,10.64µm
_05076_,10.64µm
_05756_,10.64µm
_05905_,10.64µm
_01163_,10.62µm
_01369_,10.62µm
_03545_,10.62µm
_03914_,10.62µm
_05024_,10.62µm
_05452_,10.62µm
_05465_,10.62µm
_06190_,10.62µm
_02074_,10.6µm
_02084_,10.6µm
_03477_,10.6µm
_04540_,10.595µm
_00882_,10.59µm
_00820_,10.58µm
_01418_,10.58µm
_02022_,10.58µm
_02585_,10.58µm
_02739_,10.58µm
_03090_,10.58µm
_03798_,10.58µm
_04508_,10.58µm
_05071_,10.58µm
_05116_,10.58µm
clknet_leaf_54_clk,10.58µm
_04645_,10.575µm
_01726_,10.56µm
_03490_,10.56µm
_00494_,10.54µm
_00604_,10.54µm
_02721_,10.54µm
_02753_,10.54µm
_02909_,10.54µm
_03819_,10.54µm
_04194_,10.54µm
_04606_,10.54µm
_06011_,10.54µm
_01233_,10.52µm
_03075_,10.52µm
_03673_,10.52µm
mac_data_in3\[7\],10.52µm
_00835_,10.5µm
_01519_,10.5µm
_02116_,10.5µm
_02203_,10.5µm
_03842_,10.5µm
_03903_,10.5µm
_04238_,10.5µm
_04294_,10.5µm
_04526_,10.5µm
_05100_,10.5µm
_05372_,10.5µm
_00994_,10.495µm
_05707_,10.48µm
_06130_,10.48µm
_00284_,10.465µm
_00817_,10.46µm
_01532_,10.46µm
_02699_,10.46µm
_03176_,10.46µm
_03876_,10.46µm
_04944_,10.46µm
mac_acc_in3\[4\],10.46µm
_00943_,10.44µm
_02130_,10.44µm
mac_acc_in3\[81\],10.44µm
mac_data_in3\[29\],10.44µm
_01382_,10.42µm
_01453_,10.42µm
_01697_,10.42µm
_01774_,10.42µm
_02628_,10.42µm
_02916_,10.42µm
_03309_,10.42µm
_04453_,10.42µm
_04095_,10.41µm
_00961_,10.4µm
_01440_,10.4µm
_01920_,10.4µm
_03066_,10.4µm
_04532_,10.4µm
_04748_,10.4µm
_05485_,10.4µm
_06291_,10.4µm
_05059_,10.385µm
_00536_,10.38µm
_02555_,10.38µm
_02677_,10.38µm
_02995_,10.38µm
_03486_,10.38µm
_04199_,10.38µm
mac_wt_in2\[25\],10.38µm
_02950_,10.36µm
_03242_,10.36µm
_05056_,10.36µm
_05889_,10.36µm
mac_acc_in3\[10\],10.36µm
_01363_,10.34µm
_04050_,10.34µm
_04235_,10.34µm
_04842_,10.34µm
_06008_,10.34µm
_06143_,10.34µm
net140,10.34µm
_00399_,10.325µm
_01046_,10.32µm
_02711_,10.32µm
_03863_,10.32µm
_04104_,10.32µm
_04461_,10.32µm
_04845_,10.32µm
_06002_,10.32µm
_00047_,10.305µm
_01258_,10.3µm
_01318_,10.3µm
_01376_,10.3µm
_02534_,10.3µm
_02586_,10.3µm
_02975_,10.3µm
_03144_,10.3µm
_04455_,10.3µm
_04785_,10.3µm
_06286_,10.3µm
_00509_,10.28µm
_00526_,10.28µm
_01623_,10.28µm
_01753_,10.28µm
_02963_,10.28µm
_03872_,10.28µm
_05037_,10.28µm
_05708_,10.28µm
_05989_,10.28µm
_06159_,10.28µm
_06231_,10.28µm
_00351_,10.265µm
_01991_,10.26µm
_02020_,10.26µm
_03680_,10.26µm
_03821_,10.26µm
_03898_,10.26µm
_04214_,10.26µm
_05661_,10.26µm
_06265_,10.26µm
_05999_,10.25µm
_00677_,10.24µm
_02028_,10.24µm
_02166_,10.24µm
_02299_,10.24µm
_02827_,10.24µm
_03367_,10.24µm
_03625_,10.24µm
_03897_,10.24µm
_04043_,10.24µm
_04499_,10.24µm
_04290_,10.23µm
_01344_,10.22µm
_01565_,10.22µm
_01998_,10.22µm
_04536_,10.22µm
_00147_,10.205µm
_00815_,10.2µm
_01662_,10.2µm
_01745_,10.2µm
_03030_,10.2µm
_03061_,10.2µm
_03464_,10.2µm
_04375_,10.2µm
_04675_,10.2µm
_04932_,10.2µm
_05970_,10.2µm
_00491_,10.18µm
_01059_,10.18µm
_01090_,10.18µm
_01416_,10.18µm
_01689_,10.18µm
_02112_,10.18µm
_02448_,10.18µm
_02780_,10.18µm
_02946_,10.18µm
_03930_,10.18µm
_04902_,10.18µm
_05120_,10.18µm
_05636_,10.18µm
_06025_,10.18µm
_06295_,10.18µm
_01113_,10.16µm
_01121_,10.16µm
_01621_,10.16µm
_04198_,10.16µm
_04364_,10.16µm
_05474_,10.16µm
_05916_,10.16µm
_00467_,10.14µm
_05428_,10.14µm
_06150_,10.14µm
_02599_,10.12µm
_06161_,10.12µm
_02725_,10.1µm
_03146_,10.1µm
_00911_,10.08µm
_01043_,10.08µm
_01411_,10.08µm
_01552_,10.08µm
_01890_,10.08µm
_03101_,10.08µm
_03596_,10.08µm
_04028_,10.08µm
_04369_,10.08µm
_04515_,10.08µm
_06252_,10.08µm
_01606_,10.06µm
_03442_,10.06µm
net149,10.06µm
_00767_,10.04µm
_00972_,10.04µm
_01152_,10.04µm
_01176_,10.04µm
_01187_,10.04µm
_01402_,10.04µm
_02839_,10.04µm
_02925_,10.04µm
_03767_,10.04µm
_05176_,10.04µm
_05566_,10.04µm
_06041_,10.04µm
_06174_,10.04µm
_06336_,10.04µm
mac_data_in3\[15\],10.04µm
_04376_,10.03µm
_04857_,10.02µm
_05639_,10.02µm
_05286_,10.015µm
_02515_,10µm
_02638_,10µm
_02767_,9.985µm
_02454_,9.98µm
_04838_,9.98µm
_05027_,9.98µm
_06296_,9.98µm
_06393_,9.98µm
net80,9.98µm
_00096_,9.965µm
_00551_,9.96µm
_00626_,9.96µm
_00748_,9.96µm
_01196_,9.96µm
_01479_,9.96µm
_01919_,9.96µm
_02153_,9.96µm
_02822_,9.96µm
_03044_,9.96µm
_03051_,9.96µm
_04179_,9.96µm
_04882_,9.96µm
_05173_,9.96µm
_00066_,9.945µm
_00532_,9.94µm
_00916_,9.94µm
_01112_,9.94µm
_01801_,9.94µm
_01921_,9.94µm
_02453_,9.94µm
_02756_,9.94µm
_04249_,9.94µm
_05736_,9.94µm
_01720_,9.92µm
_06108_,9.92µm
_06223_,9.92µm
_02305_,9.9µm
_03526_,9.9µm
_04013_,9.9µm
_05435_,9.9µm
_05769_,9.9µm
mac_acc_in2\[8\],9.9µm
mac_acc_out3\[78\],9.9µm
_04648_,9.89µm
_01273_,9.88µm
_02660_,9.88µm
_03110_,9.88µm
_03177_,9.88µm
_03563_,9.88µm
_03950_,9.88µm
_04981_,9.88µm
_05944_,9.88µm
acc_out[105],9.88µm
_01776_,9.87µm
_00468_,9.865µm
_00784_,9.86µm
_01678_,9.86µm
_02241_,9.86µm
_03251_,9.86µm
_04897_,9.86µm
_04956_,9.86µm
_05568_,9.86µm
_05907_,9.86µm
_05238_,9.85µm
_00258_,9.845µm
_00555_,9.84µm
_01415_,9.84µm
_01875_,9.84µm
_02587_,9.84µm
_03149_,9.84µm
_03334_,9.84µm
_03540_,9.84µm
_03677_,9.84µm
_04524_,9.84µm
_04928_,9.84µm
_05029_,9.84µm
_05555_,9.84µm
_00915_,9.82µm
_01190_,9.82µm
_02217_,9.82µm
_02234_,9.82µm
_02488_,9.82µm
_02761_,9.82µm
_03303_,9.82µm
_04181_,9.82µm
_04713_,9.82µm
_04723_,9.82µm
_04832_,9.82µm
_05231_,9.82µm
_05359_,9.82µm
_05366_,9.82µm
_05527_,9.82µm
_05770_,9.82µm
_05920_,9.82µm
_06139_,9.82µm
_01021_,9.8µm
_01541_,9.8µm
_02390_,9.8µm
_02817_,9.8µm
_03306_,9.8µm
_04317_,9.8µm
_04427_,9.8µm
_05329_,9.8µm
_05619_,9.8µm
_03584_,9.79µm
_00609_,9.78µm
_01122_,9.78µm
_01457_,9.78µm
_03022_,9.78µm
_04415_,9.78µm
_04548_,9.78µm
_05412_,9.78µm
_05546_,9.78µm
mac_acc_in3\[5\],9.78µm
_01305_,9.77µm
_06057_,9.77µm
_00412_,9.76µm
_02635_,9.76µm
_06092_,9.76µm
_03053_,9.75µm
_04200_,9.745µm
_06074_,9.745µm
_01135_,9.74µm
_01830_,9.74µm
_02250_,9.74µm
_02670_,9.74µm
_03237_,9.74µm
_05632_,9.74µm
_06283_,9.74µm
_06330_,9.74µm
mac_acc_in3\[14\],9.74µm
acc_out[79],9.73µm
net731,9.73µm
_01107_,9.72µm
_01128_,9.72µm
_01579_,9.72µm
_02475_,9.72µm
_02651_,9.72µm
_02797_,9.72µm
_03335_,9.72µm
_03769_,9.72µm
_04483_,9.72µm
_06165_,9.72µm
_02040_,9.71µm
_03651_,9.71µm
_03435_,9.705µm
_04251_,9.705µm
_01084_,9.7µm
_01088_,9.7µm
_01111_,9.7µm
_02592_,9.7µm
_02758_,9.7µm
_02821_,9.7µm
_03504_,9.7µm
_04412_,9.7µm
_04855_,9.7µm
_05215_,9.7µm
_05622_,9.7µm
_05713_,9.7µm
_05754_,9.7µm
_05766_,9.7µm
_01482_,9.695µm
_06014_,9.68µm
_01492_,9.67µm
_03140_,9.67µm
_00898_,9.66µm
_00985_,9.66µm
_01287_,9.66µm
_05617_,9.66µm
_00826_,9.655µm
_05644_,9.655µm
_04216_,9.65µm
net718,9.65µm
_01154_,9.64µm
_04139_,9.64µm
_05997_,9.64µm
wt_arr[25],9.64µm
wt_arr[27],9.64µm
net27,9.64µm
_01066_,9.62µm
_01265_,9.62µm
_01808_,9.62µm
_01856_,9.62µm
_02346_,9.62µm
_02443_,9.62µm
_02490_,9.62µm
_03730_,9.62µm
_04591_,9.62µm
_04638_,9.62µm
_04709_,9.62µm
_05257_,9.62µm
_05313_,9.62µm
_05600_,9.62µm
_00057_,9.605µm
_02289_,9.6µm
_02389_,9.6µm
_03001_,9.6µm
_03256_,9.6µm
_03682_,9.6µm
_04148_,9.6µm
_05341_,9.6µm
_00657_,9.58µm
_01586_,9.58µm
_02161_,9.58µm
_02653_,9.58µm
_02754_,9.58µm
_03150_,9.58µm
_03206_,9.58µm
_03822_,9.58µm
_03829_,9.58µm
_03832_,9.58µm
_03837_,9.58µm
_06080_,9.58µm
_06383_,9.58µm
_01300_,9.56µm
_02350_,9.56µm
data_arr[8],9.56µm
_02044_,9.54µm
_03857_,9.54µm
_05582_,9.54µm
_05586_,9.54µm
_01013_,9.52µm
_03460_,9.52µm
_03488_,9.52µm
_05344_,9.52µm
_05819_,9.52µm
_00500_,9.505µm
_00827_,9.5µm
_01138_,9.5µm
_01809_,9.5µm
_02539_,9.5µm
_02879_,9.5µm
_03107_,9.5µm
_03604_,9.5µm
_04123_,9.5µm
_04758_,9.5µm
_04914_,9.5µm
_05012_,9.5µm
_05402_,9.5µm
_05946_,9.5µm
_06222_,9.5µm
mac_acc_in3\[112\],9.5µm
mac_acc_in3\[44\],9.5µm
_04091_,9.49µm
_00397_,9.485µm
_01031_,9.48µm
_01146_,9.48µm
_01193_,9.48µm
_01844_,9.48µm
_02228_,9.48µm
_02279_,9.48µm
_02724_,9.48µm
_02917_,9.48µm
_03484_,9.48µm
_04032_,9.48µm
_04348_,9.48µm
_04977_,9.48µm
_05621_,9.48µm
_05816_,9.48µm
_06032_,9.48µm
_06251_,9.48µm
mac_acc_in1\[111\],9.48µm
mac_acc_in2\[44\],9.48µm
_02260_,9.46µm
_02531_,9.46µm
_03060_,9.46µm
_03138_,9.46µm
_04080_,9.46µm
_04161_,9.46µm
_04224_,9.46µm
_02771_,9.45µm
_00993_,9.44µm
_02612_,9.44µm
_03192_,9.44µm
_03865_,9.44µm
_03939_,9.44µm
_04523_,9.44µm
_04995_,9.44µm
_05887_,9.44µm
_05953_,9.44µm
_03438_,9.42µm
_04047_,9.42µm
_04406_,9.42µm
_00658_,9.4µm
_01291_,9.4µm
_03463_,9.4µm
_03772_,9.4µm
_04145_,9.4µm
_04516_,9.4µm
_04892_,9.4µm
_05318_,9.4µm
_05584_,9.4µm
_06341_,9.4µm
net50,9.4µm
acc_out[64],9.39µm
_00236_,9.385µm
_05891_,9.385µm
_01304_,9.38µm
_01348_,9.38µm
_01897_,9.38µm
_02278_,9.38µm
_02684_,9.38µm
_02848_,9.38µm
_03358_,9.38µm
_03537_,9.38µm
_04143_,9.38µm
_04652_,9.38µm
_05032_,9.38µm
_05118_,9.38µm
_05996_,9.38µm
_06019_,9.38µm
_03158_,9.37µm
_00840_,9.365µm
_00753_,9.36µm
_00848_,9.36µm
_00941_,9.36µm
_02186_,9.36µm
_02492_,9.36µm
_03042_,9.36µm
_04777_,9.36µm
_04844_,9.36µm
_05065_,9.36µm
_05254_,9.36µm
_05959_,9.36µm
_02014_,9.34µm
_02836_,9.34µm
_02877_,9.34µm
_03273_,9.34µm
_03825_,9.34µm
_05150_,9.34µm
mac_acc_in3\[113\],9.34µm
_00205_,9.325µm
_01339_,9.32µm
_02038_,9.32µm
_02076_,9.32µm
_03797_,9.32µm
_04463_,9.32µm
_04696_,9.32µm
_05751_,9.32µm
_06156_,9.31µm
_00535_,9.3µm
_02043_,9.3µm
_02818_,9.3µm
_03686_,9.3µm
_04416_,9.3µm
_00413_,9.295µm
_00711_,9.28µm
_01164_,9.28µm
_01356_,9.28µm
_01375_,9.28µm
_04109_,9.28µm
_04151_,9.28µm
_04594_,9.28µm
_04753_,9.28µm
_04929_,9.28µm
_05624_,9.28µm
_05899_,9.28µm
mac_acc_in3\[98\],9.28µm
_00300_,9.26µm
_01664_,9.26µm
_02078_,9.26µm
_05129_,9.26µm
_05717_,9.26µm
_06158_,9.26µm
_04961_,9.245µm
_00706_,9.24µm
_00818_,9.24µm
_01213_,9.24µm
_01607_,9.24µm
_02349_,9.24µm
_02367_,9.24µm
_03232_,9.24µm
_03259_,9.24µm
_03581_,9.24µm
_04220_,9.24µm
_04288_,9.24µm
_04583_,9.24µm
_06090_,9.24µm
_06167_,9.24µm
_06306_,9.24µm
net145,9.24µm
_05947_,9.22µm
wt_arr[6],9.21µm
_05131_,9.2µm
_03453_,9.19µm
_00230_,9.185µm
_00339_,9.18µm
_04874_,9.18µm
_05514_,9.18µm
_05881_,9.18µm
mac_acc_in1\[46\],9.18µm
_03896_,9.17µm
mac_acc_in2\[9\],9.17µm
_02083_,9.165µm
_00690_,9.16µm
_00746_,9.16µm
_00839_,9.16µm
_01109_,9.16µm
_01332_,9.16µm
_02129_,9.16µm
_02336_,9.16µm
_02648_,9.16µm
_03068_,9.16µm
_03663_,9.16µm
_03674_,9.16µm
_03789_,9.16µm
_04197_,9.16µm
_04627_,9.16µm
_05502_,9.16µm
_06030_,9.16µm
_05212_,9.15µm
_01944_,9.14µm
_03395_,9.14µm
_03852_,9.14µm
_04394_,9.14µm
_05420_,9.14µm
_05929_,9.14µm
_02365_,9.135µm
_02511_,9.13µm
_03188_,9.125µm
_01182_,9.12µm
_03456_,9.12µm
_03505_,9.12µm
_04000_,9.12µm
_05292_,9.12µm
_05536_,9.12µm
_06106_,9.12µm
_04471_,9.115µm
_00160_,9.085µm
_04174_,9.08µm
_03685_,9.07µm
_06164_,9.07µm
_00286_,9.065µm
_00786_,9.06µm
_03990_,9.06µm
mac_acc_in3\[68\],9.06µm
mac_acc_out3\[66\],9.06µm
_00893_,9.04µm
_02113_,9.04µm
_02183_,9.04µm
_02403_,9.04µm
_02563_,9.04µm
_02881_,9.04µm
_03057_,9.04µm
_03173_,9.04µm
_03402_,9.04µm
_03786_,9.04µm
_04326_,9.04µm
_04707_,9.04µm
_04943_,9.04µm
_05489_,9.04µm
_05701_,9.04µm
_06204_,9.04µm
_06067_,9.025µm
_01079_,9.02µm
_02608_,9.02µm
_02732_,9.02µm
_05039_,9.02µm
_05142_,9.02µm
_05470_,9.02µm
_05749_,9.02µm
_06044_,9.02µm
_06122_,9.02µm
_06389_,9.02µm
mac_acc_out3\[14\],9.02µm
_04366_,9.015µm
_04545_,9.01µm
_02123_,8.98µm
_02360_,8.98µm
_03431_,8.98µm
_04147_,8.98µm
_05362_,8.98µm
_06377_,8.98µm
_03559_,8.97µm
_01684_,8.96µm
_03219_,8.96µm
_04209_,8.96µm
_04479_,8.96µm
_05151_,8.96µm
_05531_,8.96µm
acc_out[96],8.96µm
acc_out[97],8.96µm
_03142_,8.95µm
_00545_,8.94µm
_02026_,8.94µm
_03502_,8.94µm
_05072_,8.94µm
_05113_,8.94µm
_06209_,8.94µm
mac_acc_in1\[15\],8.94µm
_04812_,8.93µm
_00859_,8.92µm
_01073_,8.92µm
_01459_,8.92µm
_01719_,8.92µm
_01821_,8.92µm
_02722_,8.92µm
_03006_,8.92µm
_04011_,8.92µm
_04257_,8.92µm
_05445_,8.92µm
_05594_,8.92µm
_05596_,8.92µm
_05606_,8.92µm
_05625_,8.92µm
_05721_,8.92µm
_05983_,8.92µm
_06302_,8.92µm
_00161_,8.905µm
_01087_,8.9µm
_01242_,8.9µm
_01502_,8.9µm
_01577_,8.9µm
_01620_,8.9µm
_01757_,8.9µm
_01979_,8.9µm
_02212_,8.9µm
_02584_,8.9µm
_03302_,8.9µm
_03594_,8.9µm
_03602_,8.9µm
_04295_,8.9µm
_04345_,8.9µm
_05043_,8.9µm
_05287_,8.9µm
_05371_,8.9µm
_05477_,8.9µm
_05954_,8.9µm
_06273_,8.9µm
_06275_,8.9µm
mac_acc_in3\[71\],8.89µm
_00774_,8.86µm
_03846_,8.86µm
_03854_,8.86µm
_04347_,8.86µm
_01226_,8.85µm
acc_out[113],8.85µm
_01879_,8.84µm
_01887_,8.84µm
_03499_,8.84µm
_03700_,8.84µm
_04116_,8.84µm
_04625_,8.84µm
_01439_,8.825µm
_05695_,8.825µm
_00908_,8.82µm
_01175_,8.82µm
_02399_,8.82µm
_02644_,8.82µm
_03848_,8.82µm
_04350_,8.82µm
_04534_,8.82µm
_04967_,8.82µm
_06082_,8.82µm
_06258_,8.82µm
_06348_,8.82µm
mac_acc_in2\[14\],8.82µm
_03182_,8.81µm
_00064_,8.8µm
_01388_,8.8µm
_01857_,8.8µm
_02802_,8.8µm
_02891_,8.8µm
_02992_,8.8µm
_03056_,8.8µm
_03447_,8.8µm
_04978_,8.8µm
_02799_,8.795µm
_03040_,8.785µm
_00629_,8.78µm
_00636_,8.78µm
_00683_,8.78µm
_00691_,8.78µm
_00837_,8.78µm
_01188_,8.78µm
_01694_,8.78µm
_03059_,8.78µm
_03134_,8.78µm
_03529_,8.78µm
_04122_,8.78µm
_04275_,8.78µm
_04542_,8.78µm
_05157_,8.78µm
_03558_,8.77µm
_00387_,8.76µm
_03007_,8.76µm
_04323_,8.76µm
_06354_,8.755µm
_01474_,8.74µm
_01410_,8.72µm
_01888_,8.72µm
_04786_,8.72µm
_05512_,8.72µm
net744,8.72µm
wt_arr[16],8.72µm
wt_arr[29],8.72µm
wt_arr[30],8.72µm
wt_arr[31],8.72µm
wt_arr[9],8.72µm
_00984_,8.7µm
_01381_,8.7µm
_01456_,8.7µm
_02080_,8.7µm
_02477_,8.7µm
_02590_,8.7µm
_02777_,8.7µm
_03452_,8.7µm
_03765_,8.7µm
_04089_,8.7µm
_04234_,8.7µm
_04370_,8.7µm
_04419_,8.7µm
_04678_,8.7µm
_05089_,8.7µm
_05581_,8.7µm
_05823_,8.7µm
_01414_,8.695µm
_00473_,8.685µm
net782,8.685µm
net789,8.685µm
_00900_,8.68µm
_01389_,8.68µm
_01733_,8.68µm
_02081_,8.68µm
_02151_,8.68µm
_02705_,8.68µm
_03580_,8.68µm
_05882_,8.675µm
_01859_,8.665µm
_00899_,8.66µm
_01507_,8.66µm
_02246_,8.66µm
_02712_,8.66µm
_02786_,8.66µm
_03788_,8.66µm
_05537_,8.66µm
_06297_,8.66µm
_05845_,8.64µm
wt_arr[0],8.64µm
_00804_,8.62µm
_01506_,8.62µm
_02776_,8.62µm
_05070_,8.62µm
_02716_,8.61µm
_04757_,8.61µm
_04852_,8.605µm
_01366_,8.6µm
_01386_,8.6µm
_03126_,8.6µm
_03407_,8.6µm
_03495_,8.6µm
_00920_,8.58µm
_01205_,8.58µm
_01244_,8.58µm
_01550_,8.58µm
_02237_,8.58µm
_02763_,8.58µm
_02787_,8.58µm
_03100_,8.58µm
_03416_,8.58µm
_04113_,8.58µm
_04730_,8.58µm
_05873_,8.58µm
_03527_,8.57µm
_00803_,8.56µm
_00926_,8.56µm
_01027_,8.56µm
_01133_,8.56µm
_01610_,8.56µm
_01632_,8.56µm
_02136_,8.56µm
_02321_,8.56µm
_02335_,8.56µm
_02394_,8.56µm
_02706_,8.56µm
_03374_,8.56µm
_03487_,8.56µm
_03774_,8.56µm
_03845_,8.56µm
_04035_,8.56µm
_04114_,8.56µm
_04226_,8.56µm
_04331_,8.56µm
_04351_,8.56µm
_04439_,8.56µm
_04772_,8.56µm
_04887_,8.56µm
_05061_,8.56µm
_05153_,8.56µm
_05789_,8.56µm
_06101_,8.56µm
mac_acc_in3\[17\],8.56µm
_01082_,8.545µm
_01869_,8.54µm
_02613_,8.54µm
_04008_,8.54µm
_06087_,8.54µm
_05910_,8.53µm
_02505_,8.52µm
_02710_,8.52µm
_03226_,8.52µm
_03966_,8.52µm
_05752_,8.52µm
net152,8.52µm
acc_out[35],8.51µm
_00649_,8.5µm
_01177_,8.5µm
_02247_,8.5µm
_02759_,8.5µm
_02887_,8.5µm
_03197_,8.5µm
_04712_,8.5µm
_05513_,8.5µm
_06095_,8.5µm
acc_out[106],8.5µm
mac_acc_in2\[33\],8.5µm
_04327_,8.495µm
_00298_,8.485µm
_00778_,8.48µm
_01048_,8.48µm
_01125_,8.48µm
_01326_,8.48µm
_01764_,8.48µm
_01789_,8.48µm
_02193_,8.48µm
_02473_,8.48µm
_02650_,8.48µm
_03230_,8.48µm
_03963_,8.48µm
_05090_,8.48µm
_05931_,8.48µm
_06078_,8.48µm
_06375_,8.48µm
mac_acc_in3\[46\],8.48µm
_04491_,8.47µm
_05418_,8.465µm
_01312_,8.46µm
_01520_,8.46µm
_01912_,8.46µm
_01972_,8.46µm
_03287_,8.46µm
_03492_,8.46µm
_03619_,8.46µm
_03717_,8.46µm
_04474_,8.46µm
_05324_,8.46µm
_05880_,8.46µm
_06118_,8.46µm
_06237_,8.46µm
_06272_,8.46µm
mac_acc_in3\[103\],8.46µm
net816,8.445µm
_00608_,8.44µm
_00962_,8.44µm
_01168_,8.44µm
_02341_,8.44µm
_02626_,8.44µm
_02678_,8.44µm
_03650_,8.44µm
_04024_,8.44µm
_04178_,8.44µm
_04593_,8.44µm
_04670_,8.44µm
_04875_,8.44µm
_05683_,8.44µm
_05885_,8.44µm
_05957_,8.44µm
_00268_,8.435µm
_04655_,8.435µm
_01228_,8.42µm
_02307_,8.42µm
_03065_,8.42µm
_03943_,8.42µm
_04185_,8.42µm
_04381_,8.42µm
_05460_,8.42µm
_06373_,8.42µm
_05335_,8.41µm
_00763_,8.4µm
_01016_,8.4µm
_01561_,8.4µm
_01766_,8.4µm
_03547_,8.4µm
_05872_,8.4µm
wt_arr[22],8.39µm
_05655_,8.385µm
_03396_,8.38µm
_05023_,8.38µm
_04556_,8.365µm
_00520_,8.36µm
_00655_,8.36µm
_00890_,8.36µm
_01159_,8.36µm
_01731_,8.36µm
_01924_,8.36µm
_02271_,8.36µm
_02568_,8.36µm
_02892_,8.36µm
_04537_,8.36µm
_04605_,8.36µm
_04849_,8.36µm
_05016_,8.36µm
_00368_,8.34µm
_00465_,8.34µm
_00504_,8.34µm
_00886_,8.34µm
_01602_,8.34µm
_02440_,8.34µm
_03511_,8.34µm
_04042_,8.34µm
_04072_,8.34µm
_04129_,8.34µm
_04959_,8.34µm
_05578_,8.34µm
_06127_,8.34µm
_02523_,8.33µm
_00313_,8.325µm
_00541_,8.32µm
_00560_,8.32µm
_01537_,8.32µm
_02374_,8.32µm
_02643_,8.32µm
_03257_,8.32µm
_03330_,8.32µm
_03375_,8.32µm
_04110_,8.32µm
_04150_,8.32µm
_04555_,8.32µm
_05937_,8.32µm
_06267_,8.32µm
_06329_,8.32µm
_06390_,8.32µm
clknet_leaf_76_clk,8.32µm
_04846_,8.31µm
_00648_,8.3µm
_03553_,8.28µm
_04436_,8.28µm
_01324_,8.275µm
wt_arr[15],8.27µm
_03530_,8.26µm
_03736_,8.26µm
_02838_,8.255µm
_00716_,8.25µm
_02766_,8.25µm
_00522_,8.24µm
_01062_,8.24µm
_01762_,8.24µm
_02343_,8.24µm
_02373_,8.24µm
_02589_,8.24µm
_03166_,8.24µm
_03603_,8.24µm
_04467_,8.24µm
_04651_,8.24µm
_04694_,8.24µm
_05001_,8.24µm
_05311_,8.24µm
_05556_,8.24µm
_05567_,8.24µm
_05767_,8.24µm
_05839_,8.24µm
_06071_,8.24µm
_01933_,8.22µm
_05066_,8.22µm
_06068_,8.22µm
_00226_,8.205µm
_00729_,8.205µm
_00464_,8.2µm
_01144_,8.2µm
_04279_,8.2µm
_05395_,8.2µm
_05439_,8.2µm
_05441_,8.2µm
_05784_,8.2µm
_06199_,8.2µm
_06394_,8.2µm
net142,8.2µm
_03403_,8.195µm
wt_arr[11],8.18µm
_01468_,8.16µm
_02955_,8.16µm
_03310_,8.16µm
_04588_,8.16µm
_04938_,8.16µm
_06292_,8.16µm
_00154_,8.145µm
_06278_,8.145µm
_02128_,8.14µm
_02168_,8.14µm
_03913_,8.14µm
_04334_,8.14µm
_04816_,8.14µm
_05125_,8.14µm
_06155_,8.14µm
mac_acc_out3\[17\],8.14µm
_02042_,8.13µm
_00615_,8.12µm
_01077_,8.12µm
_02096_,8.12µm
_02140_,8.12µm
_02150_,8.12µm
_02169_,8.12µm
_02371_,8.12µm
_02620_,8.12µm
_02720_,8.12µm
_03035_,8.12µm
_03411_,8.12µm
_03437_,8.12µm
_03546_,8.12µm
_03676_,8.12µm
_04016_,8.12µm
_04020_,8.12µm
_04060_,8.12µm
_04273_,8.12µm
_04319_,8.12µm
_04698_,8.12µm
_04754_,8.12µm
_05055_,8.12µm
_05161_,8.12µm
_05396_,8.12µm
_05652_,8.12µm
_05671_,8.12µm
_05928_,8.12µm
_00462_,8.105µm
_03088_,8.105µm
_06241_,8.105µm
_00687_,8.1µm
_00801_,8.1µm
_00809_,8.1µm
_00928_,8.1µm
_01759_,8.1µm
_01782_,8.1µm
_02052_,8.1µm
_02055_,8.1µm
_02063_,8.1µm
_04038_,8.1µm
_04073_,8.1µm
_04175_,8.1µm
_05802_,8.1µm
_05847_,8.1µm
_00644_,8.08µm
_02993_,8.08µm
_05496_,8.08µm
_06226_,8.08µm
_00417_,8.065µm
_01585_,8.06µm
_03935_,8.06µm
_04360_,8.06µm
_05345_,8.06µm
mac_acc_out3\[46\],8.06µm
_02810_,8.04µm
_04358_,8.04µm
_04632_,8.04µm
_04942_,8.04µm
_05031_,8.04µm
_06234_,8.04µm
_06357_,8.04µm
acc_out[40],8.03µm
acc_out[68],8.03µm
acc_out[71],8.03µm
data_arr[6],8.03µm
_02208_,8.02µm
_02662_,8.02µm
_03012_,8.02µm
_03181_,8.02µm
_03201_,8.02µm
_03222_,8.02µm
_03469_,8.02µm
_04025_,8.02µm
_04031_,8.02µm
_04159_,8.02µm
_04379_,8.02µm
_04531_,8.02µm
_05214_,8.02µm
_05543_,8.02µm
_06052_,8.02µm
_06245_,8.02µm
_06337_,8.02µm
_02936_,8.01µm
_00495_,8.005µm
_03501_,8.005µm
_04292_,8.005µm
_00562_,8µm
_01724_,8µm
_03271_,8µm
_03401_,8µm
_03781_,8µm
_04353_,8µm
_04659_,8µm
_05067_,8µm
_05492_,8µm
_00599_,7.98µm
_00647_,7.98µm
_01194_,7.98µm
_01255_,7.98µm
_01333_,7.98µm
_02005_,7.98µm
_02124_,7.98µm
_02133_,7.98µm
_02333_,7.98µm
_02445_,7.98µm
_02497_,7.98µm
_02945_,7.98µm
_03409_,7.98µm
_04368_,7.98µm
_04502_,7.98µm
_04719_,7.98µm
_05389_,7.98µm
_06058_,7.98µm
_06239_,7.98µm
_06247_,7.98µm
_06322_,7.98µm
_00591_,7.96µm
_03722_,7.96µm
_00398_,7.945µm
_03574_,7.94µm
_05742_,7.94µm
mac_data_in1\[10\],7.94µm
net121,7.94µm
net136,7.94µm
wt_arr[23],7.93µm
_00492_,7.92µm
_02328_,7.92µm
_03809_,7.92µm
_04695_,7.92µm
_04768_,7.92µm
_05158_,7.92µm
_05181_,7.92µm
data_arr[3],7.91µm
_01601_,7.9µm
_01648_,7.9µm
_02285_,7.9µm
_02826_,7.9µm
_02952_,7.9µm
_03008_,7.9µm
_03097_,7.9µm
_03184_,7.9µm
_03227_,7.9µm
_03292_,7.9µm
_03476_,7.9µm
_03937_,7.9µm
_04489_,7.9µm
_04538_,7.9µm
_04602_,7.9µm
_04740_,7.9µm
_04964_,7.9µm
_04988_,7.9µm
_05021_,7.9µm
_05121_,7.9µm
_05613_,7.9µm
_05876_,7.9µm
_00768_,7.88µm
_01170_,7.88µm
_01197_,7.88µm
_04217_,7.88µm
_06221_,7.88µm
_00935_,7.86µm
_01343_,7.86µm
_02117_,7.86µm
_02812_,7.86µm
_02906_,7.86µm
_03122_,7.86µm
_04332_,7.86µm
_04338_,7.86µm
_04711_,7.86µm
_05266_,7.86µm
_05273_,7.86µm
_05342_,7.86µm
_05830_,7.86µm
_01698_,7.84µm
_06103_,7.84µm
acc_out[110],7.83µm
acc_out[80],7.83µm
_02107_,7.82µm
_03003_,7.82µm
_06088_,7.82µm
_04003_,7.815µm
wt_arr[3],7.81µm
_00790_,7.8µm
_04600_,7.8µm
_00673_,7.79µm
_00750_,7.78µm
_00756_,7.78µm
_01270_,7.78µm
_01891_,7.78µm
_02235_,7.78µm
_02983_,7.78µm
_03301_,7.78µm
_03387_,7.78µm
_03422_,7.78µm
_03646_,7.78µm
_03971_,7.78µm
_04586_,7.78µm
_04984_,7.78µm
_05187_,7.78µm
_05299_,7.78µm
_05364_,7.78µm
_05426_,7.78µm
_05684_,7.78µm
_06060_,7.78µm
_06145_,7.78µm
_06259_,7.78µm
_04738_,7.775µm
_01462_,7.76µm
_02226_,7.76µm
_02857_,7.76µm
_02901_,7.76µm
_03095_,7.76µm
_03290_,7.76µm
_03654_,7.76µm
_04302_,7.76µm
_05143_,7.76µm
wt_arr[19],7.76µm
_00772_,7.74µm
_01314_,7.74µm
_01778_,7.74µm
_02255_,7.74µm
_02667_,7.74µm
_04510_,7.74µm
_04527_,7.74µm
_05369_,7.74µm
_04239_,7.735µm
_05704_,7.725µm
_02111_,7.72µm
_01835_,7.7µm
_02310_,7.7µm
_02547_,7.7µm
_03205_,7.7µm
_03253_,7.7µm
_04677_,7.7µm
_04860_,7.7µm
_05328_,7.7µm
mac_acc_out3\[101\],7.7µm
data_arr[12],7.69µm
data_arr[21],7.69µm
_01431_,7.68µm
_02045_,7.68µm
_02450_,7.68µm
_03414_,7.68µm
mac_acc_out3\[96\],7.68µm
mac_wt_in2\[28\],7.68µm
_02033_,7.67µm
_00842_,7.66µm
_00896_,7.66µm
_00932_,7.66µm
_01068_,7.66µm
_01495_,7.66µm
_01811_,7.66µm
_02206_,7.66µm
_02331_,7.66µm
_03021_,7.66µm
_03063_,7.66µm
_03268_,7.66µm
_03696_,7.66µm
_03851_,7.66µm
_04470_,7.66µm
_04947_,7.66µm
_05000_,7.66µm
_05126_,7.66µm
_05775_,7.66µm
_06307_,7.66µm
_02295_,7.645µm
_00634_,7.64µm
_00868_,7.64µm
_01042_,7.64µm
_01256_,7.64µm
_02194_,7.64µm
_02418_,7.64µm
_03373_,7.64µm
_03592_,7.64µm
_03989_,7.64µm
_04111_,7.64µm
_04137_,7.64µm
_04599_,7.64µm
_04661_,7.64µm
_05111_,7.64µm
_05867_,7.64µm
_06065_,7.64µm
data_arr[5],7.64µm
mac_acc_in2\[0\],7.64µm
net40,7.64µm
_05952_,7.635µm
_00814_,7.62µm
_01427_,7.62µm
_01688_,7.62µm
_03385_,7.62µm
_05101_,7.62µm
_05480_,7.62µm
_05955_,7.62µm
_02139_,7.61µm
_02976_,7.6µm
_04560_,7.6µm
_04828_,7.6µm
_02391_,7.59µm
net725,7.59µm
net726,7.59µm
_00285_,7.585µm
_01445_,7.58µm
_01982_,7.58µm
_02274_,7.58µm
_02480_,7.58µm
_03461_,7.58µm
_04773_,7.58µm
_06007_,7.58µm
_04924_,7.565µm
_00999_,7.56µm
_01383_,7.56µm
_01556_,7.56µm
_01605_,7.56µm
_01973_,7.56µm
_02017_,7.56µm
_02261_,7.56µm
_02851_,7.56µm
_02928_,7.56µm
_03127_,7.56µm
_03191_,7.56µm
_03209_,7.56µm
_03613_,7.56µm
_04007_,7.56µm
_04229_,7.56µm
_04965_,7.56µm
_05463_,7.56µm
mac_acc_in3\[65\],7.56µm
mac_acc_out3\[33\],7.56µm
_01833_,7.545µm
_00740_,7.54µm
_01232_,7.54µm
_01443_,7.54µm
_01980_,7.54µm
_02239_,7.54µm
_02412_,7.54µm
_03462_,7.54µm
_04683_,7.54µm
_05838_,7.54µm
_06064_,7.54µm
_06140_,7.54µm
_06238_,7.54µm
_00395_,7.525µm
_01288_,7.52µm
_01296_,7.52µm
_01831_,7.52µm
_01957_,7.52µm
_02439_,7.52µm
_02554_,7.52µm
_02824_,7.52µm
_02968_,7.52µm
_03014_,7.52µm
_03016_,7.52µm
_03406_,7.52µm
_03482_,7.52µm
_03519_,7.52µm
_03588_,7.52µm
_04036_,7.52µm
_04268_,7.52µm
_04726_,7.52µm
_04850_,7.52µm
_04862_,7.52µm
_05276_,7.52µm
_05616_,7.52µm
_05909_,7.52µm
net67,7.52µm
_00771_,7.5µm
_00951_,7.5µm
_03345_,7.5µm
_03475_,7.5µm
_04617_,7.5µm
_05659_,7.5µm
data_arr[0],7.49µm
_03889_,7.48µm
_06242_,7.48µm
net95,7.48µm
_00516_,7.46µm
_02329_,7.46µm
_02397_,7.46µm
_05571_,7.46µm
_06168_,7.46µm
_06266_,7.46µm
_02036_,7.445µm
_01007_,7.44µm
_01050_,7.44µm
_01189_,7.44µm
_01253_,7.44µm
_01501_,7.44µm
_01505_,7.44µm
_01683_,7.44µm
_01716_,7.44µm
_02030_,7.44µm
_02047_,7.44µm
_03067_,7.44µm
_03224_,7.44µm
_03317_,7.44µm
_03953_,7.44µm
_04313_,7.44µm
_04681_,7.44µm
_04899_,7.44µm
_05009_,7.44µm
_05558_,7.44µm
_05930_,7.44µm
_06280_,7.44µm
_00084_,7.435µm
_05990_,7.435µm
_00131_,7.42µm
_00676_,7.42µm
_00707_,7.42µm
_00937_,7.42µm
_01011_,7.42µm
_02924_,7.42µm
_03314_,7.42µm
_03701_,7.42µm
_04054_,7.42µm
_04433_,7.42µm
_04751_,7.42µm
_05134_,7.42µm
_06185_,7.42µm
_06225_,7.42µm
_06340_,7.42µm
_06369_,7.42µm
_02669_,7.4µm
_02933_,7.4µm
_03342_,7.4µm
_03973_,7.4µm
_04476_,7.4µm
_04762_,7.4µm
_05248_,7.4µm
_01955_,7.395µm
_00666_,7.38µm
_02581_,7.38µm
_05892_,7.38µm
_03108_,7.37µm
_05501_,7.36µm
_05610_,7.36µm
_05703_,7.36µm
_06125_,7.36µm
wt_arr[21],7.35µm
_00252_,7.34µm
_01136_,7.34µm
_02325_,7.34µm
_02744_,7.34µm
_03883_,7.34µm
_05365_,7.34µm
_03220_,7.33µm
_00528_,7.32µm
_01493_,7.32µm
_02181_,7.32µm
_02567_,7.32µm
_02808_,7.32µm
_03106_,7.32µm
_03304_,7.32µm
_03419_,7.32µm
_03494_,7.32µm
_03577_,7.32µm
_03959_,7.32µm
_04015_,7.32µm
_04291_,7.32µm
_04848_,7.32µm
_04931_,7.32µm
_05088_,7.32µm
_05267_,7.32µm
_05722_,7.32µm
_05812_,7.32µm
_06195_,7.32µm
_02380_,7.3µm
_03195_,7.3µm
_03286_,7.3µm
_04737_,7.3µm
_04805_,7.3µm
wt_arr[13],7.3µm
_02941_,7.295µm
_02138_,7.29µm
_00521_,7.28µm
_00724_,7.28µm
_02087_,7.28µm
_02114_,7.28µm
_04301_,7.28µm
_04380_,7.28µm
_05251_,7.28µm
_05315_,7.28µm
_05406_,7.28µm
_06042_,7.28µm
_03443_,7.27µm
_02606_,7.26µm
_02876_,7.26µm
_00731_,7.24µm
_01754_,7.24µm
_02262_,7.24µm
_03307_,7.24µm
_04357_,7.24µm
_05486_,7.24µm
_05564_,7.23µm
_04480_,7.225µm
_00956_,7.22µm
_01570_,7.22µm
_01881_,7.22µm
_02303_,7.22µm
_02514_,7.22µm
_02755_,7.22µm
_05262_,7.22µm
_05377_,7.22µm
_05552_,7.22µm
_05757_,7.22µm
_05797_,7.22µm
mac_acc_in3\[99\],7.22µm
_04930_,7.205µm
_00741_,7.2µm
_01203_,7.2µm
_02134_,7.2µm
_02673_,7.2µm
_03311_,7.2µm
_03779_,7.2µm
_04916_,7.2µm
_05841_,7.2µm
_06033_,7.2µm
_06178_,7.2µm
_06214_,7.2µm
_00362_,7.185µm
_00621_,7.18µm
_01909_,7.18µm
_02162_,7.18µm
_02178_,7.18µm
_02272_,7.18µm
_02552_,7.18µm
_02727_,7.18µm
_02793_,7.18µm
_03005_,7.18µm
_03115_,7.18µm
_03689_,7.18µm
_04246_,7.18µm
_05011_,7.18µm
_05458_,7.18µm
mac_acc_out3\[3\],7.18µm
mac_wt_in2\[26\],7.18µm
wt_arr[18],7.18µm
_04778_,7.17µm
_02829_,7.16µm
_03321_,7.16µm
_05557_,7.16µm
_06094_,7.16µm
acc_out[82],7.15µm
_00028_,7.145µm
_04552_,7.125µm
_04949_,7.125µm
_00822_,7.12µm
_01485_,7.12µm
_02726_,7.12µm
_02878_,7.12µm
_03699_,7.12µm
_03875_,7.12µm
_04171_,7.12µm
_05099_,7.12µm
_05515_,7.12µm
_05796_,7.12µm
_06187_,7.12µm
_06303_,7.12µm
net29,7.12µm
_00512_,7.1µm
_00675_,7.1µm
_00689_,7.1µm
_00802_,7.1µm
_00833_,7.1µm
_01134_,7.1µm
_01547_,7.1µm
_02146_,7.1µm
_02775_,7.1µm
_02942_,7.1µm
_03145_,7.1µm
_03560_,7.1µm
_03840_,7.1µm
_03947_,7.1µm
_04603_,7.1µm
_04815_,7.1µm
_05234_,7.1µm
_05368_,7.1µm
_05407_,7.1µm
_05747_,7.1µm
_05914_,7.1µm
_06279_,7.1µm
_06284_,7.1µm
_06334_,7.1µm
mac_acc_in2\[10\],7.1µm
_02065_,7.095µm
_02001_,7.08µm
_02463_,7.08µm
_03274_,7.08µm
_03587_,7.08µm
_03664_,7.08µm
_04341_,7.08µm
_04429_,7.08µm
_04660_,7.08µm
_05332_,7.08µm
_05542_,7.08µm
_05545_,7.08µm
_05674_,7.08µm
_06015_,7.08µm
_06162_,7.08µm
_06169_,7.08µm
_00547_,7.06µm
_01516_,7.06µm
_01596_,7.06µm
_01657_,7.06µm
_01723_,7.06µm
_02086_,7.06µm
_02155_,7.06µm
_02275_,7.06µm
_03813_,7.06µm
_03908_,7.06µm
_04146_,7.06µm
_04280_,7.06µm
_04423_,7.06µm
_04519_,7.06µm
_05195_,7.06µm
_05227_,7.06µm
_05668_,7.06µm
_06024_,7.06µm
_06132_,7.06µm
_06381_,7.06µm
mac_acc_in1\[8\],7.06µm
net91,7.06µm
_00112_,7.055µm
_00358_,7.045µm
_01925_,7.04µm
_02997_,7.02µm
net723,7.01µm
data_arr[16],7.01µm
_00264_,7µm
_00508_,7µm
_00857_,7µm
_00944_,7µm
_03023_,7µm
_04362_,7µm
_05421_,7µm
_06276_,7µm
_04858_,6.99µm
_05117_,6.99µm
_00177_,6.985µm
_00280_,6.985µm
net753,6.985µm
_00671_,6.98µm
_00855_,6.98µm
_01820_,6.98µm
_02197_,6.98µm
_02417_,6.98µm
_02907_,6.98µm
_02967_,6.98µm
_02989_,6.98µm
_03496_,6.98µm
_03598_,6.98µm
_03710_,6.98µm
_03944_,6.98µm
_04065_,6.98µm
_04206_,6.98µm
_04569_,6.98µm
_05030_,6.98µm
_05188_,6.98µm
_05252_,6.98µm
_05573_,6.98µm
_05641_,6.98µm
_05697_,6.98µm
_05811_,6.98µm
_06131_,6.98µm
_06378_,6.98µm
mac_acc_in3\[66\],6.98µm
_00283_,6.975µm
_06362_,6.97µm
_00314_,6.96µm
_00924_,6.96µm
_01338_,6.96µm
_01794_,6.96µm
_05357_,6.96µm
_05541_,6.96µm
_06107_,6.96µm
_06189_,6.96µm
_02283_,6.945µm
_01095_,6.94µm
_02402_,6.94µm
_02816_,6.94µm
_02834_,6.94µm
_04458_,6.94µm
_04584_,6.94µm
_05152_,6.94µm
_05734_,6.94µm
_05966_,6.94µm
_06191_,6.94µm
_06285_,6.94µm
_04631_,6.93µm
_00988_,6.92µm
_05884_,6.91µm
_03398_,6.9µm
net843,6.9µm
_00207_,6.885µm
_00297_,6.885µm
_00389_,6.885µm
net767,6.885µm
_00472_,6.88µm
_01124_,6.88µm
_01578_,6.88µm
_01640_,6.88µm
_01974_,6.88µm
_02856_,6.88µm
_02958_,6.88µm
_03376_,6.88µm
_04708_,6.88µm
mac_acc_in3\[69\],6.88µm
_03241_,6.87µm
_05951_,6.87µm
_00592_,6.86µm
_00603_,6.86µm
_00638_,6.86µm
_01591_,6.86µm
_01793_,6.86µm
_01983_,6.86µm
_02004_,6.86µm
_02115_,6.86µm
_02159_,6.86µm
_02294_,6.86µm
_02369_,6.86µm
_02940_,6.86µm
_03069_,6.86µm
_03749_,6.86µm
_03980_,6.86µm
_04027_,6.86µm
_04203_,6.86µm
_04208_,6.86µm
_05174_,6.86µm
_05179_,6.86µm
_05375_,6.86µm
_05551_,6.86µm
_05798_,6.86µm
_05856_,6.86µm
_06028_,6.86µm
mac_data_in1\[28\],6.86µm
_01451_,6.84µm
_01651_,6.84µm
_03454_,6.84µm
_04227_,6.84µm
_06055_,6.84µm
mac_wt_in1\[12\],6.84µm
_03399_,6.835µm
_00728_,6.82µm
_01677_,6.82µm
_04090_,6.82µm
_05413_,6.82µm
_05633_,6.82µm
_00977_,6.78µm
_00979_,6.78µm
_03725_,6.78µm
_03967_,6.78µm
_04890_,6.78µm
_05687_,6.78µm
_05792_,6.78µm
_06070_,6.78µm
_06192_,6.78µm
_00664_,6.76µm
_01036_,6.76µm
_01056_,6.76µm
_02016_,6.76µm
_02701_,6.76µm
_02934_,6.76µm
_03347_,6.76µm
_03597_,6.76µm
_04898_,6.76µm
_04912_,6.76µm
_05817_,6.76µm
_06038_,6.76µm
_01034_,6.74µm
_01210_,6.74µm
_01335_,6.74µm
_01622_,6.74µm
_03011_,6.74µm
_03833_,6.74µm
_04401_,6.74µm
_05339_,6.74µm
_05370_,6.74µm
_06219_,6.74µm
mac_acc_in2\[96\],6.74µm
_02411_,6.72µm
_02703_,6.72µm
_02728_,6.72µm
_03576_,6.72µm
_04576_,6.72µm
_06029_,6.72µm
_06148_,6.72µm
data_arr[9],6.72µm
mac_acc_out3\[11\],6.72µm
mac_acc_out3\[32\],6.72µm
mac_acc_out3\[50\],6.72µm
mac_acc_out3\[97\],6.72µm
mac_acc_out3\[99\],6.72µm
net60,6.72µm
_04634_,6.71µm
_01460_,6.7µm
_02796_,6.7µm
_03038_,6.7µm
_00435_,6.685µm
acc_out[109],6.67µm
acc_out[37],6.67µm
acc_out[38],6.67µm
acc_out[76],6.67µm
acc_out[78],6.67µm
data_arr[22],6.67µm
_00663_,6.66µm
_01486_,6.66µm
_01848_,6.66µm
_01918_,6.66µm
_02533_,6.66µm
_03046_,6.66µm
_04106_,6.66µm
_04365_,6.66µm
_05638_,6.66µm
_06081_,6.66µm
data_arr[14],6.65µm
_00540_,6.64µm
_00699_,6.64µm
_00769_,6.64µm
_00865_,6.64µm
_01214_,6.64µm
_01293_,6.64µm
_01298_,6.64µm
_01706_,6.64µm
_02164_,6.64µm
_02603_,6.64µm
_02893_,6.64µm
_03312_,6.64µm
_03493_,6.64µm
_03556_,6.64µm
_03589_,6.64µm
_03954_,6.64µm
_04102_,6.64µm
_04653_,6.64µm
_04939_,6.64µm
_04963_,6.64µm
_04972_,6.64µm
_05058_,6.64µm
_05081_,6.64µm
_05209_,6.64µm
_05327_,6.64µm
_05333_,6.64µm
_05516_,6.64µm
_05723_,6.64µm
_05760_,6.64µm
_05786_,6.64µm
_06325_,6.64µm
_06328_,6.64µm
_06384_,6.64µm
mac_acc_in2\[65\],6.64µm
mac_acc_in3\[102\],6.64µm
net828,6.64µm
_00807_,6.62µm
_01063_,6.62µm
_01931_,6.62µm
_01938_,6.62µm
_02869_,6.62µm
_03154_,6.62µm
_03291_,6.62µm
_03348_,6.62µm
_03657_,6.62µm
_03804_,6.62µm
_00288_,6.605µm
_01047_,6.6µm
_01156_,6.6µm
_01592_,6.6µm
_01704_,6.6µm
_01797_,6.6µm
_01929_,6.6µm
_02286_,6.6µm
_02388_,6.6µm
_02441_,6.6µm
_02529_,6.6µm
_02551_,6.6µm
_02588_,6.6µm
_02837_,6.6µm
_03337_,6.6µm
_03585_,6.6µm
_03793_,6.6µm
_04001_,6.6µm
_04160_,6.6µm
_04262_,6.6µm
_04324_,6.6µm
_04809_,6.6µm
_05197_,6.6µm
_05635_,6.6µm
_05692_,6.6µm
_05725_,6.6µm
_05865_,6.6µm
_05948_,6.6µm
_06248_,6.6µm
mac_wt_in1\[28\],6.6µm
net138,6.6µm
net150,6.6µm
net151,6.6µm
_00326_,6.585µm
_03439_,6.58µm
_04997_,6.58µm
_05300_,6.58µm
data_arr[4],6.57µm
_00337_,6.565µm
_01413_,6.56µm
_05805_,6.55µm
_05913_,6.55µm
_00137_,6.54µm
_00263_,6.54µm
_00390_,6.54µm
_00480_,6.54µm
_01514_,6.54µm
_02760_,6.54µm
_03528_,6.54µm
_04077_,6.54µm
_04511_,6.54µm
_04742_,6.54µm
_04759_,6.54µm
_04799_,6.54µm
_05776_,6.54µm
_00378_,6.525µm
_04554_,6.525µm
_01235_,6.52µm
_01378_,6.52µm
_01404_,6.52µm
_01487_,6.52µm
_01624_,6.52µm
_01872_,6.52µm
_02018_,6.52µm
_02245_,6.52µm
_02549_,6.52µm
_02572_,6.52µm
_02693_,6.52µm
_02835_,6.52µm
_03179_,6.52µm
_03333_,6.52µm
_03455_,6.52µm
_04098_,6.52µm
_04444_,6.52µm
_04530_,6.52µm
_04559_,6.52µm
_04598_,6.52µm
_05384_,6.52µm
_05431_,6.52µm
_05898_,6.52µm
_05921_,6.52µm
_06304_,6.52µm
_06352_,6.52µm
_02082_,6.51µm
_00653_,6.5µm
_01337_,6.5µm
_01986_,6.5µm
_03340_,6.5µm
_05119_,6.5µm
_03763_,6.49µm
_00233_,6.485µm
_00640_,6.48µm
_01167_,6.48µm
_03554_,6.48µm
_04247_,6.48µm
_05074_,6.48µm
_05331_,6.48µm
_05334_,6.48µm
_05440_,6.48µm
_05662_,6.48µm
_00345_,6.465µm
_04925_,6.44µm
net740,6.43µm
net727,6.43µm
data_arr[15],6.43µm
data_arr[18],6.43µm
net769,6.425µm
net799,6.425µm
_04671_,6.42µm
_05073_,6.42µm
_00910_,6.4µm
_00975_,6.4µm
_01103_,6.4µm
_01201_,6.4µm
_01248_,6.4µm
_01336_,6.4µm
_01784_,6.4µm
_01904_,6.4µm
_02364_,6.4µm
_02431_,6.4µm
_02634_,6.4µm
_03099_,6.4µm
_03185_,6.4µm
_03189_,6.4µm
_03238_,6.4µm
_03325_,6.4µm
_03361_,6.4µm
_03421_,6.4µm
_03582_,6.4µm
_03643_,6.4µm
_03644_,6.4µm
_03648_,6.4µm
_03745_,6.4µm
_04342_,6.4µm
_04493_,6.4µm
_04608_,6.4µm
_04688_,6.4µm
_04771_,6.4µm
_04886_,6.4µm
_05196_,6.4µm
_05326_,6.4µm
_05455_,6.4µm
_05607_,6.4µm
_05643_,6.4µm
_05852_,6.4µm
_06017_,6.4µm
_06020_,6.4µm
_06110_,6.4µm
_06212_,6.4µm
_06213_,6.4µm
_06246_,6.4µm
_06254_,6.4µm
_06305_,6.4µm
_03734_,6.38µm
mac_wt_in2\[27\],6.38µm
_00202_,6.365µm
_00923_,6.36µm
_01129_,6.36µm
_05026_,6.36µm
_03523_,6.34µm
_05544_,6.33µm
_00710_,6.32µm
_01239_,6.32µm
_02023_,6.32µm
_02421_,6.32µm
_03280_,6.32µm
_03520_,6.32µm
_03826_,6.32µm
_04242_,6.32µm
_04282_,6.32µm
_04318_,6.32µm
_04396_,6.32µm
_04837_,6.32µm
_04840_,6.32µm
mac_acc_out3\[9\],6.32µm
net759,6.305µm
_00527_,6.3µm
_00700_,6.3µm
_00869_,6.3µm
_00880_,6.3µm
_01045_,6.3µm
_01158_,6.3µm
_01634_,6.3µm
_02543_,6.3µm
_02798_,6.3µm
_03622_,6.3µm
_05453_,6.3µm
_05799_,6.3µm
_06098_,6.3µm
_06180_,6.3µm
_06196_,6.3µm
_00238_,6.285µm
_04068_,6.285µm
_00800_,6.28µm
_01322_,6.28µm
_01508_,6.28µm
_01619_,6.28µm
_01867_,6.28µm
_02054_,6.28µm
_02094_,6.28µm
_02270_,6.28µm
_02313_,6.28µm
_02375_,6.28µm
_03371_,6.28µm
_03796_,6.28µm
_04432_,6.28µm
_04764_,6.28µm
_05137_,6.28µm
_05190_,6.28µm
_05307_,6.28µm
_05656_,6.28µm
_05894_,6.28µm
_06135_,6.28µm
_06202_,6.28µm
mac_acc_in2\[35\],6.28µm
mac_acc_in3\[97\],6.28µm
_00103_,6.265µm
_00503_,6.265µm
net797,6.265µm
_00872_,6.26µm
_01086_,6.26µm
_01330_,6.26µm
_01350_,6.26µm
_01444_,6.26µm
_02994_,6.26µm
_03087_,6.26µm
_03155_,6.26µm
_03790_,6.26µm
_03995_,6.26µm
_04006_,6.26µm
_04612_,6.26µm
_05306_,6.26µm
_05471_,6.26µm
_05630_,6.26µm
_05855_,6.26µm
mac_acc_in1\[37\],6.26µm
mac_acc_out3\[105\],6.26µm
mac_acc_out3\[37\],6.26µm
mac_acc_out3\[45\],6.26µm
mac_acc_out3\[76\],6.26µm
mac_acc_out3\[80\],6.26µm
mac_wt_in3\[14\],6.26µm
net78,6.26µm
_01442_,6.255µm
_06287_,6.255µm
_01222_,6.24µm
_03297_,6.24µm
_04485_,6.24µm
_05879_,6.24µm
_02050_,6.235µm
net700,6.23µm
net713,6.23µm
_00215_,6.225µm
_00293_,6.225µm
_00437_,6.225µm
_00463_,6.225µm
_00964_,6.22µm
_02405_,6.22µm
_02430_,6.205µm
_01484_,6.2µm
_02432_,6.2µm
_03102_,6.2µm
_03131_,6.2µm
_03510_,6.2µm
_03539_,6.2µm
_03632_,6.2µm
_03998_,6.2µm
_05821_,6.2µm
_05939_,6.2µm
net31,6.2µm
_01091_,6.195µm
_00533_,6.18µm
_00843_,6.18µm
_00878_,6.18µm
_00981_,6.18µm
_01022_,6.18µm
_01521_,6.18µm
_01687_,6.18µm
_01958_,6.18µm
_02145_,6.18µm
_02213_,6.18µm
_02507_,6.18µm
_02681_,6.18µm
_02697_,6.18µm
_02830_,6.18µm
_03037_,6.18µm
_03228_,6.18µm
_03363_,6.18µm
_03543_,6.18µm
_03720_,6.18µm
_03856_,6.18µm
_03955_,6.18µm
_03975_,6.18µm
_04177_,6.18µm
_04422_,6.18µm
_04437_,6.18µm
_04800_,6.18µm
_04983_,6.18µm
_05110_,6.18µm
_05144_,6.18µm
_00425_,6.165µm
_01340_,6.16µm
_01837_,6.16µm
_03512_,6.16µm
_03679_,6.16µm
_03877_,6.16µm
_04765_,6.16µm
_06160_,6.16µm
_06175_,6.16µm
_00618_,6.14µm
_00693_,6.14µm
_00738_,6.14µm
_00766_,6.14µm
_00776_,6.14µm
_00811_,6.14µm
_01285_,6.14µm
_01666_,6.14µm
_01965_,6.14µm
_01977_,6.14µm
_02435_,6.14µm
_02713_,6.14µm
_02734_,6.14µm
_02752_,6.14µm
_02953_,6.14µm
_02957_,6.14µm
_03293_,6.14µm
_03384_,6.14µm
_03669_,6.14µm
_03891_,6.14µm
_04746_,6.14µm
_05712_,6.14µm
_05925_,6.14µm
_05961_,6.14µm
_06001_,6.14µm
mac_wt_in2\[12\],6.14µm
net83,6.14µm
net107,6.14µm
net108,6.14µm
net110,6.14µm
net837,6.14µm
_00686_,6.12µm
_00496_,6.1µm
_05199_,6.1µm
_02915_,6.09µm
_00424_,6.08µm
_03147_,6.08µm
_03934_,6.08µm
_04125_,6.08µm
_04633_,6.08µm
_05748_,6.08µm
_06318_,6.08µm
_00086_,6.065µm
_00149_,6.065µm
_00531_,6.06µm
_00652_,6.06µm
_01110_,6.06µm
_01275_,6.06µm
_01598_,6.06µm
_01839_,6.06µm
_01913_,6.06µm
_02127_,6.06µm
_02156_,6.06µm
_02866_,6.06µm
_03341_,6.06µm
_03353_,6.06µm
_03432_,6.06µm
_03485_,6.06µm
_04182_,6.06µm
_04187_,6.06µm
_04205_,6.06µm
_04833_,6.06µm
_05399_,6.06µm
_05510_,6.06µm
_06126_,6.06µm
_06257_,6.06µm
mac_acc_in1\[11\],6.06µm
mac_acc_in3\[74\],6.06µm
_00237_,6.04µm
_00486_,6.04µm
_02898_,6.04µm
_04550_,6.04µm
_04856_,6.04µm
_05281_,6.04µm
_05482_,6.04µm
_05982_,6.04µm
_06134_,6.04µm
_02556_,6.02µm
_03165_,6.02µm
_04300_,6.02µm
_05491_,6.02µm
_00223_,6.005µm
acc_out[102],5.99µm
acc_out[108],5.99µm
acc_out[39],5.99µm
acc_out[72],5.99µm
data_arr[19],5.99µm
_03542_,5.98µm
_06392_,5.98µm
_06193_,5.975µm
net736,5.97µm
net722,5.97µm
net729,5.97µm
data_arr[20],5.97µm
net786,5.965µm
net812,5.965µm
_01542_,5.96µm
_01743_,5.96µm
_02842_,5.96µm
_03675_,5.96µm
_04017_,5.96µm
_05481_,5.96µm
_00101_,5.945µm
_05902_,5.945µm
_00563_,5.94µm
_00570_,5.94µm
_00726_,5.94µm
_00799_,5.94µm
_01057_,5.94µm
_01371_,5.94µm
_01553_,5.94µm
_01767_,5.94µm
_01783_,5.94µm
_01935_,5.94µm
_02110_,5.94µm
_02179_,5.94µm
_02187_,5.94µm
_02904_,5.94µm
_03049_,5.94µm
_03058_,5.94µm
_03078_,5.94µm
_03139_,5.94µm
_03236_,5.94µm
_03260_,5.94µm
_03575_,5.94µm
_03709_,5.94µm
_04371_,5.94µm
_04940_,5.94µm
_05164_,5.94µm
_05405_,5.94µm
_05416_,5.94µm
_05605_,5.94µm
_05904_,5.94µm
_06323_,5.94µm
mac_acc_in3\[42\],5.94µm
_02019_,5.92µm
_03839_,5.92µm
_05487_,5.92µm
_06036_,5.92µm
data_arr[17],5.92µm
wt_arr[8],5.92µm
_00091_,5.885µm
_01282_,5.875µm
_00620_,5.86µm
_01309_,5.86µm
_01717_,5.86µm
_02807_,5.86µm
_03751_,5.86µm
_03801_,5.86µm
_03873_,5.86µm
_04958_,5.86µm
_05597_,5.86µm
_05836_,5.86µm
_05912_,5.86µm
_01390_,5.84µm
_01761_,5.84µm
_01951_,5.84µm
_01971_,5.84µm
_03346_,5.84µm
_04002_,5.84µm
_04093_,5.84µm
_04094_,5.84µm
_04438_,5.84µm
_04933_,5.84µm
_05079_,5.84µm
_05386_,5.84µm
_05507_,5.84µm
_05941_,5.84µm
mac_acc_in1\[12\],5.84µm
mac_acc_out3\[8\],5.84µm
net43,5.84µm
_02870_,5.83µm
_04968_,5.83µm
_01053_,5.82µm
_01923_,5.82µm
_02269_,5.82µm
_02317_,5.82µm
_02420_,5.82µm
_02530_,5.82µm
_03386_,5.82µm
_03752_,5.82µm
_03859_,5.82µm
_04092_,5.82µm
_04101_,5.82µm
_04231_,5.82µm
_04581_,5.82µm
_04891_,5.82µm
_05146_,5.82µm
_05249_,5.82µm
_05338_,5.82µm
_05651_,5.82µm
_06343_,5.82µm
net827,5.82µm
_00269_,5.805µm
_00316_,5.805µm
_00940_,5.8µm
_01477_,5.8µm
_01581_,5.8µm
_01672_,5.8µm
_02182_,5.8µm
_02745_,5.8µm
_02964_,5.8µm
_04162_,5.8µm
_04478_,5.8µm
_05517_,5.8µm
_05826_,5.8µm
_05860_,5.8µm
_05977_,5.8µm
_06109_,5.8µm
_06177_,5.8µm
mac_acc_in1\[74\],5.8µm
mac_acc_out3\[44\],5.8µm
mac_acc_out3\[71\],5.8µm
net56,5.8µm
net742,5.77µm
_00158_,5.765µm
_00247_,5.765µm
net738,5.75µm
net710,5.75µm
net721,5.75µm
net724,5.75µm
_00363_,5.74µm
_00813_,5.74µm
_00905_,5.74µm
_01246_,5.74µm
_01659_,5.74µm
_02486_,5.74µm
_02583_,5.74µm
_03073_,5.74µm
_03394_,5.74µm
_04207_,5.74µm
_04611_,5.74µm
_05184_,5.74µm
_05244_,5.74µm
_06205_,5.74µm
mac_acc_in1\[107\],5.74µm
_00094_,5.725µm
_00414_,5.725µm
_00511_,5.72µm
_00513_,5.72µm
_00544_,5.72µm
_00585_,5.72µm
_00643_,5.72µm
_00828_,5.72µm
_01002_,5.72µm
_01408_,5.72µm
_01538_,5.72µm
_01546_,5.72µm
_01949_,5.72µm
_02120_,5.72µm
_02227_,5.72µm
_02252_,5.72µm
_02290_,5.72µm
_02577_,5.72µm
_02647_,5.72µm
_02882_,5.72µm
_03457_,5.72µm
_03927_,5.72µm
_04014_,5.72µm
_04086_,5.72µm
_04165_,5.72µm
_04549_,5.72µm
_05006_,5.72µm
_05221_,5.72µm
_05523_,5.72µm
_05525_,5.72µm
_05978_,5.72µm
mac_acc_in1\[106\],5.72µm
_00083_,5.715µm
_01626_,5.7µm
_04441_,5.7µm
_04702_,5.7µm
_04806_,5.7µm
_05583_,5.7µm
_06147_,5.7µm
_00582_,5.68µm
_00597_,5.68µm
_00650_,5.68µm
_00829_,5.68µm
_02381_,5.68µm
_02476_,5.68µm
_02629_,5.68µm
_02800_,5.68µm
_03105_,5.68µm
_03180_,5.68µm
_03478_,5.68µm
_03868_,5.68µm
_04188_,5.68µm
_04644_,5.68µm
_04834_,5.68µm
_05415_,5.68µm
_00301_,5.665µm
acc_out[103],5.65µm
acc_out[74],5.65µm
_05208_,5.64µm
_00534_,5.62µm
_00986_,5.62µm
_02000_,5.62µm
_02715_,5.62µm
_02921_,5.62µm
_03718_,5.62µm
_00208_,5.605µm
_00514_,5.6µm
_00779_,5.6µm
_00812_,5.6µm
_01528_,5.6µm
_01554_,5.6µm
_01725_,5.6µm
_01954_,5.6µm
_02719_,5.6µm
_03148_,5.6µm
_04310_,5.6µm
_04720_,5.6µm
_05204_,5.6µm
_05503_,5.6µm
_05729_,5.6µm
_05995_,5.6µm
_06003_,5.6µm
_06005_,5.6µm
_06211_,5.6µm
_06366_,5.6µm
_00070_,5.58µm
_00134_,5.58µm
_01915_,5.58µm
_02211_,5.58µm
_02244_,5.58µm
control,5.58µm
_01280_,5.56µm
_01813_,5.56µm
_02966_,5.56µm
_03036_,5.56µm
_03217_,5.56µm
_04946_,5.56µm
_05035_,5.56µm
_05666_,5.56µm
_06232_,5.56µm
_03729_,5.555µm
_00209_,5.545µm
net760,5.545µm
_04814_,5.525µm
_01360_,5.52µm
_01475_,5.52µm
_02832_,5.52µm
_04539_,5.52µm
_00166_,5.505µm
_01181_,5.5µm
_00607_,5.48µm
_00702_,5.48µm
_01243_,5.48µm
_01398_,5.48µm
_01496_,5.48µm
_01562_,5.48µm
_01590_,5.48µm
_01600_,5.48µm
_01993_,5.48µm
_02062_,5.48µm
_02165_,5.48µm
_02292_,5.48µm
_02296_,5.48µm
_02309_,5.48µm
_02630_,5.48µm
_02691_,5.48µm
_02746_,5.48µm
_03508_,5.48µm
_03568_,5.48µm
_03571_,5.48µm
_03773_,5.48µm
_03835_,5.48µm
_03862_,5.48µm
_03874_,5.48µm
_03907_,5.48µm
_03929_,5.48µm
_04528_,5.48µm
_04574_,5.48µm
_04654_,5.48µm
_04725_,5.48µm
_04791_,5.48µm
_04839_,5.48µm
_05049_,5.48µm
_05080_,5.48µm
_05096_,5.48µm
_05813_,5.48µm
_05870_,5.48µm
_06249_,5.48µm
_00241_,5.465µm
_00482_,5.465µm
_02192_,5.46µm
_02598_,5.46µm
data_arr[13],5.46µm
_00159_,5.435µm
_01494_,5.43µm
_01374_,5.4µm
_01391_,5.4µm
_01838_,5.4µm
_01854_,5.4µm
_01865_,5.4µm
_01908_,5.4µm
_01942_,5.4µm
_02265_,5.4µm
_02536_,5.4µm
_03193_,5.4µm
_03318_,5.4µm
_04705_,5.4µm
_04910_,5.4µm
_04970_,5.4µm
_05094_,5.4µm
_05235_,5.4µm
_00698_,5.38µm
_01805_,5.38µm
_02238_,5.38µm
_02240_,5.38µm
_02737_,5.38µm
_02862_,5.38µm
_02927_,5.38µm
_03186_,5.38µm
_03313_,5.38µm
_04454_,5.38µm
_04477_,5.38µm
_04679_,5.38µm
_05280_,5.38µm
_05609_,5.38µm
_06121_,5.38µm
_06391_,5.38µm
mac_acc_in1\[35\],5.38µm
net69,5.38µm
net70,5.38µm
net71,5.38µm
net75,5.38µm
net97,5.38µm
net99,5.38µm
net100,5.38µm
net102,5.38µm
net118,5.38µm
net123,5.38µm
net124,5.38µm
net127,5.38µm
_00744_,5.37µm
_03002_,5.365µm
net768,5.365µm
_00578_,5.36µm
_00939_,5.36µm
_01032_,5.36µm
_01040_,5.36µm
_01229_,5.36µm
_02692_,5.36µm
_02696_,5.36µm
_03544_,5.36µm
_03881_,5.36µm
_04413_,5.36µm
_04566_,5.36µm
_04831_,5.36µm
_05260_,5.36µm
_05340_,5.36µm
_05348_,5.36µm
_05432_,5.36µm
_05475_,5.36µm
net824,5.36µm
_00274_,5.345µm
_00948_,5.34µm
_01308_,5.34µm
_01522_,5.34µm
_01588_,5.34µm
_02002_,5.34µm
_02316_,5.34µm
_02334_,5.34µm
_02991_,5.34µm
_03082_,5.34µm
_03263_,5.34µm
_03653_,5.34µm
_03702_,5.34µm
_03784_,5.34µm
_03894_,5.34µm
_04585_,5.34µm
_05669_,5.34µm
_05765_,5.34µm
_05834_,5.34µm
net35,5.34µm
net62,5.34µm
_00067_,5.315µm
_00133_,5.315µm
_03265_,5.31µm
acc_out[104],5.31µm
acc_out[36],5.31µm
acc_out[41],5.31µm
acc_out[67],5.31µm
acc_out[69],5.31µm
acc_out[70],5.31µm
acc_out[73],5.31µm
acc_out[75],5.31µm
acc_out[77],5.31µm
acc_out[81],5.31µm
_00059_,5.305µm
_00305_,5.305µm
_00319_,5.305µm
_00364_,5.305µm
_04296_,5.29µm
net705,5.29µm
net709,5.29µm
net719,5.29µm
net720,5.29µm
net734,5.29µm
_01132_,5.28µm
_01303_,5.28µm
_01760_,5.28µm
_01802_,5.28µm
_02304_,5.28µm
_02366_,5.28µm
_02396_,5.28µm
_03212_,5.28µm
_03389_,5.28µm
_03814_,5.28µm
_03890_,5.28µm
_04488_,5.28µm
_05038_,5.28µm
_05085_,5.28µm
_05295_,5.28µm
_06282_,5.28µm
_06314_,5.28µm
mac_acc_in2\[13\],5.28µm
mac_wt_in2\[30\],5.28µm
net28,5.28µm
_00044_,5.265µm
_00256_,5.265µm
_00267_,5.265µm
_00432_,5.265µm
_00912_,5.26µm
_00983_,5.26µm
_01008_,5.26µm
_01117_,5.26µm
_01292_,5.26µm
_01321_,5.26µm
_01394_,5.26µm
_01395_,5.26µm
_01792_,5.26µm
_01845_,5.26µm
_02064_,5.26µm
_02308_,5.26µm
_02444_,5.26µm
_03017_,5.26µm
_03183_,5.26µm
_03218_,5.26µm
_03565_,5.26µm
_03621_,5.26µm
_03721_,5.26µm
_03805_,5.26µm
_03912_,5.26µm
_03919_,5.26µm
_04019_,5.26µm
_04258_,5.26µm
_04260_,5.26µm
_04388_,5.26µm
_04404_,5.26µm
_04604_,5.26µm
_04718_,5.26µm
_05239_,5.26µm
_05258_,5.26µm
_05505_,5.26µm
_05577_,5.26µm
_05663_,5.26µm
_05827_,5.26µm
_06137_,5.26µm
mac_acc_in1\[98\],5.26µm
mac_wt_in1\[7\],5.26µm
mac_wt_in3\[18\],5.26µm
net104,5.26µm
net105,5.26µm
net117,5.26µm
_04673_,5.25µm
_00493_,5.245µm
_01001_,5.24µm
_02259_,5.24µm
_02338_,5.24µm
_02615_,5.24µm
_03564_,5.24µm
_03818_,5.24µm
_05777_,5.24µm
_06270_,5.24µm
_03948_,5.235µm
_00737_,5.22µm
_01218_,5.22µm
_01245_,5.22µm
_01426_,5.22µm
_01517_,5.22µm
_01518_,5.22µm
_01534_,5.22µm
_01874_,5.22µm
_02021_,5.22µm
_02061_,5.22µm
_02225_,5.22µm
_02288_,5.22µm
_02379_,5.22µm
_02465_,5.22µm
_02602_,5.22µm
_02700_,5.22µm
_03359_,5.22µm
_04055_,5.22µm
_04649_,5.22µm
_04888_,5.22µm
_05330_,5.22µm
_05851_,5.22µm
_05854_,5.22µm
_06061_,5.22µm
net85,5.22µm
_03671_,5.18µm
_00275_,5.16µm
_00279_,5.16µm
_00318_,5.16µm
_00442_,5.16µm
_02414_,5.16µm
_02489_,5.16µm
_04076_,5.16µm
_04934_,5.16µm
_05429_,5.16µm
_00611_,5.14µm
_01055_,5.14µm
_01327_,5.14µm
_01691_,5.14µm
_02506_,5.14µm
_02617_,5.14µm
_03085_,5.14µm
_03199_,5.14µm
_03607_,5.14µm
_04411_,5.14µm
_04496_,5.14µm
_04565_,5.14µm
_04715_,5.14µm
_05223_,5.14µm
_05325_,5.14µm
_05506_,5.14µm
_05620_,5.14µm
_05647_,5.14µm
_05833_,5.14µm
_05869_,5.14µm
mac_acc_in2\[66\],5.14µm
mac_acc_in3\[8\],5.14µm
_00428_,5.125µm
_01714_,5.12µm
net45,5.12µm
_02611_,5.115µm
_03151_,5.1µm
_04156_,5.1µm
_05411_,5.1µm
_00065_,5.095µm
_00132_,5.095µm
_00199_,5.095µm
net775,5.095µm
_00078_,5.085µm
_00195_,5.085µm
_00232_,5.085µm
net732,5.07µm
_01636_,5.06µm
_03583_,5.06µm
_00188_,5.045µm
_00419_,5.045µm
_00433_,5.045µm
net777,5.045µm
_00430_,5.04µm
_01449_,5.04µm
_03284_,5.04µm
_03397_,5.025µm
_00579_,5.02µm
_00701_,5.02µm
_00877_,5.02µm
_01568_,5.02µm
_01722_,5.02µm
_02353_,5.02µm
_02954_,5.02µm
_03024_,5.02µm
_03080_,5.02µm
_03113_,5.02µm
_03123_,5.02µm
_03349_,5.02µm
_03420_,5.02µm
_03610_,5.02µm
_03655_,5.02µm
_03905_,5.02µm
_03918_,5.02µm
_04058_,5.02µm
_04623_,5.02µm
_04783_,5.02µm
_05612_,5.02µm
_05726_,5.02µm
_05895_,5.02µm
_05908_,5.02µm
_06009_,5.02µm
_06085_,5.02µm
_06124_,5.02µm
_06229_,5.02µm
_06240_,5.02µm
_02263_,5.015µm
_02160_,5µm
_02484_,5µm
_01934_,4.995µm
_00957_,4.98µm
_01078_,4.98µm
net796,4.975µm
net733,4.95µm
_00695_,4.94µm
_00862_,4.94µm
_01884_,4.94µm
_02190_,4.94µm
_02537_,4.94µm
_02633_,4.94µm
_02698_,4.94µm
_03652_,4.94µm
_03691_,4.94µm
_03780_,4.94µm
_03976_,4.94µm
_04440_,4.94µm
_04769_,4.94µm
_04908_,4.94µm
_05631_,4.94µm
_00519_,4.92µm
_00752_,4.92µm
_00968_,4.92µm
_00973_,4.92µm
_01283_,4.92µm
_01370_,4.92µm
_02358_,4.92µm
_02483_,4.92µm
_02689_,4.92µm
_03028_,4.92µm
_03136_,4.92µm
_03207_,4.92µm
_03642_,4.92µm
_03932_,4.92µm
_03999_,4.92µm
_04445_,4.92µm
_04492_,4.92µm
_04760_,4.92µm
_05264_,4.92µm
_05319_,4.92µm
_05383_,4.92µm
_05508_,4.92µm
_05528_,4.92µm
_02066_,4.91µm
_04107_,4.91µm
_00438_,4.905µm
_00780_,4.9µm
_01609_,4.9µm
_01729_,4.9µm
_03198_,4.9µm
_04005_,4.9µm
_04794_,4.9µm
_04994_,4.9µm
_05379_,4.9µm
_05553_,4.9µm
_06021_,4.9µm
_00244_,4.885µm
_00302_,4.885µm
_00304_,4.885µm
_00312_,4.885µm
_00342_,4.885µm
_00347_,4.885µm
_00902_,4.88µm
_01033_,4.88µm
_01080_,4.88µm
_01458_,4.88µm
_01471_,4.88µm
_01665_,4.88µm
_01819_,4.88µm
_02979_,4.88µm
_03077_,4.88µm
_03081_,4.88µm
_03323_,4.88µm
_03412_,4.88µm
_03864_,4.88µm
_03991_,4.88µm
_04355_,4.88µm
_04505_,4.88µm
_05095_,4.88µm
_05580_,4.88µm
_05696_,4.88µm
_05890_,4.88µm
_06048_,4.88µm
_06316_,4.88µm
_00008_,4.845µm
_00088_,4.845µm
_00253_,4.845µm
_00259_,4.845µm
net776,4.845µm
net787,4.845µm
net790,4.845µm
_01003_,4.84µm
_00708_,4.83µm
_00765_,4.82µm
_00917_,4.82µm
_00931_,4.82µm
_01362_,4.82µm
_01499_,4.82µm
_01709_,4.82µm
_01825_,4.82µm
_02535_,4.82µm
_02831_,4.82µm
_03366_,4.82µm
_03649_,4.82µm
_04424_,4.82µm
_04808_,4.82µm
_06293_,4.82µm
_00873_,4.805µm
_00564_,4.8µm
_00844_,4.8µm
_01139_,4.8µm
_01183_,4.8µm
_01328_,4.8µm
_01625_,4.8µm
_01630_,4.8µm
_01850_,4.8µm
_02126_,4.8µm
_02170_,4.8µm
_02175_,4.8µm
_02220_,4.8µm
_02503_,4.8µm
_02846_,4.8µm
_03025_,4.8µm
_03162_,4.8µm
_03326_,4.8µm
_03591_,4.8µm
_03678_,4.8µm
_03931_,4.8µm
_04212_,4.8µm
_04269_,4.8µm
_04373_,4.8µm
_04378_,4.8µm
_04451_,4.8µm
_04501_,4.8µm
_04869_,4.8µm
_04905_,4.8µm
_05259_,4.8µm
_05274_,4.8µm
_05933_,4.8µm
_05967_,4.8µm
_06299_,4.8µm
_06374_,4.8µm
mac_wt_in1\[8\],4.8µm
mac_wt_in3\[21\],4.8µm
mac_wt_in3\[30\],4.8µm
net111,4.8µm
_00370_,4.785µm
_01637_,4.78µm
_01855_,4.78µm
_02345_,4.78µm
_02561_,4.78µm
_03550_,4.78µm
_03871_,4.78µm
_03716_,4.77µm
_00681_,4.76µm
_01437_,4.76µm
_01447_,4.76µm
_01822_,4.76µm
_01940_,4.76µm
_03137_,4.76µm
_04873_,4.76µm
_05549_,4.76µm
mac_wt_in3\[25\],4.76µm
net90,4.76µm
net115,4.76µm
net128,4.76µm
net130,4.76µm
net698,4.73µm
net758,4.725µm
_00266_,4.7µm
_00306_,4.7µm
_00471_,4.7µm
_00575_,4.7µm
_01702_,4.7µm
_03164_,4.7µm
net38,4.7µm
net813,4.7µm
_02545_,4.69µm
_00816_,4.68µm
_00850_,4.68µm
_01483_,4.68µm
_02154_,4.68µm
_02896_,4.68µm
_02903_,4.68µm
_03027_,4.68µm
_03174_,4.68µm
_03724_,4.68µm
_04118_,4.68µm
_04170_,4.68µm
_04498_,4.68µm
_04572_,4.68µm
_04657_,4.68µm
_04878_,4.68µm
_05598_,4.68µm
_05960_,4.68µm
mac_acc_in3\[43\],4.68µm
mac_acc_in3\[96\],4.68µm
mac_wt_in3\[23\],4.68µm
_04787_,4.67µm
_01179_,4.66µm
_01611_,4.66µm
_02576_,4.66µm
_03608_,4.66µm
_04078_,4.66µm
_04138_,4.66µm
_05186_,4.66µm
net63,4.66µm
_03946_,4.655µm
_04356_,4.635µm
_00144_,4.625µm
net784,4.625µm
net739,4.61µm
net745,4.61µm
net747,4.61µm
net697,4.61µm
net701,4.61µm
net703,4.61µm
net704,4.61µm
net707,4.61µm
net708,4.61µm
net716,4.61µm
net728,4.61µm
_01054_,4.6µm
_02337_,4.6µm
_02348_,4.6µm
_05849_,4.6µm
net830,4.6µm
_05603_,4.59µm
_00145_,4.585µm
_00234_,4.585µm
_01841_,4.58µm
_02527_,4.58µm
_03983_,4.58µm
_05710_,4.58µm
_00888_,4.56µm
_01106_,4.56µm
_01264_,4.56µm
_01631_,4.56µm
_01773_,4.56µm
_01843_,4.56µm
_01941_,4.56µm
_02058_,4.56µm
_02232_,4.56µm
_02525_,4.56µm
_03249_,4.56µm
_03698_,4.56µm
_03945_,4.56µm
_04506_,4.56µm
_04521_,4.56µm
_04986_,4.56µm
_05093_,4.56µm
_05105_,4.56µm
_05964_,4.56µm
_06136_,4.56µm
_06312_,4.56µm
_00498_,4.545µm
_01526_,4.54µm
_05447_,4.54µm
_03703_,4.49µm
_04428_,4.485µm
_00727_,4.48µm
_01174_,4.48µm
_01297_,4.48µm
_01412_,4.48µm
_01653_,4.48µm
_01769_,4.48µm
_02013_,4.48µm
_02108_,4.48µm
_02566_,4.48µm
_02770_,4.48µm
_02947_,4.48µm
_03970_,4.48µm
_04490_,4.48µm
_05014_,4.48µm
_05392_,4.48µm
_05706_,4.48µm
mac_acc_out3\[98\],4.48µm
net36,4.48µm
net59,4.48µm
_00762_,4.46µm
_01169_,4.46µm
_01260_,4.46µm
_02148_,4.46µm
_02174_,4.46µm
_02410_,4.46µm
_02466_,4.46µm
_02512_,4.46µm
_02637_,4.46µm
_03388_,4.46µm
_03754_,4.46µm
_04142_,4.46µm
_04183_,4.46µm
_04193_,4.46µm
_04277_,4.46µm
_04328_,4.46µm
_04392_,4.46µm
_05053_,4.46µm
_05145_,4.46µm
_05343_,4.46µm
_05356_,4.46µm
_05862_,4.46µm
_06281_,4.46µm
_06372_,4.46µm
mac_acc_in2\[11\],4.46µm
_03331_,4.455µm
_00783_,4.44µm
_00967_,4.44µm
_01613_,4.44µm
_02376_,4.44µm
_03112_,4.44µm
_03612_,4.44µm
_03741_,4.44µm
_03879_,4.44µm
_04509_,4.44µm
_05160_,4.44µm
_05436_,4.44µm
_05563_,4.44µm
_06034_,4.44µm
_06308_,4.44µm
mac_acc_out3\[68\],4.44µm
_00369_,4.425µm
_00605_,4.42µm
_01257_,4.42µm
_01956_,4.42µm
_02401_,4.42µm
_03125_,4.42µm
_03861_,4.42µm
_04993_,4.42µm
_05062_,4.42µm
_05350_,4.42µm
_05538_,4.42µm
net116,4.42µm
net131,4.42µm
net134,4.42µm
net737,4.39µm
net699,4.39µm
net702,4.39µm
net714,4.39µm
net715,4.39µm
net717,4.39µm
_00072_,4.385µm
_00095_,4.385µm
_00217_,4.385µm
_00367_,4.385µm
net761,4.385µm
net788,4.385µm
net804,4.385µm
_00282_,4.36µm
_00320_,4.36µm
_01286_,4.36µm
_02460_,4.36µm
_02733_,4.36µm
_02840_,4.36µm
_03019_,4.36µm
_03239_,4.36µm
_03322_,4.36µm
_03378_,4.36µm
_03838_,4.36µm
_04070_,4.36µm
_04796_,4.36µm
_05213_,4.36µm
_05936_,4.36µm
_00281_,4.34µm
_00538_,4.34µm
_00565_,4.34µm
_00749_,4.34µm
_00824_,4.34µm
_00887_,4.34µm
_01052_,4.34µm
_01065_,4.34µm
_01225_,4.34µm
_01301_,4.34µm
_01393_,4.34µm
_01660_,4.34µm
_01814_,4.34µm
_01917_,4.34µm
_02034_,4.34µm
_02037_,4.34µm
_02079_,4.34µm
_02312_,4.34µm
_02426_,4.34µm
_02502_,4.34µm
_02610_,4.34µm
_02785_,4.34µm
_03187_,4.34µm
_03379_,4.34µm
_03911_,4.34µm
_04099_,4.34µm
_04421_,4.34µm
_04450_,4.34µm
_04691_,4.34µm
_04745_,4.34µm
_04803_,4.34µm
_04825_,4.34µm
_04903_,4.34µm
_05050_,4.34µm
_05424_,4.34µm
_05608_,4.34µm
_05759_,4.34µm
_05848_,4.34µm
_05949_,4.34µm
_06031_,4.34µm
_06043_,4.34µm
mac_acc_in3\[40\],4.34µm
mac_data_in2\[7\],4.34µm
net84,4.34µm
_05587_,4.335µm
_00571_,4.32µm
_04841_,4.32µm
_05448_,4.31µm
net765,4.265µm
_00171_,4.24µm
_00276_,4.24µm
_00870_,4.24µm
_03532_,4.24µm
_05124_,4.24µm
mac_acc_in3\[33\],4.24µm
_00725_,4.22µm
_01143_,4.22µm
_01148_,4.22µm
_01563_,4.22µm
_01575_,4.22µm
_01693_,4.22µm
_01718_,4.22µm
_01777_,4.22µm
_03163_,4.22µm
_03616_,4.22µm
_03690_,4.22µm
_04069_,4.22µm
_04818_,4.22µm
_04962_,4.22µm
_05539_,4.22µm
_05660_,4.22µm
_05801_,4.22µm
_05803_,4.22µm
_05864_,4.22µm
_05886_,4.22µm
_05893_,4.22µm
_06176_,4.22µm
_06198_,4.22µm
mac_acc_in1\[102\],4.22µm
net6,4.22µm
net81,4.22µm
_05169_,4.21µm
_00808_,4.2µm
_01798_,4.2µm
_02073_,4.2µm
_02910_,4.2µm
_03362_,4.2µm
_03866_,4.2µm
_04173_,4.195µm
_00639_,4.18µm
_00156_,4.165µm
net781,4.165µm
_01319_,4.14µm
_01834_,4.14µm
_02039_,4.14µm
_04153_,4.14µm
_05291_,4.14µm
_00191_,4.125µm
_00222_,4.125µm
_03516_,4.12µm
_05500_,4.12µm
mac_wt_in1\[25\],4.12µm
mac_wt_in2\[6\],4.12µm
_01345_,4.11µm
_01044_,4.105µm
_00572_,4.1µm
_01987_,4.1µm
_02097_,4.1µm
_03308_,4.1µm
_03800_,4.1µm
_04278_,4.1µm
_04389_,4.1µm
_04615_,4.1µm
_04734_,4.1µm
_04775_,4.1µm
_05136_,4.1µm
_05623_,4.1µm
_06105_,4.1µm
_06138_,4.1µm
_01267_,4.08µm
_01699_,4.08µm
_03350_,4.08µm
_03659_,4.08µm
_04075_,4.08µm
_04398_,4.08µm
mac_wt_in2\[2\],4.08µm
_00357_,4.02µm
_00583_,4.02µm
_00722_,4.02µm
_00734_,4.02µm
_01061_,4.02µm
_01454_,4.02µm
_01543_,4.02µm
_01751_,4.02µm
_01967_,4.02µm
_03120_,4.02µm
_03213_,4.02µm
_03445_,4.02µm
_03459_,4.02µm
_03593_,4.02µm
_04684_,4.02µm
_04810_,4.02µm
_05284_,4.02µm
_05302_,4.02µm
_06359_,4.02µm
mac_data_in2\[18\],4.02µm
net47,4.02µm
net831,4.02µm
_00510_,4µm
_00590_,4µm
_00773_,4µm
_00841_,4µm
_00909_,4µm
_01230_,4µm
_01359_,4µm
_01703_,4µm
_01747_,4µm
_01785_,4µm
_02223_,4µm
_02243_,4µm
_02267_,4µm
_02406_,4µm
_02461_,4µm
_02538_,4µm
_02571_,4µm
_02621_,4µm
_02769_,4µm
_02918_,4µm
_03298_,4µm
_03369_,4µm
_03483_,4µm
_03538_,4µm
_03882_,4µm
_04222_,4µm
_04418_,4µm
_04823_,4µm
_05374_,4µm
_05454_,4µm
_05991_,4µm
mac_acc_in2\[12\],4µm
mac_acc_in2\[16\],4µm
mac_acc_in3\[16\],4µm
mac_acc_in3\[47\],4µm
mac_acc_out3\[113\],4µm
mac_acc_out3\[18\],4µm
_00427_,3.985µm
_00584_,3.98µm
_01450_,3.98µm
_02372_,3.98µm
_02998_,3.98µm
_03830_,3.98µm
_03870_,3.98µm
_03899_,3.98µm
_04128_,3.98µm
_04622_,3.98µm
_04896_,3.98µm
_05229_,3.98µm
net785,3.975µm
_00501_,3.965µm
_00041_,3.925µm
_00210_,3.925µm
net752,3.925µm
net762,3.925µm
net770,3.925µm
net793,3.925µm
net794,3.925µm
net806,3.925µm
net810,3.925µm
_00245_,3.92µm
_00409_,3.92µm
_00754_,3.9µm
_00892_,3.9µm
_01353_,3.9µm
_01799_,3.9µm
_03203_,3.9µm
_03771_,3.9µm
_03960_,3.9µm
_04596_,3.9µm
_04877_,3.9µm
_04941_,3.9µm
_00561_,3.88µm
_00589_,3.88µm
_00602_,3.88µm
_00969_,3.88µm
_01024_,3.88µm
_01130_,3.88µm
_01137_,3.88µm
_01277_,3.88µm
_01295_,3.88µm
_01349_,3.88µm
_01364_,3.88µm
_01428_,3.88µm
_01510_,3.88µm
_01654_,3.88µm
_01807_,3.88µm
_02006_,3.88µm
_02196_,3.88µm
_02204_,3.88µm
_02214_,3.88µm
_02385_,3.88µm
_02451_,3.88µm
_02570_,3.88µm
_02623_,3.88µm
_02730_,3.88µm
_02772_,3.88µm
_02962_,3.88µm
_03522_,3.88µm
_03586_,3.88µm
_03624_,3.88µm
_03858_,3.88µm
_03936_,3.88µm
_03969_,3.88µm
_04066_,3.88µm
_04067_,3.88µm
_04264_,3.88µm
_04316_,3.88µm
_04484_,3.88µm
_04589_,3.88µm
_04885_,3.88µm
_04906_,3.88µm
_04979_,3.88µm
_04987_,3.88µm
_05022_,3.88µm
_05133_,3.88µm
_05205_,3.88µm
_05216_,3.88µm
_05451_,3.88µm
_05591_,3.88µm
_05615_,3.88µm
_05654_,3.88µm
_05938_,3.88µm
_05950_,3.88µm
_05994_,3.88µm
_06188_,3.88µm
_06358_,3.88µm
_06360_,3.88µm
mac_wt_in1\[9\],3.88µm
mac_wt_in2\[19\],3.88µm
mac_wt_in3\[15\],3.88µm
net92,3.88µm
net96,3.88µm
net135,3.88µm
_00344_,3.865µm
_00402_,3.865µm
_00874_,3.86µm
_02685_,3.86µm
_00127_,3.78µm
_00792_,3.78µm
_02392_,3.78µm
_02518_,3.78µm
_02528_,3.78µm
_02801_,3.78µm
_03807_,3.78µm
_05968_,3.78µm
_00798_,3.76µm
_01209_,3.76µm
_01639_,3.76µm
_02216_,3.76µm
_02459_,3.76µm
_03215_,3.76µm
_03296_,3.76µm
_03357_,3.76µm
_03909_,3.76µm
_03923_,3.76µm
_04189_,3.76µm
_04714_,3.76µm
_05427_,3.76µm
_05494_,3.76µm
_05828_,3.76µm
_05911_,3.76µm
_06083_,3.76µm
_06113_,3.76µm
_06250_,3.76µm
_06376_,3.76µm
_02845_,3.74µm
_00976_,3.72µm
_00073_,3.705µm
_00289_,3.705µm
net751,3.705µm
net754,3.705µm
net791,3.705µm
net792,3.705µm
_00669_,3.69µm
_00136_,3.685µm
_00272_,3.685µm
_01608_,3.68µm
_03448_,3.68µm
_03715_,3.68µm
_04252_,3.68µm
_04717_,3.68µm
_06380_,3.68µm
_01749_,3.66µm
_02413_,3.66µm
_04131_,3.66µm
_04157_,3.66µm
_05092_,3.66µm
_05138_,3.66µm
_05488_,3.66µm
_05945_,3.66µm
u_MAC34.mac_weight\[1\],3.66µm
_02462_,3.64µm
_02774_,3.64µm
_03893_,3.64µm
_03904_,3.64µm
_04826_,3.64µm
_05956_,3.64µm
mac_acc_in1\[79\],3.64µm
_01656_,3.635µm
_01997_,3.62µm
_00148_,3.585µm
_01531_,3.56µm
_01690_,3.56µm
_03020_,3.56µm
_03086_,3.56µm
_03368_,3.56µm
_03418_,3.56µm
_03470_,3.56µm
_04062_,3.56µm
_04271_,3.56µm
_04276_,3.56µm
_04346_,3.56µm
_04945_,3.56µm
_05149_,3.56µm
_05224_,3.56µm
_06004_,3.56µm
_06006_,3.56µm
_06104_,3.56µm
mac_acc_out3\[110\],3.56µm
mac_acc_out3\[1\],3.56µm
mac_acc_out3\[7\],3.56µm
net51,3.56µm
net52,3.56µm
_00720_,3.54µm
_01005_,3.54µm
_01025_,3.54µm
_01513_,3.54µm
_01781_,3.54µm
_02330_,3.54µm
_02688_,3.54µm
_02738_,3.54µm
_02902_,3.54µm
_02930_,3.54µm
_03041_,3.54µm
_03352_,3.54µm
_03383_,3.54µm
_03517_,3.54µm
_03878_,3.54µm
_04821_,3.54µm
_05130_,3.54µm
_05322_,3.54µm
_05807_,3.54µm
_05969_,3.54µm
_06146_,3.54µm
mac_acc_in3\[48\],3.54µm
mac_acc_out3\[109\],3.54µm
mac_acc_out3\[73\],3.54µm
mac_acc_out3\[82\],3.54µm
net133,3.54µm
net835,3.54µm
_00294_,3.525µm
_00325_,3.525µm
_00408_,3.525µm
_00476_,3.525µm
_00723_,3.52µm
_01476_,3.52µm
_03434_,3.52µm
_03645_,3.52µm
_04957_,3.52µm
_05846_,3.52µm
_00180_,3.515µm
_00135_,3.505µm
_00449_,3.505µm
_01039_,3.5µm
_00105_,3.465µm
_00152_,3.465µm
_00170_,3.465µm
_00193_,3.465µm
_00200_,3.465µm
_00350_,3.465µm
_00429_,3.46µm
_00619_,3.44µm
_02144_,3.44µm
_02865_,3.44µm
_02868_,3.44µm
_02897_,3.44µm
_03884_,3.44µm
_03997_,3.44µm
_04021_,3.44µm
_04383_,3.44µm
mac_acc_in1\[97\],3.44µm
mac_wt_in2\[3\],3.44µm
_00580_,3.42µm
_00623_,3.42µm
_00688_,3.42µm
_00739_,3.42µm
_00959_,3.42µm
_01064_,3.42µm
_01405_,3.42µm
_01409_,3.42µm
_01417_,3.42µm
_02008_,3.42µm
_02201_,3.42µm
_02230_,3.42µm
_02297_,3.42µm
_02332_,3.42µm
_02526_,3.42µm
_02740_,3.42µm
_03200_,3.42µm
_03233_,3.42µm
_03660_,3.42µm
_03681_,3.42µm
_03750_,3.42µm
_03785_,3.42µm
_03869_,3.42µm
_04270_,3.42µm
_04587_,3.42µm
_04656_,3.42µm
_04784_,3.42µm
_04813_,3.42µm
_05020_,3.42µm
_05141_,3.42µm
_05185_,3.42µm
_05410_,3.42µm
_05548_,3.42µm
_05579_,3.42µm
_05672_,3.42µm
_05711_,3.42µm
_06051_,3.42µm
_06186_,3.42µm
_06309_,3.42µm
_06332_,3.42µm
_06388_,3.42µm
mac_wt_in1\[22\],3.42µm
net73,3.42µm
net74,3.42µm
net106,3.42µm
_01645_,3.4µm
_00010_,3.345µm
_00499_,3.34µm
_00062_,3.32µm
_00204_,3.32µm
_00295_,3.32µm
_00991_,3.32µm
_01786_,3.32µm
_02863_,3.32µm
_05127_,3.32µm
_01261_,3.3µm
_02277_,3.3µm
_02773_,3.3µm
_03795_,3.3µm
_04793_,3.3µm
_04974_,3.3µm
_05820_,3.3µm
_03638_,3.29µm
_00025_,3.245µm
_00029_,3.245µm
_00043_,3.245µm
_00113_,3.245µm
net756,3.245µm
net757,3.245µm
net766,3.245µm
net771,3.245µm
net780,3.245µm
net795,3.245µm
net798,3.245µm
net800,3.245µm
net801,3.245µm
net802,3.245µm
net803,3.245µm
_00111_,3.225µm
_00201_,3.225µm
_00810_,3.22µm
_01263_,3.22µm
_01791_,3.22µm
_02642_,3.22µm
_05534_,3.22µm
_05814_,3.22µm
net46,3.22µm
_01489_,3.2µm
_02595_,3.2µm
_03258_,3.2µm
_05086_,3.2µm
_05417_,3.2µm
_05745_,3.2µm
u_MAC44.mac_weight\[1\],3.2µm
net7,3.2µm
_03684_,3.19µm
_02101_,3.18µm
_02248_,3.18µm
_02427_,3.18µm
_03491_,3.18µm
_04344_,3.18µm
_04469_,3.18µm
_04507_,3.18µm
_05155_,3.18µm
_05727_,3.18µm
_05980_,3.18µm
_01434_,3.16µm
_01272_,3.14µm
_05361_,3.135µm
_01004_,3.11µm
_01030_,3.1µm
_01223_,3.1µm
_01379_,3.1µm
_01433_,3.1µm
_01467_,3.1µm
_01572_,3.1µm
_01686_,3.1µm
_01853_,3.1µm
_02007_,3.1µm
_02200_,3.1µm
_02293_,3.1µm
_02363_,3.1µm
_02457_,3.1µm
_02472_,3.1µm
_02961_,3.1µm
_02988_,3.1µm
_03054_,3.1µm
_03074_,3.1µm
_03791_,3.1µm
_04132_,3.1µm
_04568_,3.1µm
_04827_,3.1µm
_05165_,3.1µm
_05245_,3.1µm
_05986_,3.1µm
_06203_,3.1µm
_06367_,3.1µm
mac_acc_in2\[48\],3.1µm
mac_acc_out3\[79\],3.1µm
net61,3.1µm
net826,3.1µm
_00895_,3.08µm
_01227_,3.08µm
_01306_,3.08µm
_01396_,3.08µm
_01894_,3.08µm
_02035_,3.08µm
_02053_,3.08µm
_02143_,3.08µm
_02210_,3.08µm
_02340_,3.08µm
_02491_,3.08µm
_02517_,3.08µm
_02663_,3.08µm
_02795_,3.08µm
_03633_,3.08µm
_03637_,3.08µm
_03707_,3.08µm
_03831_,3.08µm
_03902_,3.08µm
_03949_,3.08µm
_04061_,3.08µm
_04349_,3.08µm
_04482_,3.08µm
_04567_,3.08µm
_04830_,3.08µm
_04894_,3.08µm
_05060_,3.08µm
_05102_,3.08µm
_05106_,3.08µm
_05183_,3.08µm
_05294_,3.08µm
_05576_,3.08µm
_05825_,3.08µm
_06346_,3.08µm
_06371_,3.08µm
mac_acc_in3\[49\],3.08µm
mac_acc_out3\[102\],3.08µm
mac_acc_out3\[108\],3.08µm
mac_acc_out3\[10\],3.08µm
mac_acc_out3\[15\],3.08µm
mac_acc_out3\[16\],3.08µm
mac_acc_out3\[38\],3.08µm
mac_acc_out3\[39\],3.08µm
mac_acc_out3\[40\],3.08µm
mac_acc_out3\[48\],3.08µm
mac_acc_out3\[5\],3.08µm
mac_acc_out3\[6\],3.08µm
mac_acc_out3\[70\],3.08µm
mac_wt_in1\[23\],3.08µm
mac_wt_in2\[14\],3.08µm
_00349_,3.075µm
_02433_,3.06µm
_00087_,3.055µm
_00009_,3.045µm
_00165_,3.045µm
_00260_,3.045µm
net808,3.045µm
_00030_,3.005µm
_00090_,3.005µm
_00123_,3.005µm
_00323_,3.005µm
_01701_,2.98µm
_01727_,2.98µm
_01746_,2.98µm
_01824_,2.98µm
_02103_,2.98µm
_03762_,2.98µm
_05400_,2.98µm
mac_acc_in1\[109\],2.98µm
_00505_,2.96µm
_00586_,2.96µm
_00617_,2.96µm
_00678_,2.96µm
_00742_,2.96µm
_00760_,2.96µm
_00832_,2.96µm
_00922_,2.96µm
_01351_,2.96µm
_01616_,2.96µm
_01758_,2.96µm
_01812_,2.96µm
_01816_,2.96µm
_01916_,2.96µm
_01926_,2.96µm
_02256_,2.96µm
_02344_,2.96µm
_02377_,2.96µm
_02597_,2.96µm
_03032_,2.96µm
_03267_,2.96µm
_03640_,2.96µm
_03726_,2.96µm
_03744_,2.96µm
_03916_,2.96µm
_04039_,2.96µm
_04169_,2.96µm
_04293_,2.96µm
_04795_,2.96µm
_04954_,2.96µm
_04976_,2.96µm
_04985_,2.96µm
_05159_,2.96µm
_05168_,2.96µm
_05222_,2.96µm
_05271_,2.96µm
_05509_,2.96µm
_05840_,2.96µm
_05993_,2.96µm
_06086_,2.96µm
_06091_,2.96µm
_06210_,2.96µm
_06387_,2.96µm
mac_acc_in2\[34\],2.96µm
mac_wt_in3\[22\],2.96µm
net101,2.96µm
net141,2.96µm
net846,2.96µm
_00322_,2.945µm
_00431_,2.945µm
_00434_,2.945µm
_00436_,2.945µm
_00102_,2.925µm
net750,2.885µm
net755,2.885µm
_00218_,2.88µm
_01006_,2.87µm
_00089_,2.86µm
_00093_,2.86µm
_00109_,2.86µm
_00110_,2.86µm
_00121_,2.86µm
_00122_,2.86µm
_00178_,2.86µm
_00190_,2.86µm
_00192_,2.86µm
_00379_,2.86µm
_00404_,2.86µm
_00406_,2.86µm
_01403_,2.86µm
_01644_,2.86µm
_01649_,2.86µm
_02090_,2.86µm
_02106_,2.86µm
_02273_,2.86µm
_02661_,2.86µm
_02172_,2.84µm
_02594_,2.84µm
_03039_,2.84µm
_03507_,2.84µm
_04051_,2.84µm
_04393_,2.84µm
_05782_,2.84µm
_06097_,2.84µm
_05198_,2.82µm
_00061_,2.785µm
_00146_,2.785µm
_00407_,2.785µm
_00466_,2.785µm
_00477_,2.785µm
net805,2.785µm
net819,2.785µm
_00860_,2.76µm
_03941_,2.76µm
_04315_,2.76µm
_05676_,2.76µm
_05809_,2.76µm
_06013_,2.76µm
_00703_,2.74µm
_01421_,2.74µm
_02748_,2.74µm
_02850_,2.74µm
_05057_,2.74µm
_05599_,2.74µm
mac_wt_in2\[16\],2.74µm
_02092_,2.72µm
_03450_,2.72µm
_04573_,2.72µm
_05217_,2.72µm
_00150_,2.715µm
_00169_,2.715µm
net764,2.715µm
_04387_,2.7µm
_05665_,2.67µm
_00595_,2.64µm
_01035_,2.64µm
_01038_,2.64µm
_01331_,2.64µm
_01430_,2.64µm
_02794_,2.64µm
_03235_,2.64µm
_04049_,2.64µm
_04400_,2.64µm
_04449_,2.64µm
_04495_,2.64µm
_04541_,2.64µm
_04701_,2.64µm
_04901_,2.64µm
_05464_,2.64µm
_05768_,2.64µm
_06171_,2.64µm
mac_acc_out3\[112\],2.64µm
mac_acc_out3\[64\],2.64µm
_00651_,2.62µm
_00846_,2.62µm
_00992_,2.62µm
_01334_,2.62µm
_01407_,2.62µm
_01425_,2.62µm
_01661_,2.62µm
_02137_,2.62µm
_02152_,2.62µm
_02233_,2.62µm
_02291_,2.62µm
_02456_,2.62µm
_02493_,2.62µm
_03329_,2.62µm
_03748_,2.62µm
_03850_,2.62µm
_03978_,2.62µm
_04071_,2.62µm
_04403_,2.62µm
_04465_,2.62µm
_04514_,2.62µm
_04544_,2.62µm
_05282_,2.62µm
_05309_,2.62µm
_05310_,2.62µm
_05394_,2.62µm
_05457_,2.62µm
_05504_,2.62µm
_05570_,2.62µm
_05602_,2.62µm
_05650_,2.62µm
_05677_,2.62µm
_05699_,2.62µm
_05702_,2.62µm
_05791_,2.62µm
_05835_,2.62µm
_05859_,2.62µm
_06047_,2.62µm
_06072_,2.62µm
_06324_,2.62µm
_06386_,2.62µm
mac_acc_in2\[98\],2.62µm
mac_acc_out3\[43\],2.62µm
mac_acc_out3\[49\],2.62µm
mac_wt_in3\[28\],2.62µm
net54,2.62µm
_00250_,2.605µm
_00356_,2.605µm
_00359_,2.605µm
net807,2.605µm
_00216_,2.595µm
net763,2.595µm
_01470_,2.59µm
_00239_,2.585µm
_00255_,2.585µm
_00273_,2.585µm
_00439_,2.585µm
_00475_,2.585µm
_00012_,2.545µm
_00014_,2.545µm
_00027_,2.545µm
_00031_,2.545µm
_00042_,2.545µm
_00046_,2.545µm
_00058_,2.545µm
_00074_,2.545µm
_00092_,2.545µm
_00126_,2.545µm
_00151_,2.545µm
_00168_,2.545µm
_00194_,2.545µm
_00212_,2.545µm
_00221_,2.545µm
_00257_,2.545µm
_00474_,2.54µm
_00601_,2.52µm
_00641_,2.52µm
_00713_,2.52µm
_02099_,2.52µm
_02646_,2.52µm
_03261_,2.52µm
_03811_,2.52µm
_03849_,2.52µm
_05108_,2.52µm
_05466_,2.52µm
_05875_,2.52µm
_06228_,2.52µm
_06344_,2.52µm
mac_acc_in2\[97\],2.52µm
net137,2.52µm
_00660_,2.5µm
_00930_,2.5µm
_01667_,2.5µm
_01964_,2.5µm
_02048_,2.5µm
_02085_,2.5µm
_02091_,2.5µm
_02416_,2.5µm
_02419_,2.5µm
_02442_,2.5µm
_02591_,2.5µm
_02600_,2.5µm
_02665_,2.5µm
_02873_,2.5µm
_03119_,2.5µm
_03225_,2.5µm
_03300_,2.5µm
_03315_,2.5µm
_03430_,2.5µm
_03627_,2.5µm
_03697_,2.5µm
_03733_,2.5µm
_03974_,2.5µm
_04079_,2.5µm
_04167_,2.5µm
_04304_,2.5µm
_04311_,2.5µm
_04386_,2.5µm
_04601_,2.5µm
_04804_,2.5µm
_05172_,2.5µm
_05203_,2.5µm
_05210_,2.5µm
_05250_,2.5µm
_05398_,2.5µm
_05409_,2.5µm
_05529_,2.5µm
_05585_,2.5µm
_05637_,2.5µm
_05673_,2.5µm
_05788_,2.5µm
_06010_,2.5µm
_06037_,2.5µm
_06056_,2.5µm
_06151_,2.5µm
_06170_,2.5µm
_06321_,2.5µm
mac_wt_in1\[20\],2.5µm
mac_wt_in3\[24\],2.5µm
net68,2.5µm
net72,2.5µm
net77,2.5µm
net79,2.5µm
net86,2.5µm
net88,2.5µm
net89,2.5µm
net94,2.5µm
net109,2.5µm
net834,2.5µm
_00488_,2.495µm
_00120_,2.485µm
_01180_,2.48µm
_00897_,2.4µm
_01067_,2.4µm
_01744_,2.4µm
_02564_,2.4µm
_02676_,2.4µm
_04749_,2.4µm
_00068_,2.375µm
_00024_,2.325µm
_00060_,2.325µm
_00071_,2.325µm
_00196_,2.325µm
_00203_,2.325µm
_00206_,2.325µm
_00271_,2.325µm
_01512_,2.3µm
_01523_,2.3µm
_01795_,2.3µm
_02509_,2.3µm
_02607_,2.3µm
_02736_,2.3µm
_03076_,2.3µm
_03294_,2.3µm
_03579_,2.3µm
_04057_,2.3µm
_04267_,2.3µm
_04546_,2.3µm
_04618_,2.3µm
_04722_,2.3µm
_05206_,2.3µm
_05562_,2.3µm
_05919_,2.3µm
net832,2.3µm
_00775_,2.28µm
_00889_,2.28µm
_01316_,2.28µm
_03355_,2.28µm
_03606_,2.28µm
_04408_,2.28µm
_04744_,2.28µm
_06301_,2.28µm
mac_wt_in2\[24\],2.28µm
_00140_,2.255µm
_00211_,2.255µm
_00219_,2.255µm
_00235_,2.255µm
_00290_,2.255µm
_00576_,2.18µm
_00894_,2.18µm
_01015_,2.18µm
_01455_,2.18µm
_02088_,2.18µm
_02141_,2.18µm
_02438_,2.18µm
_02605_,2.18µm
_02791_,2.18µm
_02825_,2.18µm
_02923_,2.18µm
_02971_,2.18µm
_02973_,2.18µm
_02996_,2.18µm
_03129_,2.18µm
_03415_,2.18µm
_03427_,2.18µm
_03525_,2.18µm
_03666_,2.18µm
_03817_,2.18µm
_03853_,2.18µm
_04022_,2.18µm
_04191_,2.18µm
_04306_,2.18µm
_04472_,2.18µm
_04571_,2.18µm
_05467_,2.18µm
_05691_,2.18µm
_06016_,2.18µm
_06022_,2.18µm
_06182_,2.18µm
_06274_,2.18µm
_06339_,2.18µm
mac_acc_out3\[114\],2.18µm
mac_acc_out3\[65\],2.18µm
_00546_,2.16µm
_00654_,2.16µm
_00730_,2.16µm
_00997_,2.16µm
_01017_,2.16µm
_01307_,2.16µm
_01435_,2.16µm
_01736_,2.16µm
_01737_,2.16µm
_01742_,2.16µm
_01863_,2.16µm
_01907_,2.16µm
_01996_,2.16µm
_02070_,2.16µm
_02188_,2.16µm
_02198_,2.16µm
_02268_,2.16µm
_02276_,2.16µm
_02319_,2.16µm
_02351_,2.16µm
_02474_,2.16µm
_02496_,2.16µm
_02632_,2.16µm
_02886_,2.16µm
_02888_,2.16µm
_02960_,2.16µm
_02986_,2.16µm
_03172_,2.16µm
_03221_,2.16µm
_03601_,2.16µm
_03693_,2.16µm
_03808_,2.16µm
_03824_,2.16µm
_03841_,2.16µm
_03961_,2.16µm
_03986_,2.16µm
_04135_,2.16µm
_04211_,2.16µm
_04245_,2.16µm
_04377_,2.16µm
_04382_,2.16µm
_04390_,2.16µm
_04409_,2.16µm
_04431_,2.16µm
_04513_,2.16µm
_04642_,2.16µm
_04802_,2.16µm
_04824_,2.16µm
_04920_,2.16µm
_05034_,2.16µm
_05063_,2.16µm
_05123_,2.16µm
_05390_,2.16µm
_05459_,2.16µm
_05520_,2.16µm
_05559_,2.16µm
_05640_,2.16µm
_05806_,2.16µm
_05863_,2.16µm
_06079_,2.16µm
mac_acc_out3\[12\],2.16µm
mac_acc_out3\[2\],2.16µm
mac_acc_out3\[47\],2.16µm
mac_acc_out3\[4\],2.16µm
mac_acc_out3\[72\],2.16µm
net132,2.16µm
_00490_,2.145µm
net774,2.145µm
net779,2.145µm
net817,2.145µm
_00106_,2.125µm
_00124_,2.125µm
_00163_,2.125µm
_00164_,2.125µm
_00324_,2.125µm
_00338_,2.125µm
_00011_,2.085µm
_00075_,2.085µm
_00079_,2.085µm
_00138_,2.085µm
_00143_,2.085µm
_00157_,2.085µm
_00172_,2.085µm
_00185_,2.085µm
_00198_,2.085µm
_00220_,2.085µm
_00231_,2.085µm
_00355_,2.085µm
_00366_,2.085µm
_00481_,2.085µm
net811,2.085µm
_00662_,2.06µm
_00697_,2.06µm
_00735_,2.06µm
_00921_,2.06µm
_01311_,2.06µm
_01549_,2.06µm
_02059_,2.06µm
_02121_,2.06µm
_03272_,2.06µm
_03276_,2.06µm
_03687_,2.06µm
_03732_,2.06µm
_03820_,2.06µm
_04263_,2.06µm
_05698_,2.06µm
_05896_,2.06µm
_06099_,2.06µm
_06298_,2.06µm
mac_acc_in2\[99\],2.06µm
mac_acc_out3\[104\],2.06µm
mac_acc_out3\[35\],2.06µm
mac_acc_out3\[75\],2.06µm
_00838_,2.04µm
_00907_,2.04µm
_00989_,2.04µm
_01019_,2.04µm
_01558_,2.04µm
_01641_,2.04µm
_02051_,2.04µm
_02446_,2.04µm
_02687_,2.04µm
_03248_,2.04µm
_03252_,2.04µm
_03356_,2.04µm
_03377_,2.04µm
_03704_,2.04µm
_03782_,2.04µm
_03844_,2.04µm
_04063_,2.04µm
_04140_,2.04µm
_04164_,2.04µm
_04435_,2.04µm
_04752_,2.04µm
_04918_,2.04µm
_05068_,2.04µm
_05449_,2.04µm
_05646_,2.04µm
_05653_,2.04µm
_05732_,2.04µm
_05739_,2.04µm
_05832_,2.04µm
_06120_,2.04µm
mac_acc_in1\[34\],2.04µm
mac_wt_in3\[27\],2.04µm
mac_wt_in3\[9\],2.04µm
net87,2.04µm
net98,2.04µm
net112,2.04µm
net113,2.04µm
net114,2.04µm
net120,2.04µm
net122,2.04µm
net125,2.04µm
net129,2.04µm
_00085_,2.035µm
_00104_,2.025µm
_00125_,2.025µm
_00303_,2.025µm
_00365_,2.025µm
_01673_,1.94µm
_02788_,1.94µm
_05685_,1.94µm
mac_wt_in1\[0\],1.915µm
_02327_,1.91µm
_00013_,1.865µm
_00015_,1.865µm
_00056_,1.865µm
_00063_,1.865µm
_00077_,1.865µm
_00153_,1.865µm
_00175_,1.865µm
_00179_,1.865µm
_00186_,1.865µm
_00187_,1.865µm
_00197_,1.865µm
_00240_,1.865µm
_00296_,1.865µm
_00348_,1.865µm
_00394_,1.865µm
net773,1.865µm
net778,1.865µm
net809,1.865µm
net847,1.865µm
_01219_,1.84µm
_01271_,1.84µm
_01400_,1.84µm
_01420_,1.84µm
_01668_,1.84µm
_01696_,1.84µm
_02905_,1.84µm
_03683_,1.84µm
_03713_,1.84µm
_04352_,1.84µm
_04462_,1.84µm
_04517_,1.84µm
_04770_,1.84µm
_04872_,1.84µm
_04879_,1.84µm
_04913_,1.84µm
_05853_,1.84µm
_06040_,1.84µm
_06294_,1.84µm
_06327_,1.84µm
net5,1.84µm
_01096_,1.82µm
_02282_,1.82µm
_02820_,1.82µm
_02982_,1.82µm
_03211_,1.82µm
_05255_,1.82µm
_05716_,1.82µm
mac_data_in1\[15\],1.82µm
mac_wt_in3\[31\],1.82µm
net24,1.82µm
_00963_,1.72µm
_01960_,1.72µm
_02122_,1.72µm
_02532_,1.72µm
_02784_,1.72µm
_03048_,1.72µm
_03364_,1.72µm
_03662_,1.72µm
_03834_,1.72µm
_04636_,1.72µm
_04867_,1.72µm
_05347_,1.72µm
_05755_,1.72µm
_05971_,1.72µm
_06116_,1.72µm
mac_acc_out3\[67\],1.72µm
mac_acc_out3\[69\],1.72µm
mac_acc_out3\[74\],1.72µm
mac_data_in1\[19\],1.72µm
u_MAC44.mac_weight\[7\],1.72µm
_00646_,1.7µm
_00685_,1.7µm
_00883_,1.7µm
_01012_,1.7µm
_01060_,1.7µm
_01074_,1.7µm
_01120_,1.7µm
_01355_,1.7µm
_01397_,1.7µm
_01721_,1.7µm
_01765_,1.7µm
_01827_,1.7µm
_02142_,1.7µm
_02224_,1.7µm
_02357_,1.7µm
_02368_,1.7µm
_02482_,1.7µm
_02580_,1.7µm
_02627_,1.7µm
_02708_,1.7µm
_02782_,1.7µm
_02844_,1.7µm
_02890_,1.7µm
_02899_,1.7µm
_02920_,1.7µm
_03018_,1.7µm
_03094_,1.7µm
_03143_,1.7µm
_03190_,1.7µm
_03243_,1.7µm
_03391_,1.7µm
_03472_,1.7µm
_03777_,1.7µm
_03806_,1.7µm
_03895_,1.7µm
_03922_,1.7µm
_04105_,1.7µm
_04333_,1.7µm
_04610_,1.7µm
_04915_,1.7µm
_05018_,1.7µm
_05323_,1.7µm
_05422_,1.7µm
_05468_,1.7µm
_05614_,1.7µm
_05901_,1.7µm
_06000_,1.7µm
_06144_,1.7µm
mac_acc_out3\[0\],1.7µm
mac_wt_in3\[12\],1.7µm
net53,1.7µm
net76,1.7µm
net103,1.7µm
net119,1.7µm
net126,1.7µm
net829,1.7µm
net839,1.7µm
_00502_,1.685µm
net749,1.685µm
net772,1.685µm
_01629_,1.605µm
_02202_,1.6µm
_04045_,1.6µm
_05175_,1.6µm
_05193_,1.6µm
_06253_,1.6µm
_00040_,1.575µm
_00069_,1.575µm
_00100_,1.575µm
_00167_,1.575µm
_00176_,1.575µm
_02884_,1.48µm
_04126_,1.48µm
_04865_,1.48µm
_05288_,1.48µm
_06102_,1.48µm
_06268_,1.48µm
_00045_,1.405µm
_00076_,1.405µm
_00107_,1.405µm
_00108_,1.405µm
_00139_,1.405µm
_00141_,1.405µm
_00142_,1.405µm
_00155_,1.405µm
_00173_,1.405µm
_00174_,1.405µm
_00189_,1.405µm
_00213_,1.405µm
_00214_,1.405µm
_00453_,1.405µm
net783,1.405µm
_00610_,1.38µm
_01000_,1.38µm
_01119_,1.38µm
_01829_,1.38µm
_01906_,1.38µm
_02125_,1.38µm
_02158_,1.38µm
_02302_,1.38µm
_02573_,1.38µm
_03096_,1.38µm
_03169_,1.38µm
_03393_,1.38µm
_03436_,1.38µm
_03794_,1.38µm
_03828_,1.38µm
_04244_,1.38µm
_04395_,1.38µm
_04456_,1.38µm
_04500_,1.38µm
_04756_,1.38µm
_04761_,1.38µm
_04870_,1.38µm
_05211_,1.38µm
_05242_,1.38µm
_05279_,1.38µm
_05312_,1.38µm
_05337_,1.38µm
_05404_,1.38µm
_05565_,1.38µm
_05772_,1.38µm
_05958_,1.38µm
_06066_,1.38µm
_06154_,1.38µm
_06157_,1.38µm
_06288_,1.38µm
_01250_,1.36µm
_05178_,1.36µm
_05444_,1.36µm
_06235_,1.36µm
_06349_,1.36µm
_00613_,1.26µm
_00949_,1.26µm
_01208_,1.26µm
_01313_,1.26µm
_01713_,1.26µm
_01800_,1.26µm
_01804_,1.26µm
_02118_,1.26µm
_02207_,1.26µm
_02578_,1.26µm
_02582_,1.26µm
_02889_,1.26µm
_02969_,1.26µm
_03473_,1.26µm
_03629_,1.26µm
_04144_,1.26µm
_05438_,1.26µm
_05554_,1.26µm
_06069_,1.26µm
_06141_,1.26µm
mac_wt_in2\[31\],1.26µm
mac_wt_in3\[26\],1.26µm
_02707_,1.165µm
_00867_,1.14µm
_00901_,1.14µm
_00919_,1.14µm
_01679_,1.14µm
_01682_,1.14µm
_02135_,1.14µm
_03282_,1.14µm
_03590_,1.14µm
_03964_,1.14µm
_04690_,1.14µm
_04733_,1.14µm
_04780_,1.14µm
_05433_,1.14µm
_05595_,1.14µm
_05822_,1.14µm
mac_wt_in1\[10\],1.14µm
mac_wt_in1\[11\],1.14µm
mac_wt_in1\[13\],1.14µm
mac_wt_in2\[29\],1.14µm
net66,1.14µm
net139,1.14µm
_00672_,1.02µm
_00782_,1.02µm
_00998_,1.02µm
_01023_,1.02µm
_02347_,1.02µm
_02814_,1.02µm
_03803_,1.02µm
_04835_,1.02µm
_00668_,0.92µm
_00733_,0.92µm
_00876_,0.92µm
_01009_,0.92µm
_01212_,0.92µm
_01533_,0.92µm
_01564_,0.92µm
_02184_,0.92µm
_02221_,0.92µm
_03231_,0.92µm
_03410_,0.92µm
_03446_,0.92µm
_03534_,0.92µm
_03799_,0.92µm
_04026_,0.92µm
_04256_,0.92µm
_04464_,0.92µm
_04525_,0.92µm
_04533_,0.92µm
_04854_,0.92µm
_04904_,0.92µm
_05098_,0.92µm
_06093_,0.92µm
net14,0.92µm
_00927_,0.8µm
_01108_,0.8µm
_01849_,0.8µm
_02177_,0.8µm
_04520_,0.8µm
_05719_,0.8µm
_05878_,0.8µm
mac_acc_out3\[77\],0.8µm
mac_acc_out3\[81\],0.8µm
u_MAC14.mac_weight\[7\],0.8µm
_01083_,0.46µm
_01603_,0.46µm
_01871_,0.46µm
_01883_,0.46µm
_01966_,0.46µm
_02520_,0.46µm
_02569_,0.46µm
_03270_,0.46µm
_04640_,0.46µm
_04704_,0.46µm
_04790_,0.46µm
_04884_,0.46µm
_05082_,0.46µm
_05785_,0.46µm
_06077_,0.46µm
_06335_,0.46µm
_06365_,0.46µm
_06382_,0.46µm
net825,0.46µm
net840,0.46µm
